"Data Source","World Development Indicators",

"Last Updated Date","2026-04-08",

"Country Name","Country Code","Indicator Name","Indicator Code","1960","1961","1962","1963","1964","1965","1966","1967","1968","1969","1970","1971","1972","1973","1974","1975","1976","1977","1978","1979","1980","1981","1982","1983","1984","1985","1986","1987","1988","1989","1990","1991","1992","1993","1994","1995","1996","1997","1998","1999","2000","2001","2002","2003","2004","2005","2006","2007","2008","2009","2010","2011","2012","2013","2014","2015","2016","2017","2018","2019","2020","2021","2022","2023","2024","2025",
"Aruba","ABW","Labor force, total","SL.TLF.TOTL.IN","","","","","","","","","","","","","","","","","","","","","","","","","","","","","","","","","","","","","","","","","","","","","","","","","","","","","","","","","","","","","","","","","","",
"Africa Eastern and Southern","AFE","Labor force, total","SL.TLF.TOTL.IN","","","","","","","","","","","","","","","","","","","","","","","","","","","","","","","121895325","125564573","129172880","132861621","136840328","140779265","144315891","147794549","151806301","156114060","160532909","165077374","169867381","174808789","179796039","184939364","189833993","194763519","199885621","204642061","209603737","216593145","220782640","230020954","234282265","240328676","245924910","251170980","257765403","264515662","268425249","277268587","287406365","286716203","290536403","299259550",
"Afghanistan","AFG","Labor force, total","SL.TLF.TOTL.IN","","","","","","","","","","","","","","","","","","","","","","","","","","","","","","","2974181","3009251","3248953","3636608","3930551","4100434","4239207","4372875","4509602","4651589","4684205","4702818","4947295","5259694","5459174","5672338","5937185","6089849","6273854","6563683","6823542","7149401","7518518","7857574","8229616","8575264","8883595","9223903","9215046","9192643","9060510","9128262","8617545","8846502","9145340","9433041",
"Africa Western and Central","AFW","Labor force, total","SL.TLF.TOTL.IN","","","","","","","","","","","","","","","","","","","","","","","","","","","","","","","86073599","88811572","91796466","94753565","97834617","100818466","103657135","106638923","109763068","112983218","116104360","119319649","122566194","125844040","129286401","132705270","136190643","139754466","143298703","147016162","150676077","154654898","158619556","162414039","166240287","170478876","175381549","179638384","184477200","189456579","191755366","199049398","207075183","215067825","221658072","228165613",
"Angola","AGO","Labor force, total","SL.TLF.TOTL.IN","","","","","","","","","","","","","","","","","","","","","","","","","","","","","","","4924638","5078829","5234382","5391763","5558037","5741253","5938382","6147010","6362468","6582797","6813281","7055911","7311174","7582160","7870095","8170696","8483347","8810729","9150465","9502781","9873442","10270426","10636117","11009075","11376942","11740075","12119717","12515803","12917977","13331298","13484525","14529142","14812783","15255232","15787244","16321277",
"Albania","ALB","Labor force, total","SL.TLF.TOTL.IN","","","","","","","","","","","","","","","","","","","","","","","","","","","","","","","1408834","1508188","1527908","1491699","1460475","1416048","1384852","1414713","1386216","1349592","1329781","1305821","1304298","1290479","1275726","1259700","1241897","1222005","1201455","1247208","1259163","1376922","1299606","1184290","1194487","1227883","1254637","1256406","1267869","1273761","1238064","1227911","1261497","1279356","1265271","1262236",
"Andorra","AND","Labor force, total","SL.TLF.TOTL.IN","","","","","","","","","","","","","","","","","","","","","","","","","","","","","","","","","","","","","","","","","","","","","","","","","","","","","","","","","","","","","","","","","","",
"Arab World","ARB","Labor force, total","SL.TLF.TOTL.IN","","","","","","","","","","","","","","","","","","","","","","","","","","","","","","","60540033","62371261","64609299","67108576","69720782","71565615","73615393","75627568","77718394","80918329","82938192","84623937","86083685","89054609","92131264","95385337","98939025","102860607","105996614","109358819","112953785","115864212","118194109","121494804","124397913","126292366","129289455","129780087","130644318","132547105","132005114","134965857","140926434","134541479","136499778","139410615",
"United Arab Emirates","ARE","Labor force, total","SL.TLF.TOTL.IN","","","","","","","","","","","","","","","","","","","","","","","","","","","","","","","993900","1065917","1139611","1217956","1294180","1373245","1477735","1607913","1749621","1901019","2060609","2229575","2406156","2586345","2768037","2952666","3202706","3609902","4037891","4270876","4376792","4542648","4738061","4948156","5205610","5517279","5830903","6046380","6158515","6256531","6178311","6160044","6499963","6873426","7233386","7424844",
"Argentina","ARG","Labor force, total","SL.TLF.TOTL.IN","","","","","","","","","","","","","","","","","","","","","","","","","","","","","","","13464669","13899045","14312489","14742103","15116295","15243917","15613030","16058261","16382407","16481391","16658086","16713495","16535085","17011226","17502349","17624307","17955872","18001087","18041663","18399678","18468692","18857586","19006986","19111596","19177885","19343227","19497873","19643677","20125838","20580300","19317784","20993886","21566906","22069879","22161435","22422031",
"Armenia","ARM","Labor force, total","SL.TLF.TOTL.IN","","","","","","","","","","","","","","","","","","","","","","","","","","","","","","","1631762","1655662","1616135","1533771","1475516","1441118","1426441","1412814","1411779","1422494","1475960","1493640","1500767","1502199","1503545","1506023","1509698","1513707","1503687","1531465","1522315","1509387","1499083","1494270","1485574","1477065","1469687","1456321","1448464","1387309","1448279","1467125","1399516","1430641","1467933","1449654",
"American Samoa","ASM","Labor force, total","SL.TLF.TOTL.IN","","","","","","","","","","","","","","","","","","","","","","","","","","","","","","","","","","","","","","","","","","","","","","","","","","","","","","","","","","","","","","","","","","",
"Antigua and Barbuda","ATG","Labor force, total","SL.TLF.TOTL.IN","","","","","","","","","","","","","","","","","","","","","","","","","","","","","","","","","","","","","","","","","","","","","","","","","","","","","","","","","","","","","","","","","","",
"Australia","AUS","Labor force, total","SL.TLF.TOTL.IN","","","","","","","","","","","","","","","","","","","","","","","","","","","","","","","8500719","8539975","8607321","8638153","8799524","8996098","9118415","9179631","9271447","9358682","9542614","9713101","9859433","10032150","10143548","10443456","10664324","10951719","11241263","11482552","11675443","11857590","12022336","12191663","12332149","12568796","12744765","13022869","13344850","13618789","13583584","13859964","14230223","14646578","14907959","15033307",
"Austria","AUT","Labor force, total","SL.TLF.TOTL.IN","","","","","","","","","","","","","","","","","","","","","","","","","","","","","","","3524952","3585317","3674884","3717260","3827748","3846779","3823952","3815158","3848029","3874871","3883391","3872867","3955409","3985902","3946112","4012358","4078846","4165230","4207426","4248651","4265488","4291049","4340007","4382851","4407077","4460463","4541001","4567690","4608423","4627750","4607777","4650207","4715201","4762160","4763195","4731937",
"Azerbaijan","AZE","Labor force, total","SL.TLF.TOTL.IN","","","","","","","","","","","","","","","","","","","","","","","","","","","","","","","3301133","3345875","3518607","3732857","3946235","4107634","4172243","4211106","4232868","4281195","4306234","4283030","4260614","4242455","4179032","4180297","4157327","4042762","4094522","4219228","4281288","4368984","4449918","4508074","4602987","4693026","4809412","4876185","4955866","4998924","5197914","4963081","5071753","5073676","5097655","5118728",
"Burundi","BDI","Labor force, total","SL.TLF.TOTL.IN","","","","","","","","","","","","","","","","","","","","","","","","","","","","","","","2581935","2607838","2664991","2457056","2445092","2681962","2631487","2586586","2636111","2711621","2766896","2838292","2918476","3009287","3123186","3227287","3316162","3458975","3627058","3843653","4037123","4169441","4302379","4439368","4568956","4650400","4696640","4797040","4958957","5145487","5256681","5484419","5691432","5893737","6097715","6308213",
"Belgium","BEL","Labor force, total","SL.TLF.TOTL.IN","","","","","","","","","","","","","","","","","","","","","","","","","","","","","","","3938244","4027934","4070771","4096201","4162431","4194014","4204594","4226864","4260848","4368200","4412646","4307825","4358408","4395670","4480433","4627612","4647632","4735412","4779497","4801697","4901576","4884172","4917260","4966858","4984459","4994454","5001167","5037325","5093485","5146209","5124712","5217415","5320892","5365023","5432908","5433161",
"Benin","BEN","Labor force, total","SL.TLF.TOTL.IN","","","","","","","","","","","","","","","","","","","","","","","","","","","","","","","2052309","2116070","2182477","2300455","2394402","2427651","2486709","2563287","2648475","2737746","2830348","2925855","3024243","3128205","3235131","3353095","3468401","3577425","3695226","3820397","3950053","4080183","4235463","4393926","4557889","4727555","4901776","5081385","5267149","5459336","5605006","5877845","6074872","6260192","6447181","6644562",
"Burkina Faso","BFA","Labor force, total","SL.TLF.TOTL.IN","","","","","","","","","","","","","","","","","","","","","","","","","","","","","","","4077503","4170246","4252688","4344231","4444988","4553094","4663584","4779014","4913899","5068035","5231474","5404652","5585808","5771423","5960801","6152177","6339851","6517021","6684501","6852468","7026133","7209651","7407953","7612290","7823803","8047980","8284194","8529005","8776683","9029420","9036235","9191515","9286105","9442280","9601936","9914873",
"Bangladesh","BGD","Labor force, total","SL.TLF.TOTL.IN","","","","","","","","","","","","","","","","","","","","","","","","","","","","","","","36309221","37393210","38518429","39681340","40903868","42190668","43526326","44900980","46289164","47683629","49048139","50230500","51244757","52208969","53140734","54049068","54908227","55892527","56846810","57807404","58796583","59281113","59869794","60484221","61204476","61920877","62629015","66147765","67683856","69165404","70314500","72637932","74651451","74789575","73619393","74739682",
"Bulgaria","BGR","Labor force, total","SL.TLF.TOTL.IN","","","","","","","","","","","","","","","","","","","","","","","","","","","","","","","3491632","3470217","3450609","3433418","3432780","3427355","3413411","3450756","3432014","3458070","3441466","3494894","3404016","3340007","3379275","3314525","3421452","3500732","3562863","3489069","3424396","3339707","3358087","3333973","3290417","3259536","3159813","3235284","3181267","3209606","3132138","3082471","3134677","3134615","3100224","3073503",
"Bahrain","BHR","Labor force, total","SL.TLF.TOTL.IN","","","","","","","","","","","","","","","","","","","","","","","","","","","","","","","228153","221644","227938","234206","240964","248109","255751","264086","273175","282954","293400","307924","335569","366810","401712","445275","494758","551013","602188","661715","701770","677360","693460","719472","745356","777303","818900","871711","868320","846623","816393","837039","867174","903224","911274","932073",
"Bahamas, The","BHS","Labor force, total","SL.TLF.TOTL.IN","","","","","","","","","","","","","","","","","","","","","","","","","","","","","","","140803","144678","148521","152275","155918","159055","162113","165102","168035","170893","173823","176723","179578","182667","185918","189152","192637","196607","200608","204367","208102","211745","215079","218257","221339","224301","227165","230010","232799","235355","216992","223263","239500","241834","243754","245159",
"Bosnia and Herzegovina","BIH","Labor force, total","SL.TLF.TOTL.IN","","","","","","","","","","","","","","","","","","","","","","","","","","","","","","","1825158","1852103","1756129","1591188","1506562","1503812","1586917","1665533","1706529","1737464","1760409","1779186","1792171","1792383","1779371","1760240","1749717","1732512","1707270","1678662","1646045","1611361","1578701","1549763","1526206","1503962","1480171","1457512","1434054","1409096","1353715","1339593","1355798","1366194","1354967","1340707",
"Belarus","BLR","Labor force, total","SL.TLF.TOTL.IN","","","","","","","","","","","","","","","","","","","","","","","","","","","","","","","4646286","4639406","4663584","4687143","4719999","4754039","4745323","4716116","4721707","4752493","4815953","4871194","4907156","4931485","4948132","4959928","4973237","4990775","5018075","5048840","5073617","5090448","5096141","5097773","5098253","5097379","5092675","5079681","5054114","5025008","4982156","4938726","4907541","4861854","4835456","4789298",
"Belize","BLZ","Labor force, total","SL.TLF.TOTL.IN","","","","","","","","","","","","","","","","","","","","","","","","","","","","","","","56410","58218","60104","61794","63461","66725","70561","74916","78094","82388","86164","89869","93582","97414","101380","105467","109679","114014","118461","123041","127831","132775","137751","142809","149447","155137","161442","166282","179388","189886","151949","171060","170023","172940","174087","184286",
"Bermuda","BMU","Labor force, total","SL.TLF.TOTL.IN","","","","","","","","","","","","","","","","","","","","","","","","","","","","","","","","","","","","","","","","","","","","","","","","","","","","","","","","","","","","","","","","","","",
"Bolivia","BOL","Labor force, total","SL.TLF.TOTL.IN","","","","","","","","","","","","","","","","","","","","","","","","","","","","","","","2937020","3018790","3086352","3169634","3258009","3347466","3436510","3529691","3599373","3669870","3741182","3814211","3888572","3965089","4045470","4128982","4215393","4303228","4391217","4479358","4567789","4656895","4745827","4834468","4923587","5012447","5100033","5298716","5649910","5946418","5890135","6426918","6569575","6704214","6827098","6980187",
"Brazil","BRA","Labor force, total","SL.TLF.TOTL.IN","","","","","","","","","","","","","","","","","","","","","","","","","","","","","","","62225754","63803243","65654226","67538482","69427335","71346700","71163065","73815138","75725311","78290799","80295093","82302317","85201661","86792831","89058034","91599988","92726865","93712199","95054971","96857149","96467543","95987652","96690220","97945820","98900006","100587656","101885554","103476109","104554923","106262669","100001874","104085430","106610573","106356432","107871864","108318282",
"Barbados","BRB","Labor force, total","SL.TLF.TOTL.IN","","","","","","","","","","","","","","","","","","","","","","","","","","","","","","","134200","134474","134536","136388","138085","140568","139437","140167","140921","141586","141943","142669","143924","145129","147603","148476","149367","150206","150841","151202","151410","151562","149937","152318","148747","147528","149786","150789","150452","149274","145656","144514","151781","151472","151889","151620",
"Brunei Darussalam","BRN","Labor force, total","SL.TLF.TOTL.IN","","","","","","","","","","","","","","","","","","","","","","","","","","","","","","","111227","114327","118249","122467","126837","131354","135999","140730","145533","150477","155602","160781","165377","169865","174224","178441","182482","185717","188400","191439","194946","198704","202249","205548","208771","211934","215000","218025","225919","223877","224330","227037","230003","234630","236334","237763",
"Bhutan","BTN","Labor force, total","SL.TLF.TOTL.IN","","","","","","","","","","","","","","","","","","","","","","","","","","","","","","","237503","241880","233433","224823","225719","224336","226241","232244","239059","247167","256106","265537","275468","285884","296828","307038","315480","323188","330817","338169","337478","340377","331207","341708","333159","341579","346258","351309","356713","384922","400199","414321","384122","401407","406288","411263",
"Botswana","BWA","Labor force, total","SL.TLF.TOTL.IN","","","","","","","","","","","","","","","","","","","","","","","","","","","","","","","448456","462465","478227","495609","513293","530690","547728","564216","581158","593811","605662","627315","647894","667858","688033","708319","728696","758634","789289","820510","802345","828613","849151","865462","882070","899557","918682","939892","962977","987878","973488","1036012","1065472","1146757","1173288","1199393",
"Central African Republic","CAF","Labor force, total","SL.TLF.TOTL.IN","","","","","","","","","","","","","","","","","","","","","","","","","","","","","","","1153553","1183381","1216479","1252544","1290317","1323404","1355925","1393563","1432785","1474543","1518605","1553600","1590065","1632285","1669525","1709327","1743041","1773114","1808786","1789770","1766478","1784613","1785548","1778738","1746738","1733211","1764993","1794130","1825321","1850874","1867628","1893361","1901019","1923117","1995930","2076374",
"Canada","CAN","Labor force, total","SL.TLF.TOTL.IN","","","","","","","","","","","","","","","","","","","","","","","","","","","","","","","14657129","14723928","14690496","14776360","14916387","15019710","15170582","15409638","15645133","15924535","16186923","16454900","16941931","17341662","17554856","17706025","17980234","18289463","18579576","18747581","18934218","19112505","19332146","19544962","19594831","19705946","19857477","20155417","20391340","20799435","20505333","21005652","21454656","22189334","22690597","22837209",
"Central Europe and the Baltics","CEB","Labor force, total","SL.TLF.TOTL.IN","","","","","","","","","","","","","","","","","","","","","","","","","","","","","","","48897808","49065500","49033701","48952776","48876113","48659079","48573884","48544522","48568499","48610372","48344815","48594265","48255210","48250494","48288936","48362681","48356935","48392965","48659615","48086538","48679625","48482057","48669781","48638227","48907395","49020589","48931220","49208941","49097537","49014438","48528787","48626191","49010307","49220026","49034429","48493102",
"Switzerland","CHE","Labor force, total","SL.TLF.TOTL.IN","","","","","","","","","","","","","","","","","","","","","","","","","","","","","","","3599978","3649724","3678755","3722974","3688719","3716027","3926340","3931532","3978049","3993466","3994754","4061716","4106054","4152630","4156420","4176168","4237789","4307426","4411012","4480494","4449019","4537669","4595555","4653184","4739164","4810503","4894095","4927955","4963632","4978225","4988638","5007036","5000225","5095827","5139536","5138790",
"Channel Islands","CHI","Labor force, total","SL.TLF.TOTL.IN","","","","","","","","","","","","","","","","","","","","","","","","","","","","","","","68629","69285","69426","69340","69409","69753","70239","70763","71422","72246","72850","73299","73947","74595","75346","76281","76999","77752","78495","79158","80263","80088","80805","81067","80973","81514","81720","81753","81872","82103","81350","82146","82427","81944","81828","81617",
"Chile","CHL","Labor force, total","SL.TLF.TOTL.IN","","","","","","","","","","","","","","","","","","","","","","","","","","","","","","","4956423","5120213","5322228","5480115","5623118","5812124","5980808","6086471","6211120","6313009","6343733","6355065","6411103","6589050","6752634","6916575","7184183","7369317","7648250","7744258","8137781","8444195","8560000","8693613","8855370","8996276","9146668","9423968","9671888","9843775","8906788","9171143","9670728","9991796","10223511","10326077",
"China","CHN","Labor force, total","SL.TLF.TOTL.IN","","","","","","","","","","","","","","","","","","","","","","","","","","","","","","","639912098","646245556","652547071","658329022","664565882","671238114","678359927","686473251","694011207","700431310","706837950","715928584","725938760","735682023","744936890","754465388","761959276","766486940","769779554","772141043","773873234","778275581","779022561","779251311","780370287","781077009","780932880","779166682","776868988","775928449","760877838","781187865","770113477","774607590","768163717","767626880",
"Cote d'Ivoire","CIV","Labor force, total","SL.TLF.TOTL.IN","","","","","","","","","","","","","","","","","","","","","","","","","","","","","","","4176181","4358646","4551689","4752650","4960891","5176501","5398868","5627257","5858115","6073240","6253233","6429804","6605404","6779544","6954406","7133415","7317090","7505748","7771201","8106769","8433828","8749188","9048653","9300688","9534174","9764168","10013267","10180365","10349949","10522774","10849289","11390094","11906614","12285672","12671518","13067763",
"Cameroon","CMR","Labor force, total","SL.TLF.TOTL.IN","","","","","","","","","","","","","","","","","","","","","","","","","","","","","","","5015683","5162902","5313963","5472246","5636469","5805250","5980972","6164040","6351361","6540493","6732947","6932629","7143935","7362216","7583440","7807548","8035172","8274850","8349018","8404820","8440780","8576769","8709448","8842713","9008472","9206366","9380946","9535157","9687110","9850728","9926685","10140896","10499324","10831875","11175287","11466010",
"Congo, Dem. Rep.","COD","Labor force, total","SL.TLF.TOTL.IN","","","","","","","","","","","","","","","","","","","","","","","","","","","","","","","14731105","15219255","15730621","16300900","17180110","17932971","18103264","18208440","18645056","19285887","19902693","20532886","21155380","21759296","22393319","23088764","23509900","23897816","24276075","24679893","25138984","25643565","26140390","26942408","27761167","28575856","29526034","30551551","31449816","32284525","32851843","34004531","35515220","36727006","37985198","39217778",
"Congo, Rep.","COG","Labor force, total","SL.TLF.TOTL.IN","","","","","","","","","","","","","","","","","","","","","","","","","","","","","","","912788","941577","971096","1003287","1036044","1067350","1099192","1121663","1146125","1180982","1237677","1294826","1326298","1366485","1419604","1477494","1539544","1601048","1654680","1725290","1800569","1854917","1899642","1936631","1975476","2016975","2062331","2112071","2165299","2221302","2175569","2257465","2408846","2481698","2558880","2641346",
"Colombia","COL","Labor force, total","SL.TLF.TOTL.IN","","","","","","","","","","","","","","","","","","","","","","","","","","","","","","","13885610","14232845","14632018","15073455","15534013","15992545","16381915","16820790","17193959","17423725","17848151","18236154","18340323","18966234","19153768","19163184","19349955","19533984","20022584","21321685","21788403","22348779","22946523","23081167","23376219","23769792","23971867","24367946","24727292","25000012","25151123","25915910","25828593","26478562","26786696","27099025",
"Comoros","COM","Labor force, total","SL.TLF.TOTL.IN","","","","","","","","","","","","","","","","","","","","","","","","","","","","","","","98348","100809","102704","104138","105656","107292","109062","111013","113180","115707","118516","121375","124260","127081","130361","135802","141390","147128","153038","159104","165266","171513","177826","183981","189935","201635","213692","226302","239430","252874","264785","279968","288181","295028","301817","310841",
"Cabo Verde","CPV","Labor force, total","SL.TLF.TOTL.IN","","","","","","","","","","","","","","","","","","","","","","","","","","","","","","","124052","126796","129540","132320","135145","137998","140888","143859","146938","150159","153739","157762","161946","166090","170161","174138","178016","181799","185468","188994","204374","207854","210577","212810","214593","215930","216787","217299","204314","211472","196815","201583","216497","219684","222880","226448",
"Costa Rica","CRI","Labor force, total","SL.TLF.TOTL.IN","","","","","","","","","","","","","","","","","","","","","","","","","","","","","","","1146377","1162715","1180500","1236713","1286844","1351531","1345220","1441542","1526529","1573058","1596716","1679060","1710423","1762605","1771024","1888687","1911390","1978866","2003972","2030924","2027352","2114264","2283817","2299128","2357268","2344336","2262369","2300637","2422784","2534006","2419333","2491035","2504874","2340628","2402966","2427166",
"Caribbean small states","CSS","Labor force, total","SL.TLF.TOTL.IN","","","","","","","","","","","","","","","","","","","","","","","","","","","","","","","1324154","1342701","1364264","1384811","1412499","1443111","1470469","1494850","1518431","1541512","1565394","1589762","1614470","1654287","1694192","1701135","1724849","1743233","1764914","1776071","1787136","1799840","1831155","1855294","1876500","1887105","1900016","1912725","1945639","1945637","1822056","1865871","1926206","1954501","1957741","1973781",
"Cuba","CUB","Labor force, total","SL.TLF.TOTL.IN","","","","","","","","","","","","","","","","","","","","","","","","","","","","","","","4287333","4337357","4376160","4401596","4440041","4475989","4518840","4559835","4601430","4651037","4697933","4738313","4773419","4810512","4850406","4898212","4944666","4981194","5010521","5142082","5096065","5121797","5148474","5174923","5195184","5217686","5229123","5231805","5224481","5204593","4943318","4945430","5005156","4949822","4895340","4855941",
"Curacao","CUW","Labor force, total","SL.TLF.TOTL.IN","","","","","","","","","","","","","","","","","","","","","","","","","","","","","","","","","","","","","","","","","","","","","","","","","","","","","","","","","","","","","","","","","","",
"Cayman Islands","CYM","Labor force, total","SL.TLF.TOTL.IN","","","","","","","","","","","","","","","","","","","","","","","","","","","","","","","","","","","","","","","","","","","","","","","","","","","","","","","","","","","","","","","","","","",
"Cyprus","CYP","Labor force, total","SL.TLF.TOTL.IN","","","","","","","","","","","","","","","","","","","","","","","","","","","","","","","357356","365398","369147","376868","385822","395306","405086","414925","424717","434538","444571","467154","477404","498316","512182","525197","538627","556863","569349","583119","600971","610147","623910","635175","651925","657397","663048","678816","698503","715150","719491","735675","755975","767136","765938","770268",
"Czechia","CZE","Labor force, total","SL.TLF.TOTL.IN","","","","","","","","","","","","","","","","","","","","","","","","","","","","","","","5000592","5007238","5048967","5090175","5148804","5169680","5173419","5184785","5198829","5218700","5175714","5146214","5141940","5134951","5133307","5175001","5192187","5188860","5203709","5244400","5230927","5223171","5253910","5300303","5296601","5305064","5344644","5370664","5405110","5394887","5343016","5242069","5369986","5536510","5593139","5513783",
"Germany","DEU","Labor force, total","SL.TLF.TOTL.IN","","","","","","","","","","","","","","","","","","","","","","","","","","","","","","","38773764","39933754","39856048","39750111","39987604","39847771","39843177","40090327","40123592","40339143","40210993","40298909","40394421","40574932","40416992","41133962","41693194","41795078","41800249","41823603","41860532","41522681","41764438","42179007","42451594","42693402","43118037","43391708","43612526","43981829","43372704","43283278","43561312","43771247","43801773","43199538",
"Djibouti","DJI","Labor force, total","SL.TLF.TOTL.IN","","","","","","","","","","","","","","","","","","","","","","","","","","","","","","","114481","124928","124191","122156","124951","126574","130092","135702","142357","148244","153611","159154","164728","168680","171328","174207","178121","182681","187172","191812","196416","200952","205479","210033","214643","219291","223972","228680","233398","238047","240671","247690","252945","258002","263018","267610",
"Dominica","DMA","Labor force, total","SL.TLF.TOTL.IN","","","","","","","","","","","","","","","","","","","","","","","","","","","","","","","","","","","","","","","","","","","","","","","","","","","","","","","","","","","","","","","","","","",
"Denmark","DNK","Labor force, total","SL.TLF.TOTL.IN","","","","","","","","","","","","","","","","","","","","","","","","","","","","","","","2869645","2876612","2879282","2858653","2780928","2820861","2834685","2851413","2837498","2873210","2861618","2851668","2881404","2877534","2901221","2902668","2933792","2931561","2924360","2914657","2893686","2892968","2877238","2854299","2869233","2899972","2943425","2970148","2992952","3034322","3032944","3076617","3147518","3189737","3277500","3287645",
"Dominican Republic","DOM","Labor force, total","SL.TLF.TOTL.IN","","","","","","","","","","","","","","","","","","","","","","","","","","","","","","","2483685","2547830","2629118","2705093","2774070","2849794","2926830","3009885","3090644","3171281","3248886","3248577","3333649","3348018","3431434","3488715","3602821","3668718","3765044","3696350","3849571","4020502","4180944","4239112","4327340","4581646","4689168","4755988","4935940","5117215","4805608","5099149","5169749","5323558","5424140","5512758",
"Algeria","DZA","Labor force, total","SL.TLF.TOTL.IN","","","","","","","","","","","","","","","","","","","","","","","","","","","","","","","6716777","6977299","7198682","7429564","7673802","7908611","8155850","8369970","8590732","8830321","9070882","9308223","9534659","9754476","9976118","10191263","10408612","10631111","10864872","11105183","11421278","11586989","11731223","11845414","11933136","12057287","12191778","12361094","12518797","12673323","11586994","11881915","13145205","13290460","13425069","13556625",
"East Asia & Pacific (excluding high income)","EAP","Labor force, total","SL.TLF.TOTL.IN","","","","","","","","","","","","","","","","","","","","","","","","","","","","","","","844576704","855664330","867680325","877983289","891126199","903497367","916432087","929276567","942948967","954726535","967103304","981570389","994643052","1008729900","1023265685","1036012615","1048300832","1062122494","1071184791","1079125085","1086924142","1098795854","1105075955","1107910558","1114249213","1118869342","1121855394","1122830532","1127500780","1131009705","1112810972","1132761849","1133872291","1144337266","1141692805","1145113264",
"Early-demographic dividend","EAR","Labor force, total","SL.TLF.TOTL.IN","","","","","","","","","","","","","","","","","","","","","","","","","","","","","","","719443295","739709247","760132803","778057933","800687606","821907921","846248477","871644702","897868865","924225274","948733712","969543174","988144255","1010274731","1033749229","1055156632","1071828821","1091679519","1106193220","1123022129","1141359093","1159519042","1179070299","1198749227","1216975963","1238230036","1258173377","1278133662","1298625978","1319242075","1307012741","1346271066","1392418772","1431647665","1463913151","1487398362",
"East Asia & Pacific","EAS","Labor force, total","SL.TLF.TOTL.IN","","","","","","","","","","","","","","","","","","","","","","","","","","","","","","","951281461","964508444","978160796","989446209","1004043710","1017673785","1032070181","1046325510","1060011832","1072156329","1085239922","1100259271","1113558322","1127692448","1142874087","1156428634","1169709339","1184561571","1194280992","1202435209","1210777176","1223225026","1230163705","1234156747","1241836428","1247494259","1251768356","1254071330","1260516948","1265385046","1246767634","1267027273","1269404835","1281423115","1279733335","1283193744",
"Europe & Central Asia (excluding high income)","ECA","Labor force, total","SL.TLF.TOTL.IN","","","","","","","","","","","","","","","","","","","","","","","","","","","","","","","85694499","87020704","87822538","87236342","89095946","89486099","89705741","89672402","90294675","90996614","90565340","91224566","91925389","92056171","91525221","91993849","92447262","92953909","93978622","95411363","96740286","98380048","99152024","100294706","101121350","102458244","103819879","104917893","105914523","106489912","103888379","105704179","87933796","88878891","90417821","90802237",
"Europe & Central Asia","ECS","Labor force, total","SL.TLF.TOTL.IN","","","","","","","","","","","","","","","","","","","","","","","","","","","","","","","386889735","389912628","389553872","386964626","387423665","387785573","388440959","388209362","389496798","396212016","397088955","397223974","400636928","402882993","404990938","408662473","412034757","415221807","419096834","420559290","422852336","424699264","427207173","428772932","430221374","432220223","434904484","436748196","438818093","439462478","433867329","437862590","422920251","426913567","429196611","427317166",
"Ecuador","ECU","Labor force, total","SL.TLF.TOTL.IN","","","","","","","","","","","","","","","","","","","","","","","","","","","","","","","4043976","4169617","4280876","4390835","4516529","4629670","4740530","4912617","5196031","5202482","5202036","5375207","5554493","5740735","6069723","6169877","6409972","6449993","6581958","6478792","6489520","6540161","6757347","6882742","7072058","7577726","7985502","8229598","8250992","8393240","7753251","8597736","8739737","8695838","8842169","8977208",
"Egypt, Arab Rep.","EGY","Labor force, total","SL.TLF.TOTL.IN","","","","","","","","","","","","","","","","","","","","","","","","","","","","","","","16098397","16639933","17287797","18050843","18936961","19086778","19361060","19639085","19954542","21254606","21302020","21324246","21097168","22178983","23289758","24412249","25528081","26632069","26970086","27711440","29112224","29381900","29870854","30519334","30992087","30851683","31224055","30714881","30208878","30072045","30264331","31865548","32394044","34567534","35343331","36106369",
"Euro area","EMU","Labor force, total","SL.TLF.TOTL.IN","","","","","","","","","","","","","","","","","","","","","","","","","","","","","","","142922013","144723314","144375330","144528955","145162773","145292063","146295756","147112058","148214129","149535862","150383393","150589295","152503379","154613675","156123108","158202593","160059131","161417590","162913668","163202145","163440062","163081078","164263621","164558247","164674051","165042636","165794871","166491924","167362231","168067315","165964931","167731978","170016224","171971476","172717220","171676577",
"Eritrea","ERI","Labor force, total","SL.TLF.TOTL.IN","","","","","","","","","","","","","","","","","","","","","","","","","","","","","","","913101","860903","804732","831950","858389","920751","974960","974297","977121","983703","993784","1025865","1069583","1126875","1185070","1214595","1230528","1244963","1283339","1320001","1348098","1375299","1395116","1415251","1420197","1424066","1431240","1445587","1469550","1498780","1520345","1572766","1624123","1667350","1713432","1763700",
"Spain","ESP","Labor force, total","SL.TLF.TOTL.IN","","","","","","","","","","","","","","","","","","","","","","","","","","","","","","","15543853","15683050","15906261","16134954","16472363","16598448","16869991","17194770","17451500","17764327","18277062","18160478","18992358","19763085","20447306","21228524","21942920","22532489","23164314","23401615","23521339","23587175","23600235","23404018","23180626","23132898","23054343","23026725","23008131","23229297","22918332","23392854","23770575","24153349","24604513","24486385",
"Estonia","EST","Labor force, total","SL.TLF.TOTL.IN","","","","","","","","","","","","","","","","","","","","","","","","","","","","","","","829262","812068","775271","741475","727988","704562","690966","690530","674511","669211","677821","666902","654871","675532","677586","673275","692908","690796","695990","688923","682900","687635","683905","680463","675361","682925","691079","697564","702066","700344","700345","703200","735699","755414","757729","746793",
"Ethiopia","ETH","Labor force, total","SL.TLF.TOTL.IN","","","","","","","","","","","","","","","","","","","","","","","","","","","","","","","20948603","21887173","22824157","23576334","24344201","25115740","25873998","26611701","27345147","28108768","28908590","29763416","30693682","31680622","32712513","33787143","34890453","36075624","37333059","38658811","40076847","41585929","43162700","44769587","45540789","46289893","47024057","47739835","48392305","48989009","49138941","49963936","51764455","53419507","55099611","56779061",
"European Union","EUU","Labor force, total","SL.TLF.TOTL.IN","","","","","","","","","","","","","","","","","","","","","","","","","","","","","","","189651701","191639771","191353999","191460639","192029518","192106944","193088651","193922790","195047752","196526270","197119935","197723098","199347341","201402828","202977707","205283504","207222668","208631573","210385919","210152852","211084691","210669487","212061855","212414813","212792619","213365352","214192623","215289490","216162468","216922893","214368725","216270556","218966868","221211061","221865826","220421571",
"Fragile and conflict affected situations","FCS","Labor force, total","SL.TLF.TOTL.IN","","","","","","","","","","","","","","","","","","","","","","","","","","","","","","","191917203","197039087","202529789","207968575","214164769","220365092","225347694","230284033","235766016","241592550","247176573","252779985","258596611","264624956","270964390","277317034","283575989","290028999","296406719","303190627","310123799","317459233","323794517","330977483","337492854","343315347","349871227","356101042","362742814","368512393","369532586","377480035","370313454","370739463","374780119","385558552",
"Finland","FIN","Labor force, total","SL.TLF.TOTL.IN","","","","","","","","","","","","","","","","","","","","","","","","","","","","","","","2604785","2567500","2529602","2510536","2491238","2469694","2460830","2509396","2525317","2576050","2601528","2634098","2654217","2665244","2665989","2697022","2716612","2683761","2715342","2686552","2672403","2691855","2695628","2687096","2681812","2693252","2693204","2708034","2745547","2749091","2744434","2799945","2846126","2863035","2871471","2873200",
"Fiji","FJI","Labor force, total","SL.TLF.TOTL.IN","","","","","","","","","","","","","","","","","","","","","","","","","","","","","","","283522","287024","289705","292893","295866","299221","302916","307837","313729","319513","324912","329834","334431","338779","342970","339184","350534","361736","372107","381674","391050","400338","393959","386863","379358","376446","373395","373627","373851","374639","354223","359413","379661","383856","387456","390290",
"France","FRA","Labor force, total","SL.TLF.TOTL.IN","","","","","","","","","","","","","","","","","","","","","","","","","","","","","","","25871210","25748991","25968918","26135835","26228093","26380077","26684433","26651660","26832480","27142160","27313657","27441602","27809449","28339734","28513168","28829106","29008602","29271805","29464970","29692721","29781056","29815844","30074280","30287405","30194204","30261476","30280138","30347085","30534890","30500444","30289755","31188658","31586796","31826568","31859898","31827794",
"Faroe Islands","FRO","Labor force, total","SL.TLF.TOTL.IN","","","","","","","","","","","","","","","","","","","","","","","","","","","","","","","","","","","","","","","","","","","","","","","","","","","","","","","","","","","","","","","","","","",
"Micronesia, Fed. Sts.","FSM","Labor force, total","SL.TLF.TOTL.IN","","","","","","","","","","","","","","","","","","","","","","","","","","","","","","","","","","","","","","","","","","","","","","","","","","","","","","","","","","","","","","","","","","",
"Gabon","GAB","Labor force, total","SL.TLF.TOTL.IN","","","","","","","","","","","","","","","","","","","","","","","","","","","","","","","274946","281968","289892","297578","305559","313789","322506","331474","341055","352195","363325","374802","387276","400387","414676","429982","447318","465141","485449","506825","528908","552516","577623","603387","629020","653352","676184","697657","718038","737231","702619","728512","792686","810513","827520","844145",
"United Kingdom","GBR","Labor force, total","SL.TLF.TOTL.IN","","","","","","","","","","","","","","","","","","","","","","","","","","","","","","","28871734","28727933","28550612","28345122","28315845","28319114","28452872","28627262","28692713","28984316","29283662","29309697","29641396","29861693","30084688","30476257","30976247","31187174","31584306","31740291","31901655","32145413","32478183","32691654","32988577","33272547","33594470","33751477","34016301","34207438","34260316","34108417","34472367","34965327","35289735","35470266",
"Georgia","GEO","Labor force, total","SL.TLF.TOTL.IN","","","","","","","","","","","","","","","","","","","","","","","","","","","","","","","2708037","2758255","2816900","2883353","2891282","2766844","2619928","2498303","2431629","2381508","2341585","2304252","2282143","2246171","2228045","2202013","2177951","2145501","2136012","2121468","2087922","2052501","2023718","2008043","1997301","1985928","1972634","1957834","1893021","1854016","1864522","1783433","1863170","1878810","1885370","1891375",
"Ghana","GHA","Labor force, total","SL.TLF.TOTL.IN","","","","","","","","","","","","","","","","","","","","","","","","","","","","","","","6157090","6322267","6492065","6678510","6875670","7072775","7268201","7484566","7723595","7967563","8217643","8489686","8780391","9071660","9363454","9656788","9952251","10253841","10557369","10856911","11144747","11424206","11707315","11997060","12101554","12200598","12308859","12411296","12431335","12437098","12333934","12396107","12434883","12737097","13049107","13250486",
"Gibraltar","GIB","Labor force, total","SL.TLF.TOTL.IN","","","","","","","","","","","","","","","","","","","","","","","","","","","","","","","","","","","","","","","","","","","","","","","","","","","","","","","","","","","","","","","","","","",
"Guinea","GIN","Labor force, total","SL.TLF.TOTL.IN","","","","","","","","","","","","","","","","","","","","","","","","","","","","","","","2325771","2418170","2493175","2566695","2640814","2712099","2786881","2832862","2874189","2933852","2983857","3007705","3046057","3089081","3127578","3158236","3194077","3243009","3298093","3354492","3411704","3471253","3531500","3590645","3651040","3714419","3778710","3841450","3904140","3969628","4051774","4194116","4337819","4470129","4603413","4722818",
"Gambia, The","GMB","Labor force, total","SL.TLF.TOTL.IN","","","","","","","","","","","","","","","","","","","","","","","","","","","","","","","276238","287613","299048","309465","318248","326409","334893","344014","353541","363825","374537","385746","396730","409102","422236","435354","449455","464605","480666","497339","514388","530220","547788","565400","582683","600677","618571","637032","656084","675484","695109","716337","738066","760304","783461","807275",
"Guinea-Bissau","GNB","Labor force, total","SL.TLF.TOTL.IN","","","","","","","","","","","","","","","","","","","","","","","","","","","","","","","339101","347006","357762","369934","381647","391741","400611","409129","417652","426488","436113","446544","457500","468941","480912","493254","506064","519644","533881","548777","564397","580683","597640","615193","633206","651647","670517","689816","709612","722591","748181","785828","823140","847738","872544","899220",
"Equatorial Guinea","GNQ","Labor force, total","SL.TLF.TOTL.IN","","","","","","","","","","","","","","","","","","","","","","","","","","","","","","","166562","172803","179217","185854","192870","200366","208337","216820","225815","235345","248504","265392","283043","301433","320572","338269","354760","372547","391751","412481","434694","456996","479052","501639","524435","547117","569457","591358","612820","633862","607636","630607","687104","706195","722907","737977",
"Greece","GRC","Labor force, total","SL.TLF.TOTL.IN","","","","","","","","","","","","","","","","","","","","","","","","","","","","","","","4153774","4098074","4202526","4242086","4329587","4396119","4487051","4507484","4648334","4664083","4679182","4642262","4692781","4751371","4833969","4871505","4920904","4926848","4948462","5000038","5021719","4943412","4890730","4825291","4766187","4737907","4715851","4695990","4668888","4672995","4596339","4573547","4659964","4658631","4725479","4692676",
"Grenada","GRD","Labor force, total","SL.TLF.TOTL.IN","","","","","","","","","","","","","","","","","","","","","","","","","","","","","","","","","","","","","","","","","","","","","","","","","","","","","","","","","","","","","","","","","","",
"Greenland","GRL","Labor force, total","SL.TLF.TOTL.IN","","","","","","","","","","","","","","","","","","","","","","","","","","","","","","","","","","","","","","","","","","","","","","","","","","","","","","","","","","","","","","","","","","",
"Guatemala","GTM","Labor force, total","SL.TLF.TOTL.IN","","","","","","","","","","","","","","","","","","","","","","","","","","","","","","","3265718","3363858","3466856","3572608","3679765","3790257","3900013","4017853","4144342","4271791","4394451","4514365","4646801","4842105","4644836","4752127","4861633","4974966","5089817","5205207","5323040","5569717","6083825","5790992","6005384","6154180","6330012","6525645","6638657","6643821","6751370","7391464","7234412","7329032","7519217","7684762",
"Guam","GUM","Labor force, total","SL.TLF.TOTL.IN","","","","","","","","","","","","","","","","","","","","","","","","","","","","","","","70352","70979","71553","72113","72681","73253","73792","74317","74837","75341","75675","73861","70802","70941","71093","70966","73393","68168","70982","73751","73843","75707","75967","76126","76161","76100","75940","75652","75326","74816","71182","72348","76032","76663","77324","78007",
"Guyana","GUY","Labor force, total","SL.TLF.TOTL.IN","","","","","","","","","","","","","","","","","","","","","","","","","","","","","","","281352","282326","284774","287405","286813","285887","284621","283069","281313","279425","277438","275343","273295","274806","276503","278198","280011","281862","283580","285151","286522","287608","289063","291068","293074","295063","297021","298912","311302","297505","288992","294524","313338","319469","324618","326682",
"High income","HIC","Labor force, total","SL.TLF.TOTL.IN","","","","","","","","","","","","","","","","","","","","","","","","","","","","","","","568787007","574235940","577633203","578878190","582115574","586188505","591044500","595790084","599172662","608483067","613588135","615743865","620928923","625272127","631041602","638330024","646115220","653149015","660367636","662125434","664946783","667956483","673960401","678204668","682640509","687470836","693879525","698471600","703416672","708033376","701405348","705172391","714839833","725417451","731551059","731116509",
"Hong Kong SAR, China","HKG","Labor force, total","SL.TLF.TOTL.IN","","","","","","","","","","","","","","","","","","","","","","","","","","","","","","","2841258","2890794","2881959","2927654","3002840","3075031","3217627","3245999","3285298","3322073","3358981","3416906","3464010","3447305","3493354","3528607","3575148","3626034","3633423","3651728","3626540","3698563","3773047","3837047","3854786","3899877","3921737","3953897","3996403","3987130","3914381","3872131","3786090","3850529","3827176","3802007",
"Honduras","HND","Labor force, total","SL.TLF.TOTL.IN","","","","","","","","","","","","","","","","","","","","","","","","","","","","","","","1768731","1820069","1884411","1952205","2015802","2089123","2159961","2236630","2312858","2385258","2409908","2470594","2532641","2595544","2658765","2722594","2729848","2777245","2897946","3053320","3207856","3191213","3216011","3554537","3747097","3853452","3916766","4091954","4341185","4231661","4083200","4260442","4209927","4149025","4250629","4340779",
"Heavily indebted poor countries (HIPC)","HPC","Labor force, total","SL.TLF.TOTL.IN","","","","","","","","","","","","","","","","","","","","","","","","","","","","","","","139893991","143844798","148254026","152882383","157757030","162645772","167046482","171348762","176176153","181300896","186364197","191647013","197404041","203391349","209423122","215583257","221485941","227302537","233324894","239768628","246268281","254160075","259043718","269023465","274152189","280735213","288057871","295043809","303565083","311512623","317691971","327573145","338436436","338275694","349018789","359788900",
"Croatia","HRV","Labor force, total","SL.TLF.TOTL.IN","","","","","","","","","","","","","","","","","","","","","","","","","","","","","","","2212069","2164697","2100893","2100259","2111599","2084050","2042400","2018865","2004029","1983687","1953924","1869944","1859183","1865695","1912837","1910033","1894312","1924883","1934423","1932994","1911488","1880089","1859596","1830788","1870242","1864017","1794702","1774192","1735734","1716971","1706748","1728310","1734995","1731788","1742356","1728075",
"Haiti","HTI","Labor force, total","SL.TLF.TOTL.IN","","","","","","","","","","","","","","","","","","","","","","","","","","","","","","","2660277","2700760","2742384","2785468","2829754","2875635","2918130","2962274","3007854","3054962","3103912","3189161","3277860","3370045","3464730","3562527","3671852","3782583","3894117","4006423","4101260","4182422","4270619","4367938","4462053","4553008","4644004","4734976","4823338","4902625","4940938","5061618","5073825","5135239","5181956","5268189",
"Hungary","HUN","Labor force, total","SL.TLF.TOTL.IN","","","","","","","","","","","","","","","","","","","","","","","","","","","","","","","4265575","4268634","4280411","4291598","4299242","4303818","4306901","4309332","4310955","4319306","4344023","4378291","4404391","4420410","4441310","4456354","4468587","4463496","4452834","4400693","4434705","4449987","4485535","4520977","4626892","4709412","4780556","4807691","4835700","4843975","4829178","4864077","4912669","4971665","4965018","4929485",
"IBRD only","IBD","Labor force, total","SL.TLF.TOTL.IN","","","","","","","","","","","","","","","","","","","","","","","","","","","","","","","1537818977","1563787109","1590017159","1612335514","1639826383","1668193038","1694843043","1725466610","1757102127","1792774257","1822455997","1851548761","1880060016","1910484913","1943055096","1974327778","1997385936","2020918572","2038497936","2056094761","2071696415","2092287100","2110713862","2127812432","2147685091","2168044471","2186065562","2201488786","2218611388","2234773096","2193073468","2253413790","2264999421","2305321822","2327205098","2343591883",
"IDA & IBRD total","IBT","Labor force, total","SL.TLF.TOTL.IN","","","","","","","","","","","","","","","","","","","","","","","","","","","","","","","1854728918","1890172976","1926083832","1958238691","1996517101","2034867348","2072677260","2114641867","2157919920","2205202789","2246269206","2286870991","2326983007","2369195282","2413789559","2456776732","2491481635","2527451860","2557433389","2588847059","2618483125","2653081758","2681802501","2713605940","2743210354","2776567962","2807227470","2836854797","2868721750","2900509021","2869481090","2949624004","2983284498","3032264085","3066018141","3101735104",
"IDA total","IDA","Labor force, total","SL.TLF.TOTL.IN","","","","","","","","","","","","","","","","","","","","","","","","","","","","","","","316909942","326385867","336066672","345903177","356690718","366674309","377834216","389175257","400817793","412428532","423813210","435322231","446922992","458710369","470734463","482448954","494095698","506533287","518935453","532752297","546786710","560794659","571088639","585793508","595525263","608523491","621161908","635366011","650110362","665735925","676407622","696210214","718285078","726942262","738813043","758143220",
"IDA blend","IDB","Labor force, total","SL.TLF.TOTL.IN","","","","","","","","","","","","","","","","","","","","","","","","","","","","","","","106930301","110935694","114569406","117799559","121610863","124774660","129128837","133750918","137663519","141989406","146299153","150656444","154838013","159140588","163728379","167851286","172070260","177016125","181999691","187687441","193217910","198044261","203426451","208409718","212528039","218804989","223416009","227584636","231993755","237801666","240784142","250395043","258601611","267150448","273985004","281147023",
"Indonesia","IDN","Labor force, total","SL.TLF.TOTL.IN","","","","","","","","","","","","","","","","","","","","","","","","","","","","","","","78081179","79624184","82135691","83361608","87006941","89218352","91432137","92859996","95861387","98429095","101308307","102354432","102498864","103909546","105759801","105482562","106957017","112145843","114200383","115441860","118205102","120648289","123448397","124097473","125645513","127299364","128501300","130940742","134532894","137425585","137375390","135672770","139637843","143318723","145198137","147104597",
"IDA only","IDX","Labor force, total","SL.TLF.TOTL.IN","","","","","","","","","","","","","","","","","","","","","","","","","","","","","","","209979641","215450174","221497267","228103618","235079855","241899649","248705379","255424339","263154274","270439126","277514056","284665787","292084979","299569782","307006084","314597668","322025438","329517163","336935762","345064856","353568800","362750398","367662188","377383789","382997224","389718502","397745899","407781375","418116607","427934259","435623480","445815170","459683467","459791815","464828039","476996198",
"Isle of Man","IMN","Labor force, total","SL.TLF.TOTL.IN","","","","","","","","","","","","","","","","","","","","","","","","","","","","","","","","","","","","","","","","","","","","","","","","","","","","","","","","","","","","","","","","","","",
"India","IND","Labor force, total","SL.TLF.TOTL.IN","","","","","","","","","","","","","","","","","","","","","","","","","","","","","","","307898649","315875620","324021661","332338730","340802039","351330547","362330724","373673862","385347723","397354085","409617771","418764922","427829074","436753652","445825854","454832471","457611460","460225575","462536166","464953334","467561989","471891929","476101422","484466830","492680645","500640619","508681288","516713963","524292869","531373378","532528354","550352877","569155867","589486854","608500805","617625336",
"Not classified","INX","Labor force, total","SL.TLF.TOTL.IN","","","","","","","","","","","","","","","","","","","","","","","","","","","","","","","","","","","","","","","","","","","","","","","","","","","","","","","","","","","","","","","","","","",
"Ireland","IRL","Labor force, total","SL.TLF.TOTL.IN","","","","","","","","","","","","","","","","","","","","","","","","","","","","","","","1549892","1581106","1583700","1619467","1653279","1688270","1749740","1765358","1821792","1863306","1915533","1958320","1998009","2031456","2074720","2168734","2248503","2335586","2354963","2303368","2252552","2230580","2224068","2246922","2257992","2285573","2332726","2363157","2413701","2467948","2459907","2604356","2705770","2846866","2857089","2892490",
"Iran, Islamic Rep.","IRN","Labor force, total","SL.TLF.TOTL.IN","","","","","","","","","","","","","","","","","","","","","","","","","","","","","","","15383995","15745963","15968046","15864775","15813180","16072242","16376911","17026577","17783993","18602325","19476868","20409991","21179010","22044846","23217005","24431517","24828699","25004744","24252328","25116620","25068937","24409383","25434392","25379809","25523109","26476760","27579337","28624101","29067669","29161250","27655908","27754866","27880537","29026520","29306871","29521716",
"Iraq","IRQ","Labor force, total","SL.TLF.TOTL.IN","","","","","","","","","","","","","","","","","","","","","","","","","","","","","","","4090325","4145856","4275657","4497327","4728472","4899569","5070625","5236951","5410748","5596021","5790991","5984596","6189221","6393346","6595607","6816308","6890879","6861334","7012067","7285510","7529671","7794331","8144917","8762436","9317273","9638775","9946993","9932205","10075417","10196893","10441107","10581037","11408828","11803809","12134030","12493376",
"Iceland","ISL","Labor force, total","SL.TLF.TOTL.IN","","","","","","","","","","","","","","","","","","","","","","","","","","","","","","","138996","140969","143787","144512","146565","152961","151743","151778","157059","162052","167968","170262","169794","172652","172771","175134","183267","189668","191884","188521","187815","187361","188899","192559","197861","202438","208038","212416","216594","221428","219071","222546","232189","236225","238873","241522",
"Israel","ISR","Labor force, total","SL.TLF.TOTL.IN","","","","","","","","","","","","","","","","","","","","","","","","","","","","","","","1884128","2023552","2123687","2240717","2338311","2426622","2473555","2528233","2570580","2660046","2766361","2838920","2865370","2935135","3012760","3089642","3167871","3253643","3313588","3394757","3473539","3521435","3709778","3768300","3869705","3941723","4024474","4094423","4172972","4229687","4204894","4275735","4467037","4637924","4742087","4822657",
"Italy","ITA","Labor force, total","SL.TLF.TOTL.IN","","","","","","","","","","","","","","","","","","","","","","","","","","","","","","","23724831","24065506","23363975","23175920","22891358","22754181","22979056","23030615","23186365","23313903","23341777","23396490","23619487","23941068","24568011","24435953","24525284","24533838","24903672","24718373","24680015","24716194","25274094","25176920","25330291","25270285","25548902","25724021","25901424","25761500","24984272","25032297","25351560","25806816","25756934","25579070",
"Jamaica","JAM","Labor force, total","SL.TLF.TOTL.IN","","","","","","","","","","","","","","","","","","","","","","","","","","","","","","","1089166","1097915","1105739","1112355","1119074","1125977","1133199","1140810","1149014","1153549","1160690","1167448","1177364","1186996","1202433","1215552","1228512","1241668","1254836","1229928","1214581","1239415","1255850","1296517","1327826","1405947","1407680","1437450","1446091","1491205","1457816","1490454","1544707","1595299","1602871","1612761",
"Jordan","JOR","Labor force, total","SL.TLF.TOTL.IN","","","","","","","","","","","","","","","","","","","","","","","","","","","","","","","784076","880594","939578","1003860","1064262","1114806","1155940","1187549","1215637","1243653","1272412","1284269","1304262","1305437","1361612","1421908","1503278","1699178","1740167","1818880","1844829","1881260","1872113","1931174","2081895","2343249","2553453","2712693","2717015","2794037","2914902","2893220","2957476","3156548","3204396","3220931",
"Japan","JPN","Labor force, total","SL.TLF.TOTL.IN","","","","","","","","","","","","","","","","","","","","","","","","","","","","","","","64169210","65324548","66187368","66590365","66893534","67130016","67600272","68174788","68189075","67979227","67813478","67616593","67054919","66784334","66508242","66581356","66694003","66797225","66611354","66339021","66100429","65674339","65377600","65621150","65843453","65931158","66529155","67070828","68187091","68812048","68656452","68592854","68931266","69197135","69501768","69386649",
"Kazakhstan","KAZ","Labor force, total","SL.TLF.TOTL.IN","","","","","","","","","","","","","","","","","","","","","","","","","","","","","","","8193062","8320059","8397605","8449122","8447253","8380824","8255317","8097848","7958862","7910449","7959482","8016351","8100716","8206130","8291458","8337504","8453665","8619958","8777583","8839321","8911594","8977212","9036145","9093794","9151563","9211841","9280982","9361725","9452255","9556218","9543571","9656830","9896969","10084786","10266072","10009918",
"Kenya","KEN","Labor force, total","SL.TLF.TOTL.IN","","","","","","","","","","","","","","","","","","","","","","","","","","","","","","","8489362","8806975","9121525","9442529","9772392","10106330","10439302","10781441","11136592","11524249","11981408","12475700","12985820","13497803","14027425","14559284","15091974","15623317","16164677","16722668","17284448","17856484","18441629","19043674","19660028","20289697","20945264","20983194","20958591","20875750","21267487","22012863","22679572","23353083","24031329","24711751",
"Kyrgyz Republic","KGZ","Labor force, total","SL.TLF.TOTL.IN","","","","","","","","","","","","","","","","","","","","","","","","","","","","","","","1624426","1687111","1771219","1837363","1934567","1992341","2007967","2014043","2063167","2104042","2126902","2145499","2192597","2205060","2220055","2269857","2299928","2297469","2296073","2330184","2377173","2443159","2407004","2327447","2395065","2451353","2484649","2432348","2549272","2614491","2587678","2709138","2769026","2720905","2808345","2863490",
"Cambodia","KHM","Labor force, total","SL.TLF.TOTL.IN","","","","","","","","","","","","","","","","","","","","","","","","","","","","","","","3321159","3412853","3566092","3767309","4017853","4320977","4682363","5085513","5386770","5565808","5758610","5954751","6150602","6346615","6561970","6779458","7006763","7242199","7248715","7740705","8200397","8456181","8380559","8249987","8400442","8465622","8833454","8936644","9127738","9329147","9480039","9341945","9850128","10027889","10200782","10367640",
"Kiribati","KIR","Labor force, total","SL.TLF.TOTL.IN","","","","","","","","","","","","","","","","","","","","","","","","","","","","","","","","","","","","","","","","","","","","","","","","","","","","","","","","","","","","","","","","","","",
"St. Kitts and Nevis","KNA","Labor force, total","SL.TLF.TOTL.IN","","","","","","","","","","","","","","","","","","","","","","","","","","","","","","","","","","","","","","","","","","","","","","","","","","","","","","","","","","","","","","","","","","",
"Korea, Rep.","KOR","Labor force, total","SL.TLF.TOTL.IN","","","","","","","","","","","","","","","","","","","","","","","","","","","","","","","18881099","19463523","19901460","20236410","20818283","21302160","21746859","22230614","21862558","22101554","22567537","22938753","23347640","23376928","23859038","23953153","24205394","24444660","24606329","24664533","24998081","25497708","25940388","26423747","27115956","27531028","27791833","28106147","28257879","28561856","28369827","28560792","29201402","29587631","29835657","29848809",
"Kuwait","KWT","Labor force, total","SL.TLF.TOTL.IN","","","","","","","","","","","","","","","","","","","","","","","","","","","","","","","699846","562036","677551","706594","730334","753549","780283","808458","839190","872956","910204","951041","995195","1042008","1090522","1147148","1216034","1292295","1374046","1462198","1557069","1692834","1839553","1951899","2056020","2168535","2282070","2397105","2510334","2580640","2417086","2459769","2756750","2922258","2946067","2996304",
"Latin America & Caribbean (excluding high income)","LAC","Labor force, total","SL.TLF.TOTL.IN","","","","","","","","","","","","","","","","","","","","","","","","","","","","","","","154486711","158634065","163264671","168222407","172895291","177526216","180105360","186563453","191274235","195627811","199384117","203727511","208303960","213351756","218692432","223895108","228578256","232153915","235860204","241068649","243029668","245495804","250099679","253059244","255807988","260381548","264128469","268765807","273358097","278563321","264250676","278731855","284730318","287654224","291457446","294455979",
"Lao PDR","LAO","Labor force, total","SL.TLF.TOTL.IN","","","","","","","","","","","","","","","","","","","","","","","","","","","","","","","1511683","1554176","1596007","1637445","1677511","1717825","1758338","1795667","1831685","1866775","1904793","1945729","1988712","2032873","2077187","2126841","2188184","2256582","2323357","2388020","2448775","2507144","2563261","2617810","2671973","2725447","2778397","2830876","2946540","3065141","3161020","3310087","3446569","3512483","3578885","3650484",
"Lebanon","LBN","Labor force, total","SL.TLF.TOTL.IN","","","","","","","","","","","","","","","","","","","","","","","","","","","","","","","1020303","1044534","1066878","1091000","1116017","1143512","1170050","1202800","1234245","1269194","1302966","1334625","1363504","1393524","1425884","1454597","1485356","1519312","1572230","1620024","1660698","1702075","1771730","1967961","2201139","2259873","2211422","2158877","2102355","2042509","1949531","1884419","1815347","1837294","","",
"Liberia","LBR","Labor force, total","SL.TLF.TOTL.IN","","","","","","","","","","","","","","","","","","","","","","","","","","","","","","","960752","844557","896095","933778","933919","944742","974409","1055376","1169622","1237617","1285795","1325430","1361249","1372433","1388553","1450884","1532414","1608430","1675095","1729659","1781122","1863666","1939010","1979511","2020880","2065640","2112365","2158010","2206322","2258308","2297082","2370566","2452391","2526283","2600249","2673807",
"Libya","LBY","Labor force, total","SL.TLF.TOTL.IN","","","","","","","","","","","","","","","","","","","","","","","","","","","","","","","1180652","1227313","1275838","1326316","1378360","1431226","1484080","1536239","1587244","1638683","1681222","1715126","1752290","1792899","1836430","1881926","1939964","2010583","2082345","2153413","2222546","2155869","2080669","2135716","2186048","2225653","2263831","2306606","2353307","2397985","2237376","2302838","2516297","2552880","2585950","2616929",
"St. Lucia","LCA","Labor force, total","SL.TLF.TOTL.IN","","","","","","","","","","","","","","","","","","","","","","","","","","","","","","","53107","54444","55689","56953","58216","59551","60988","62511","64414","66610","68701","70471","72170","73869","75589","77341","79125","80971","82831","84639","86415","88151","92038","93542","94736","95917","97030","98031","99636","98910","77845","95353","101159","100958","101133","101771",
"Latin America & Caribbean","LCN","Labor force, total","SL.TLF.TOTL.IN","","","","","","","","","","","","","","","","","","","","","","","","","","","","","","","172865769","177642816","182852626","188360654","193540629","198793581","201892419","208956673","214215697","218915523","223044186","227866997","232689719","238169171","244250357","250184049","255614787","259689586","263981719","269464817","272041763","275085489","280169246","283448286","286574902","291384308","295282439","299903476","304225889","308772263","291695636","306628093","313902845","317284225","321771564","325056761",
"Least developed countries: UN classification","LDC","Labor force, total","SL.TLF.TOTL.IN","","","","","","","","","","","","","","","","","","","","","","","","","","","","","","","191742476","197043272","202843057","208900962","215321959","221924025","228134609","234342233","241006426","247820760","254495551","261219338","268226972","275366446","282530485","289833147","296937725","304071834","311187126","319135928","327285971","336226275","341796854","352112420","358081734","364637398","372638409","382526630","392881756","402581959","410860391","421254891","434692733","434909661","439273091","451140756",
"Low income","LIC","Labor force, total","SL.TLF.TOTL.IN","","","","","","","","","","","","","","","","","","","","","","","","","","","","","","","93095064","95232451","97788787","100480246","103198853","106153981","108954015","111631204","114650146","117944764","121086523","124187981","127604869","131156792","134734028","138388518","141937887","145502484","149095735","152836132","156707075","161916583","162997503","168864310","170911061","173561240","177479453","181656937","187093008","192689185","197258892","202944654","210277787","206052327","207419245","213809668",
"Liechtenstein","LIE","Labor force, total","SL.TLF.TOTL.IN","","","","","","","","","","","","","","","","","","","","","","","","","","","","","","","","","","","","","","","","","","","","","","","","","","","","","","","","","","","","","","","","","","",
"Sri Lanka","LKA","Labor force, total","SL.TLF.TOTL.IN","","","","","","","","","","","","","","","","","","","","","","","","","","","","","","","6778262","6610226","6504657","6700476","6911166","6824556","7078162","7240418","7899169","7882204","7826298","7959198","8042001","8091441","8130380","8161482","8192105","8222663","8251260","8275626","8298948","8295313","8326733","8033442","8054629","8475356","8605342","8776309","8523299","8697166","8485010","8500316","8527218","8109783","8304691","8367977",
"Lower middle income","LMC","Labor force, total","SL.TLF.TOTL.IN","","","","","","","","","","","","","","","","","","","","","","","","","","","","","","","612851327","630080448","647313504","665133738","684058473","703308688","724536835","746237981","768498580","791741064","813583164","833583947","851724607","871261275","891555174","911479074","925317876","940078222","953528400","968786868","984425070","999613858","1014175340","1033664814","1052531976","1072177829","1090724127","1108158239","1126568150","1145373214","1148218531","1185285818","1224440555","1258617239","1287601055","1310899436",
"Low & middle income","LMY","Labor force, total","SL.TLF.TOTL.IN","","","","","","","","","","","","","","","","","","","","","","","","","","","","","","","1725092337","1759382899","1794801929","1827935382","1867154054","1904731882","1942537186","1984714749","2027502260","2069662948","2109589925","2150008066","2188822010","2230209897","2272404358","2313345235","2346109473","2379670418","2407211337","2437802547","2464990718","2497602466","2524440775","2554827665","2583468718","2616344475","2646407942","2675823043","2707730157","2740701553","2712611805","2791214487","2822524757","2867901764","2899863061","2934992222",
"Lesotho","LSO","Labor force, total","SL.TLF.TOTL.IN","","","","","","","","","","","","","","","","","","","","","","","","","","","","","","","761128","775070","789181","803287","817270","831046","843925","855421","865579","874102","876334","876220","874139","869919","862883","853090","847150","847339","848116","848288","848407","848921","850066","851501","844443","837276","830732","825264","820144","814339","819139","827248","850547","864326","878864","889530",
"Late-demographic dividend","LTE","Labor force, total","SL.TLF.TOTL.IN","","","","","","","","","","","","","","","","","","","","","","","","","","","","","","","963098403","974207955","985186047","994535635","1004234628","1015728785","1025041786","1037370441","1049390932","1064838634","1076217553","1090479742","1106198629","1120549183","1135708497","1151560273","1164219507","1175140454","1185292409","1193740208","1198527144","1207540880","1212629692","1215739356","1221467950","1227012951","1230062846","1231886795","1233504062","1235061427","1209812670","1237088727","1232980151","1239998465","1235209187","1235240312",
"Lithuania","LTU","Labor force, total","SL.TLF.TOTL.IN","","","","","","","","","","","","","","","","","","","","","","","","","","","","","","","1913853","1898608","1877293","1849983","1822222","1795413","1768048","1740017","1713133","1715516","1685904","1645989","1626250","1681096","1590937","1551720","1509125","1508699","1511065","1519175","1492230","1480384","1471758","1465703","1478569","1470288","1479370","1466105","1473979","1481171","1494750","1485276","1509407","1536989","1554585","1530608",
"Luxembourg","LUX","Labor force, total","SL.TLF.TOTL.IN","","","","","","","","","","","","","","","","","","","","","","","","","","","","","","","160164","165801","170723","170387","171916","167787","171927","174803","177338","182418","188913","190351","196340","196484","202765","208956","212749","216607","221164","234992","238167","243685","256283","264233","273158","284538","287759","293587","302446","312622","318373","330815","334814","345229","352177","354487",
"Latvia","LVA","Labor force, total","SL.TLF.TOTL.IN","","","","","","","","","","","","","","","","","","","","","","","","","","","","","","","1268859","1261078","1264591","1237449","1209338","1191497","1177291","1161105","1151595","1126521","1094541","1093896","1115802","1096482","1097352","1091799","1119868","1137729","1151245","1104930","1058829","1033285","1039646","1019762","1005662","1007753","1000347","995587","994948","982724","982835","950956","962817","968514","960324","946983",
"Macao SAR, China","MAC","Labor force, total","SL.TLF.TOTL.IN","","","","","","","","","","","","","","","","","","","","","","","","","","","","","","","147271","155258","162795","173250","183534","193706","200672","205892","209017","214421","217883","220527","223356","220677","233377","251230","276137","303722","323790","324071","327912","341686","352453","366847","387049","395711","396434","391922","398219","402804","403030","402627","386966","396357","403821","396773",
"St. Martin (French part)","MAF","Labor force, total","SL.TLF.TOTL.IN","","","","","","","","","","","","","","","","","","","","","","","","","","","","","","","","","","","","","","","","","","","","","","","","","","","","","","","","","","","","","","","","","","",
"Morocco","MAR","Labor force, total","SL.TLF.TOTL.IN","","","","","","","","","","","","","","","","","","","","","","","","","","","","","","","7469841","7669496","7883614","8100374","8304599","8538328","8744548","8973540","9186440","9407654","9622622","9824822","9924141","10130763","10344794","10570285","10794828","11012488","11222651","11317347","11402901","11491567","11505127","11668836","11789129","11817289","11764216","11672302","11919387","12163466","11894936","12266110","12170356","12335833","12497271","12631464",
"Monaco","MCO","Labor force, total","SL.TLF.TOTL.IN","","","","","","","","","","","","","","","","","","","","","","","","","","","","","","","","","","","","","","","","","","","","","","","","","","","","","","","","","","","","","","","","","","",
"Moldova","MDA","Labor force, total","SL.TLF.TOTL.IN","","","","","","","","","","","","","","","","","","","","","","","","","","","","","","","1257758","1270808","1279786","1283628","1286547","1285566","1295449","1297264","1315282","1330648","1340815","1309886","1306607","1318632","1278631","1277880","1358271","1379676","1400896","1430516","1496559","1522374","1531943","1540530","1628063","1628234","1592836","1522181","1461369","1481802","1469067","1503026","1464574","1391968","1390446","1375753",
"Madagascar","MDG","Labor force, total","SL.TLF.TOTL.IN","","","","","","","","","","","","","","","","","","","","","","","","","","","","","","","5624871","5809228","5998067","6194386","6399587","6611853","6831288","7057745","7291469","7531761","7777716","8025096","8279889","8534374","8801974","9085463","9391231","9709215","10039628","10383736","10741659","11113290","11497411","11892464","12293186","12695269","13085244","13481355","13885082","14297110","14599606","15114095","15639635","16111038","16596270","17092352",
"Maldives","MDV","Labor force, total","SL.TLF.TOTL.IN","","","","","","","","","","","","","","","","","","","","","","","","","","","","","","","59026","61190","63457","65860","68435","71310","75004","78948","83135","87596","92425","95869","99366","102849","106350","109859","114475","120535","126861","133007","141579","150145","158657","167096","175647","184820","194588","210295","226484","243098","230564","244493","264656","266313","268233","272320",
"Middle East, North Africa, Afghanistan & Pakistan","MEA","Labor force, total","SL.TLF.TOTL.IN","","","","","","","","","","","","","","","","","","","","","","","","","","","","","","","105175299","108699793","112237526","115433432","119057889","121617147","125732150","130317951","134270502","139809747","144270404","148305806","151981620","157527116","163574534","169398028","174747469","180714873","185012391","191523583","197402102","201104762","206705585","211785855","215604730","221047298","225854003","228174472","230131011","234232779","233528038","239918913","246671299","254188926","258274429","263551138",
"Mexico","MEX","Labor force, total","SL.TLF.TOTL.IN","","","","","","","","","","","","","","","","","","","","","","","","","","","","","","","29345631","30270005","31407743","32566874","33420497","34294154","35163744","36800377","37464290","37826980","38588417","39007360","39513494","40580596","41810127","43213356","44671073","45655255","46418411","47339853","48189452","49262430","50764169","51511392","51907743","52800736","53498509","54114274","55142830","56614536","52956486","56864048","58544385","60144623","60887761","61707262",
"Marshall Islands","MHL","Labor force, total","SL.TLF.TOTL.IN","","","","","","","","","","","","","","","","","","","","","","","","","","","","","","","","","","","","","","","","","","","","","","","","","","","","","","","","","","","","","","","","","","",
"Middle income","MIC","Labor force, total","SL.TLF.TOTL.IN","","","","","","","","","","","","","","","","","","","","","","","","","","","","","","","1631997272","1664150448","1697013142","1727455136","1763955201","1798577902","1833583171","1873083545","1912852113","1951718184","1988503402","2025820085","2061217141","2099053105","2137670331","2174956716","2204171586","2234167934","2258115601","2284966416","2308283642","2335685884","2361443272","2385963355","2412557657","2442783235","2468928489","2494166105","2520637149","2548012368","2515352913","2588269833","2612246970","2661849436","2692443816","2721182554",
"North Macedonia","MKD","Labor force, total","SL.TLF.TOTL.IN","","","","","","","","","","","","","","","","","","","","","","","","","","","","","","","845619","850423","838762","825216","813984","811153","814199","808104","807000","806793","818451","829921","830362","842476","842296","841338","841182","856830","862431","860794","834993","855183","850592","855743","855229","846415","837565","832185","824281","823317","800704","784953","802703","784466","792140","786790",
"Mali","MLI","Labor force, total","SL.TLF.TOTL.IN","","","","","","","","","","","","","","","","","","","","","","","","","","","","","","","3433041","3494815","3560164","3631923","3710477","3794041","3880424","3974393","4083448","4206740","4338346","4478019","4625342","4777817","4934643","5093634","5255465","5421948","5591651","5762799","5935803","6111413","6263559","6424884","6622929","6823303","6976542","7140459","7290683","7442902","7540126","7917555","8260725","8552851","8855828","9156646",
"Malta","MLT","Labor force, total","SL.TLF.TOTL.IN","","","","","","","","","","","","","","","","","","","","","","","","","","","","","","","135337","139378","141454","143435","145196","146820","149168","151563","153670","155364","155461","159155","160625","161729","159180","162570","164624","168700","171139","174214","177951","182010","188723","196467","204859","211969","220741","231534","247175","262597","274659","280621","295009","308595","317434","319715",
"Myanmar","MMR","Labor force, total","SL.TLF.TOTL.IN","","","","","","","","","","","","","","","","","","","","","","","","","","","","","","","17336251","17699764","18016005","18348410","18683139","19025231","19375156","19742466","20122608","20478640","20800913","21102417","21367504","21594103","21805694","22008149","22204774","22403892","22585838","22768679","22995561","23266915","23537336","23798826","24050959","24298397","24084188","23847667","24244077","23767370","23870997","22117425","22343279","22552833","22744175","22940495",
"Middle East, North Africa, Afghanistan & Pakistan (excluding high income)","MNA","Labor force, total","SL.TLF.TOTL.IN","","","","","","","","","","","","","","","","","","","","","","","","","","","","","","","97288108","100522920","103527867","106279855","109505497","111689737","115438192","119618127","123146359","128191943","131972078","135420902","138481375","143295220","148567054","153526224","157797902","162398790","165320616","170651507","175798739","178053392","181769016","185047002","187451575","191061094","194299428","196443436","198392569","201988416","200683802","207285663","211962088","217277099","219757905","224195301",
"Montenegro","MNE","Labor force, total","SL.TLF.TOTL.IN","","","","","","","","","","","","","","","","","","","","","","","","","","","","","","","230072","231380","232741","233768","233739","233197","232622","232156","231510","232993","232893","234430","235459","236139","236151","236413","236784","237904","239413","240355","241466","242523","249367","250114","262021","266278","268662","268583","273696","278968","257436","245080","282083","298219","297284","292258",
"Mongolia","MNG","Labor force, total","SL.TLF.TOTL.IN","","","","","","","","","","","","","","","","","","","","","","","","","","","","","","","704004","739313","753082","762259","779174","798759","820969","842595","866031","892200","921234","949903","978725","1006251","1029993","1054193","1077494","1100221","1111016","1138353","1160567","1199560","1217413","1234106","1255944","1272830","1258931","1286695","1310964","1451060","1418986","1389087","1442982","1426526","1441482","1457041",
"Northern Mariana Islands","MNP","Labor force, total","SL.TLF.TOTL.IN","","","","","","","","","","","","","","","","","","","","","","","","","","","","","","","","","","","","","","","","","","","","","","","","","","","","","","","","","","","","","","","","","","",
"Mozambique","MOZ","Labor force, total","SL.TLF.TOTL.IN","","","","","","","","","","","","","","","","","","","","","","","","","","","","","","","5981740","6105373","6231258","6444044","6915461","7366643","7634613","7851935","8059784","8265462","8468296","8679877","8900839","9131272","9280551","9434822","9594635","9755517","9917392","10084170","10258571","10455626","10674835","10904768","11146461","11397352","11753394","12130020","12515124","12903560","13187062","13595901","14168284","14644495","15148294","15658114",
"Mauritania","MRT","Labor force, total","SL.TLF.TOTL.IN","","","","","","","","","","","","","","","","","","","","","","","","","","","","","","","495369","510519","533965","559857","580159","594895","603191","615131","631881","650369","670649","685336","697153","709947","723366","737537","752518","768512","788979","813148","836733","859554","881729","897627","913659","930280","947607","965695","995824","1027210","1047982","1086687","1130709","1170884","1211128","1248560",
"Mauritius","MUS","Labor force, total","SL.TLF.TOTL.IN","","","","","","","","","","","","","","","","","","","","","","","","","","","","","","","447597","454544","462679","470444","479516","486189","493166","501010","507577","514629","519717","514388","526227","552982","543713","553847","557780","556648","563956","571049","584117","581250","588857","603297","610180","618312","615224","621819","619649","628768","589990","560132","592892","625239","622583","622142",
"Malawi","MWI","Labor force, total","SL.TLF.TOTL.IN","","","","","","","","","","","","","","","","","","","","","","","","","","","","","","","4202672","4320767","4435670","4489831","4429803","4418806","4505137","4595359","4692630","4803402","4924494","5048546","5175917","5309996","5451420","5599129","5674340","5749113","5820422","5889253","5958706","6026641","6082605","6138043","6192255","6242829","6291731","6338147","6554638","6781042","7584986","7249519","7532800","7802263","8079939","8323726",
"Malaysia","MYS","Labor force, total","SL.TLF.TOTL.IN","","","","","","","","","","","","","","","","","","","","","","","","","","","","","","","6301032","6517412","6771591","7025550","7282444","7547014","7819897","8100507","8390877","8693122","9003136","9319049","9642825","9976922","10324666","10688442","11067941","11462139","11872645","12298453","12720268","13112179","13636640","14173536","14721580","15103051","15415068","15779343","16212579","16636582","16871915","17233270","17730042","18064842","18384977","18719406",
"North America","NAC","Labor force, total","SL.TLF.TOTL.IN","","","","","","","","","","","","","","","","","","","","","","","","","","","","","","","142478544","143464542","145543893","147043356","149527709","151640858","153946251","156766971","158742914","161007619","163326810","164668371","166183826","167333986","168772982","170826613","173247280","174878429","176852461","177100743","177264386","177649654","179014899","179677425","180471162","181633363","183743934","185752733","187393348","189719949","187070392","188187848","190948756","194490136","196911992","197682899",
"Namibia","NAM","Labor force, total","SL.TLF.TOTL.IN","","","","","","","","","","","","","","","","","","","","","","","","","","","","","","","435534","450691","465311","480507","495826","506113","516044","525413","541861","558646","575679","593289","610372","627019","643871","662309","682001","701719","721316","740620","759361","778067","800026","881059","892359","914121","935710","947334","958630","984283","960250","994464","1064363","1094377","1124198","1152801",
"New Caledonia","NCL","Labor force, total","SL.TLF.TOTL.IN","","","","","","","","","","","","","","","","","","","","","","","","","","","","","","","76340","79163","81931","84715","87571","90560","93308","95818","97962","100196","102413","104589","106849","109244","111582","113641","115784","117994","119956","122055","124773","127652","130453","133249","135552","134563","132756","130830","128747","126548","127349","127574","129375","130221","130995","131488",
"Niger","NER","Labor force, total","SL.TLF.TOTL.IN","","","","","","","","","","","","","","","","","","","","","","","","","","","","","","","3476201","3588541","3704543","3825494","3952096","4085923","4222430","4357660","4497472","4642142","4790760","4945031","5104114","5268874","5440213","5619156","5806768","6003496","6210570","6428845","6659483","6903571","7001266","7090684","7163554","7430131","7711696","7997473","8289312","8590335","9140912","9808662","10614399","11037913","11484657","11971064",
"Nigeria","NGA","Labor force, total","SL.TLF.TOTL.IN","","","","","","","","","","","","","","","","","","","","","","","","","","","","","","","43425556","45040095","46738488","48405331","50215133","51813787","53211071","54708361","56231989","57821632","59281872","60772025","62235800","63693782","65217367","66741004","68316893","69975807","71669029","73499013","75284751","77225150","79317244","81303065","83458627","85773802","88256929","90905566","93615892","96335866","97041268","100887576","105269418","110075281","113320742","116581818",
"Nicaragua","NIC","Labor force, total","SL.TLF.TOTL.IN","","","","","","","","","","","","","","","","","","","","","","","","","","","","","","","1301799","1339651","1379562","1420073","1465006","1513299","1573241","1633351","1693406","1748818","1804371","1859846","1915679","1972321","2029895","2090654","2152774","2214058","2276217","2338754","2401577","2465061","2529139","2593422","2658091","2714759","2771179","2827514","2871355","2916688","2940072","3032996","3108200","3183098","3253536","3319222",
"Netherlands","NLD","Labor force, total","SL.TLF.TOTL.IN","","","","","","","","","","","","","","","","","","","","","","","","","","","","","","","8097914","8183997","8263557","8323965","8371005","8409429","8465472","8528344","8598979","8680658","8771496","8854790","8904143","8924311","8931350","8939597","8970173","9012338","9066482","9087024","9106986","9149140","9255457","9298757","9275880","9385800","9434786","9491538","9608481","9742856","9793423","9858813","10073395","10269843","10314837","10351609",
"Norway","NOR","Labor force, total","SL.TLF.TOTL.IN","","","","","","","","","","","","","","","","","","","","","","","","","","","","","","","2116221","2136690","2160703","2186590","2215264","2244474","2276563","2311195","2343863","2372447","2399174","2421786","2442913","2462624","2490257","2522881","2559325","2601653","2640107","2662239","2672715","2706107","2745427","2778579","2799152","2832644","2845954","2848702","2883492","2911217","2925043","2948722","2995482","3039025","3074577","3093894",
"Nepal","NPL","Labor force, total","SL.TLF.TOTL.IN","","","","","","","","","","","","","","","","","","","","","","","","","","","","","","","4743334","4869782","5019700","5163407","5289149","5409055","5520321","5635976","5755551","5876855","5995668","6115063","6237676","6361849","6483894","6600031","6709291","6814461","6923924","7038992","7158341","7256378","7316791","7357452","7408274","7493338","7565879","7596203","7630668","7802999","7977675","8226953","8325856","8335831","8342811","8362760",
"Nauru","NRU","Labor force, total","SL.TLF.TOTL.IN","","","","","","","","","","","","","","","","","","","","","","","","","","","","","","","","","","","","","","","","","","","","","","","","","","","","","","","","","","","","","","","","","","",
"New Zealand","NZL","Labor force, total","SL.TLF.TOTL.IN","","","","","","","","","","","","","","","","","","","","","","","","","","","","","","","1622298","1702829","1709913","1727412","1773165","1817532","1871435","1892656","1898064","1912390","1929758","1962689","2024542","2065073","2122508","2179558","2231752","2266131","2286662","2304331","2325453","2358833","2366796","2382609","2463012","2526061","2634836","2732646","2787916","2819371","2869748","2904263","2932530","3034955","3054575","3075239",
"OECD members","OED","Labor force, total","SL.TLF.TOTL.IN","","","","","","","","","","","","","","","","","","","","","","","","","","","","","","","516494733","523539743","528610099","531791898","538967155","544217901","550852890","558124914","563000475","568445413","572772220","576692280","581559644","586883275","591527316","599139295","606958877","612606020","619561705","624077515","628040456","632069251","638695469","643097257","647131411","652520956","659300569","666084692","673307060","680316762","668482668","678626791","689667145","700414009","707083437","708488429",
"Oman","OMN","Labor force, total","SL.TLF.TOTL.IN","","","","","","","","","","","","","","","","","","","","","","","","","","","","","","","561405","609375","657851","706965","736060","745190","756506","767412","782962","799271","812951","828711","849247","872229","903171","942002","984013","1029075","1076359","1125870","1186353","1439274","1811487","2028882","2139249","2259607","2403255","2493490","2500377","2435263","2220588","2169738","2381905","2579803","2715317","2843365",
"Other small states","OSS","Labor force, total","SL.TLF.TOTL.IN","","","","","","","","","","","","","","","","","","","","","","","","","","","","","","","3464326","3512720","3515036","3517374","3546865","3566383","3605235","3667525","3721541","3741418","3759047","3834686","3912434","4036018","4078439","4143982","4237016","4306957","4382224","4441436","4522070","4582247","4646924","4733000","4809608","4903397","4984750","5090791","5192930","5324908","5293525","5367121","5562778","5723536","5777142","5820376",
"Pakistan","PAK","Labor force, total","SL.TLF.TOTL.IN","","","","","","","","","","","","","","","","","","","","","","","","","","","","","","","32066327","33326736","34179400","34702649","35657736","36136782","37978020","39914024","41078081","42608353","44283074","45850789","47266464","48816449","50561804","51855384","53143744","55026645","56978123","59305908","61633684","62965404","64736311","66307781","66802824","69229075","69799389","70494278","71401725","73727954","75332749","78814704","80064041","81613188","83217450","85158214",
"Panama","PAN","Labor force, total","SL.TLF.TOTL.IN","","","","","","","","","","","","","","","","","","","","","","","","","","","","","","","855036","932805","977692","1023138","1056265","1098366","1129964","1162155","1216031","1243900","1282474","1321605","1361258","1397969","1444961","1482872","1498098","1541403","1614819","1597065","1666955","1653884","1741559","1799983","1836682","1874167","1929484","1960954","2053703","2125347","2098423","2018222","2169258","2170438","2249161","2287522",
"Peru","PER","Labor force, total","SL.TLF.TOTL.IN","","","","","","","","","","","","","","","","","","","","","","","","","","","","","","","7882065","8099101","8284575","8643934","9018294","9592942","10071526","10563686","11039085","11549983","11421931","12219945","12684823","13141432","13589275","14025537","14840428","15475880","15688718","15961805","16300474","16389689","16569598","16673246","16746275","16759049","16939632","17644346","18124121","18599717","16861243","17853296","18756175","18608668","18941504","19242514",
"Philippines","PHL","Labor force, total","SL.TLF.TOTL.IN","","","","","","","","","","","","","","","","","","","","","","","","","","","","","","","22437510","23033945","23650303","24316012","24909091","25519644","26190802","26927107","27834611","28772445","29661770","30515119","31307312","32101597","33146452","34017208","34684599","35381465","36070857","37120751","38110500","39596984","40289936","41114722","42543143","42976583","44089437","43266495","44041398","45267971","42533348","44699749","49481401","50378922","51307682","52204133",
"Palau","PLW","Labor force, total","SL.TLF.TOTL.IN","","","","","","","","","","","","","","","","","","","","","","","","","","","","","","","","","","","","","","","","","","","","","","","","","","","","","","","","","","","","","","","","","","",
"Papua New Guinea","PNG","Labor force, total","SL.TLF.TOTL.IN","","","","","","","","","","","","","","","","","","","","","","","","","","","","","","","1095939","1131883","1172546","1213780","1262329","1317891","1368621","1428038","1489097","1548084","1611797","1675955","1742551","1809703","1878745","1946354","2015655","2084385","2162147","2235349","2306745","2404038","2498151","2594645","2682110","2778064","2876659","2979396","3089167","3193903","3269241","3393679","3494880","3573686","3655667","3746653",
"Poland","POL","Labor force, total","SL.TLF.TOTL.IN","","","","","","","","","","","","","","","","","","","","","","","","","","","","","","","17481761","17681067","17735672","17696732","17644559","17478907","17446425","17333653","17356075","17324365","17100972","17478771","17337681","17315310","17306665","17466080","17355521","17361678","17601086","17886033","18144753","18210344","18334357","18319899","18420604","18407499","18466235","18534927","18503688","18454120","18197725","18351011","18378935","18449404","18269205","18017827",
"Pre-demographic dividend","PRE","Labor force, total","SL.TLF.TOTL.IN","","","","","","","","","","","","","","","","","","","","","","","","","","","","","","","164792679","169570281","174936431","180676071","187381168","193825643","198828346","203836640","209630730","215852438","222007470","228392786","235165276","242092309","249114458","256271247","263121910","269761741","276703178","284249411","291781505","301038400","307334561","318513367","325933416","334781801","344548931","352860445","363059670","373527745","380976610","395218315","410095602","413932798","421942045","435127631",
"Puerto Rico (US)","PRI","Labor force, total","SL.TLF.TOTL.IN","","","","","","","","","","","","","","","","","","","","","","","","","","","","","","","1146872","1189180","1202145","1260673","1265595","1270018","1312028","1352970","1361718","1367341","1335977","1348012","1359405","1381946","1388497","1425203","1413462","1380534","1340512","1292495","1255569","1212004","1192391","1173960","1138241","1123237","1118418","1104608","1082217","1095857","1115681","1174411","1180357","1187834","1206343","1211661",
"Korea, Dem. People's Rep.","PRK","Labor force, total","SL.TLF.TOTL.IN","","","","","","","","","","","","","","","","","","","","","","","","","","","","","","","12642688","12876850","13100546","13308721","13507977","13693292","13859228","14038798","14197012","14330706","14478761","14614099","14754036","14907575","15075890","15236165","15411979","15585861","15741613","15908580","16072822","16232268","16387155","16538377","16685184","16832596","16951814","17087766","17213512","17306773","17050598","17137602","17514243","17585844","17646807","17696854",
"Portugal","PRT","Labor force, total","SL.TLF.TOTL.IN","","","","","","","","","","","","","","","","","","","","","","","","","","","","","","","4740079","4875550","4748270","4749612","4783077","4803848","4863514","4958056","5119669","5168078","5230882","5335182","5418600","5439706","5415609","5461291","5497103","5529578","5531613","5483627","5488106","5423705","5377544","5281205","5223582","5197927","5182106","5221693","5230976","5245523","5138884","5114630","5245513","5395411","5450166","5419014",
"Paraguay","PRY","Labor force, total","SL.TLF.TOTL.IN","","","","","","","","","","","","","","","","","","","","","","","","","","","","","","","1631459","1676933","1719417","1771701","1827430","1890063","1942146","2004371","2056957","2106310","2152330","2200080","2246134","2258622","2439951","2456323","2393784","2507778","2576022","2639352","2621740","2686754","2882296","2886676","2866433","2922145","3066119","3167703","3257956","3334564","3281326","3412056","3391301","3448638","3477137","3528777",
"West Bank and Gaza","PSE","Labor force, total","SL.TLF.TOTL.IN","","","","","","","","","","","","","","","","","","","","","","","","","","","","","","","406130","424971","444441","465270","487467","510936","536523","562694","579028","596900","618184","581078","589186","658607","673177","705921","732368","785554","805777","839676","879814","940188","977472","1010156","1047752","1124303","1149280","1181552","1198168","1254417","1193390","1301690","1391230","","","",
"Pacific island small states","PSS","Labor force, total","SL.TLF.TOTL.IN","","","","","","","","","","","","","","","","","","","","","","","","","","","","","","","585873","597731","608287","619528","630778","641886","654101","668429","683947","699599","715789","730701","745067","758112","770753","775113","794875","811061","825562","839358","854064","875415","882351","888491","894882","906035","916728","931775","944987","956150","940363","959356","993737","1012784","1032153","1051028",
"Post-demographic dividend","PST","Labor force, total","SL.TLF.TOTL.IN","","","","","","","","","","","","","","","","","","","","","","","","","","","","","","","466518900","471180410","474243162","476508747","480708165","484114234","488998875","494089143","497069645","501292074","505253468","507465696","511311446","514642866","518283018","523408746","529102066","533460932","537966469","538964572","539782933","540550977","544019758","546304035","548815775","551638025","556031757","560234298","564637595","569095135","562946446","565488075","551980094","559591161","564089035","563889652",
"French Polynesia","PYF","Labor force, total","SL.TLF.TOTL.IN","","","","","","","","","","","","","","","","","","","","","","","","","","","","","","","76123","78107","80008","81933","83863","85817","87791","89664","91616","93584","95603","97633","99618","101540","103335","105133","106958","108503","110126","111386","112569","113689","114831","115819","116869","117940","118991","119997","120471","120839","119656","120135","120561","120388","120370","120628",
"Qatar","QAT","Labor force, total","SL.TLF.TOTL.IN","","","","","","","","","","","","","","","","","","","","","","","","","","","","","","","269220","279305","288057","298483","308625","318677","328491","339921","360460","384220","407864","432708","456991","482286","495587","527969","650369","862514","1049476","1196250","1205149","1205722","1270559","1411555","1597750","1760771","1869946","1921542","1943088","1971250","2059100","1827072","1972313","1972840","2116940","2158537",
"Romania","ROU","Labor force, total","SL.TLF.TOTL.IN","","","","","","","","","","","","","","","","","","","","","","","","","","","","","","","8912389","8936386","8992547","9058535","9088672","9085797","9095962","9173262","9229127","9281167","9326339","9226282","9095455","9095150","9073058","9050515","9025831","8924741","8824096","8103793","8573642","8469420","8456929","8437034","8482476","8563782","8458910","8547354","8484137","8460344","8404862","8417695","8420718","8296265","8263437","8213271",
"Russian Federation","RUS","Labor force, total","SL.TLF.TOTL.IN","","","","","","","","","","","","","","","","","","","","","","","","","","","","","","","76883314","76666931","75915507","73942541","72007595","71837022","70917977","69673202","69064934","73259968","73640731","72398707","73090719","72861529","73667709","74120970","74495825","75441349","75997629","76018586","75913844","76175102","76093148","75862836","75706539","75408951","75488447","74950044","74826387","73911859","73410465","73799608","73531906","73713863","73405850","72386984",
"Rwanda","RWA","Labor force, total","SL.TLF.TOTL.IN","","","","","","","","","","","","","","","","","","","","","","","","","","","","","","","2364214","2414151","2472843","2579827","2139935","1722936","2069207","2428351","2580156","2658479","2733475","2804806","2878530","2965592","3060533","3153448","3244740","3335780","3428312","3524232","3624033","3725842","3828558","3934027","4042608","4154021","4269266","4388612","4514731","4505832","4981285","4769099","5079189","5531930","5672552","5843274",
"South Asia","SAS","Labor force, total","SL.TLF.TOTL.IN","","","","","","","","","","","","","","","","","","","","","","","","","","","","","","","356025995","365051908","374361337","384174637","394200377","406050472","418756778","431762428","445613801","459131535","472836407","483431090","493728341","503804643","513984040","524059948","527851037","531598949","535015838","538546532","542294917","547215255","552104604","560850749","569856830","579056589","588022370","599795845","608713889","617666967","619936303","640376891","661309170","681389763","699442220","709779338",
"Saudi Arabia","SAU","Labor force, total","SL.TLF.TOTL.IN","","","","","","","","","","","","","","","","","","","","","","","","","","","","","","","3115203","3275665","3453509","3605221","3758723","3915197","4072470","4232237","4394485","4561974","4891476","5136870","5431092","5785353","6176510","6604532","7069191","7548942","8067087","8586196","8924741","9790087","10684948","11714121","12334605","13349016","14104287","13674850","13337661","13661774","14673206","14623231","15469059","16713756","17534019","17858342",
"Sudan","SDN","Labor force, total","SL.TLF.TOTL.IN","","","","","","","","","","","","","","","","","","","","","","","","","","","","","","","5939068","6076864","6219895","6387063","6589705","6812527","7024779","7167065","7331500","7494398","7658513","7824410","7989799","8136941","8278923","8433244","8597845","8777369","8975910","9307983","9560739","9764043","9794697","9839163","9935420","10077759","10212220","10406873","10606791","10724574","10720171","10843717","10949089","","","",
"Senegal","SEN","Labor force, total","SL.TLF.TOTL.IN","","","","","","","","","","","","","","","","","","","","","","","","","","","","","","","2107627","2175599","2245704","2317445","2389573","2460646","2530105","2598617","2667709","2738936","2812633","2888398","2969419","3050718","3128510","3207425","3287202","3335550","3383059","3429881","3476083","3527054","3583550","3653241","3737652","3825810","4362873","4146271","4514053","4904458","5080703","5361107","5578418","5755823","5930338","6131225",
"Singapore","SGP","Labor force, total","SL.TLF.TOTL.IN","","","","","","","","","","","","","","","","","","","","","","","","","","","","","","","1461706","1522540","1583730","1635740","1705718","1786392","1886519","1977115","2067428","2092081","2138100","2205923","2200772","2176377","2211220","2301785","2426201","2530038","2737323","2837096","2936802","3012462","3125729","3179345","3266959","3360400","3396546","3388507","3390276","3454121","3431193","3385810","3459003","3622441","3689424","3736251",
"Solomon Islands","SLB","Labor force, total","SL.TLF.TOTL.IN","","","","","","","","","","","","","","","","","","","","","","","","","","","","","","","149936","155387","160398","166074","171530","176960","183233","189909","196551","203427","211276","217971","224078","229154","233973","238676","243560","248361","252792","257843","265141","275534","286978","298607","311186","324142","336997","350561","364564","376244","382865","396138","409847","422325","435148","448502",
"Sierra Leone","SLE","Labor force, total","SL.TLF.TOTL.IN","","","","","","","","","","","","","","","","","","","","","","","","","","","","","","","1541154","1557747","1526700","1521587","1525628","1525989","1531495","1549694","1563216","1568923","1605291","1701956","1802396","1877134","1987007","2016468","2036513","2056536","2083057","2113912","2145691","2175687","2205067","2234189","2263325","2300301","2339207","2379454","2419052","2487971","2538353","2629616","2710522","2789202","2866950","2934968",
"El Salvador","SLV","Labor force, total","SL.TLF.TOTL.IN","","","","","","","","","","","","","","","","","","","","","","","","","","","","","","","1936380","1974487","2015122","2084523","2156922","2164164","2149076","2174391","2284553","2296264","2300761","2302106","2301183","2376142","2336542","2368100","2397018","2437329","2448227","2459601","2471139","2492794","2554561","2605139","2591567","2591980","2645808","2658834","2664932","2732360","2595893","2739437","2806629","2904981","2951018","2989409",
"San Marino","SMR","Labor force, total","SL.TLF.TOTL.IN","","","","","","","","","","","","","","","","","","","","","","","","","","","","","","","","","","","","","","","","","","","","","","","","","","","","","","","","","","","","","","","","","","",
"Somalia, Fed. Rep.","SOM","Labor force, total","SL.TLF.TOTL.IN","","","","","","","","","","","","","","","","","","","","","","","","","","","","","","","1275918","1228156","1176749","1212271","1272347","1316655","1363071","1409681","1467256","1525786","1586078","1648683","1709618","1771377","1834004","1892176","1941927","1996305","2055329","2110183","2166597","2191973","2221994","2298110","2384281","2470187","2569469","2674985","2775849","2883798","2972858","3090758","3211325","3319369","3441587","3555419",
"Serbia","SRB","Labor force, total","SL.TLF.TOTL.IN","","","","","","","","","","","","","","","","","","","","","","","","","","","","","","","3754370","3633046","3643104","3644897","3625553","3600364","3564333","3513727","3482720","3530070","3502798","3480405","3463531","3442922","3415613","3388620","3363954","3362194","3309218","3186654","3096867","3083122","3094915","3141511","3153169","3113181","3203020","3222414","3230350","3219618","3157142","3290058","3257209","3295577","3339034","3314645",
"Sub-Saharan Africa (excluding high income)","SSA","Labor force, total","SL.TLF.TOTL.IN","","","","","","","","","","","","","","","","","","","","","","","","","","","","","","","187020320","192488972","198145190","204038852","210330745","216481991","222099028","227821772","234224222","240988510","247728679","254633607","261739892","268972207","276369927","283857491","291134183","298442361","305851265","312999412","320202967","329662113","336239497","347665406","354981763","364517659","374282402","383069530","393850299","404983232","411041674","426354049","442717094","448364521","457094864","470646102",
"South Sudan","SSD","Labor force, total","SL.TLF.TOTL.IN","","","","","","","","","","","","","","","","","","","","","","","","","","","","","","","1922115","1961655","1988470","2002075","2046138","2106756","2154973","2214257","2266562","2336935","2445658","2556225","2664708","2779920","2919214","3083622","3265213","3461706","3666157","3866780","4113362","4380416","4596350","4775170","4763473","4667602","4507100","4187095","4140093","4349614","4510898","4661528","4793498","5070344","","",
"Sub-Saharan Africa","SSF","Labor force, total","SL.TLF.TOTL.IN","","","","","","","","","","","","","","","","","","","","","","","","","","","","","","","207968923","214376145","220969346","227615186","234674945","241597731","247973026","254433473","261569369","269097279","276637269","284397024","292433575","300652829","309082440","317644634","326024636","334517985","343184324","351658222","360279814","371248043","379402197","392434993","400522552","410807552","421306460","430809364","442242603","453972241","460180615","476317985","494481549","501784028","512194475","527425163",
"Small states","SST","Labor force, total","SL.TLF.TOTL.IN","","","","","","","","","","","","","","","","","","","","","","","","","","","","","","","5374353","5453152","5487587","5521713","5590142","5651380","5729806","5830804","5923919","5982529","6040230","6155149","6271971","6448417","6543384","6620230","6756740","6861251","6972700","7056864","7163271","7257503","7360430","7476785","7580989","7696537","7801495","7935291","8083555","8226695","8055944","8192349","8482721","8690821","8767036","8845185",
"Sao Tome and Principe","STP","Labor force, total","SL.TLF.TOTL.IN","","","","","","","","","","","","","","","","","","","","","","","","","","","","","","","16668","17027","17345","17666","17989","18312","18636","18962","19288","19612","19926","20311","20825","21389","21948","22509","23073","23636","24197","24756","25313","25865","26393","26895","27401","27918","28447","28984","29532","30096","30200","31376","32567","33407","34253","35075",
"Suriname","SUR","Labor force, total","SL.TLF.TOTL.IN","","","","","","","","","","","","","","","","","","","","","","","","","","","","","","","124285","125476","126445","126430","127758","130458","133634","137034","140628","144283","150740","157213","163639","170001","175179","179276","183522","187926","192509","197286","202286","207535","212991","218645","224478","230457","236541","240368","244674","248439","235893","241674","245451","249544","253976","257128",
"Slovak Republic","SVK","Labor force, total","SL.TLF.TOTL.IN","","","","","","","","","","","","","","","","","","","","","","","","","","","","","","","2595058","2635687","2575461","2520357","2455663","2479680","2517738","2521164","2518451","2548083","2581927","2621280","2628367","2661789","2667677","2655652","2651834","2649679","2682509","2670723","2681599","2684605","2707969","2715149","2743071","2738069","2756837","2751313","2742867","2735233","2705756","2757031","2791445","2791584","2776940","2746734",
"Slovenia","SVN","Labor force, total","SL.TLF.TOTL.IN","","","","","","","","","","","","","","","","","","","","","","","","","","","","","","","926757","929821","931987","932795","935246","938320","941323","961054","979781","965745","962184","971801","987254","964072","1008932","1017728","1025310","1041672","1039794","1045805","1044156","1023430","1018089","1014176","1017500","1012244","998728","1028260","1038040","1035062","1031435","1044095","1058958","1047279","1051473","1046040",
"Sweden","SWE","Labor force, total","SL.TLF.TOTL.IN","","","","","","","","","","","","","","","","","","","","","","","","","","","","","","","4708094","4676303","4591180","4502573","4471760","4528462","4522092","4507531","4469126","4515590","4486411","4557682","4579075","4605791","4619761","4715768","4766168","4842914","4903302","4912061","4942519","5002813","5032178","5090081","5132346","5177451","5244169","5331498","5397382","5458324","5463932","5504637","5586140","5661389","5680083","5709480",
"Eswatini","SWZ","Labor force, total","SL.TLF.TOTL.IN","","","","","","","","","","","","","","","","","","","","","","","","","","","","","","","248520","260543","272483","281512","279033","277189","284883","292470","299615","306353","312687","318309","323143","327249","330788","333903","336690","340070","344385","348706","352683","356349","359714","363011","366547","370293","373981","376955","380669","384496","385559","393966","406038","418086","424113","430869",
"Sint Maarten (Dutch part)","SXM","Labor force, total","SL.TLF.TOTL.IN","","","","","","","","","","","","","","","","","","","","","","","","","","","","","","","","","","","","","","","","","","","","","","","","","","","","","","","","","","","","","","","","","","",
"Seychelles","SYC","Labor force, total","SL.TLF.TOTL.IN","","","","","","","","","","","","","","","","","","","","","","","","","","","","","","","","","","","","","","","","","","","","","","","","","","","","","","","","","","","","","","","","","","",
"Syrian Arab Republic","SYR","Labor force, total","SL.TLF.TOTL.IN","","","","","","","","","","","","","","","","","","","","","","","","","","","","","","","3428690","3562419","3696179","3841771","3928390","4009358","4167038","4327467","4493812","4704871","4923495","4998848","5072868","5144334","5239465","5339779","5571945","5847208","6012322","6009823","6130225","6346859","5662953","5074803","4607761","4353793","4329700","4403603","4590870","4920535","4944498","5237189","5706897","6103412","6464691","6764801",
"Turks and Caicos Islands","TCA","Labor force, total","SL.TLF.TOTL.IN","","","","","","","","","","","","","","","","","","","","","","","","","","","","","","","","","","","","","","","","","","","","","","","","","","","","","","","","","","","","","","","","","","",
"Chad","TCD","Labor force, total","SL.TLF.TOTL.IN","","","","","","","","","","","","","","","","","","","","","","","","","","","","","","","2284096","2370516","2479498","2514530","2527214","2636467","2743008","2800176","2864476","2940091","3012805","3080169","3158872","3273492","3419145","3541960","3639849","3732926","3836518","3946011","4047417","4160410","4278285","4404538","4535967","4641464","4749824","4877629","5014610","5188719","5321517","5534858","5803315","6143264","6524704","6746477",
"East Asia & Pacific (IDA & IBRD countries)","TEA","Labor force, total","SL.TLF.TOTL.IN","","","","","","","","","","","","","","","","","","","","","","","","","","","","","","","831934017","842787479","854579779","864674569","877618223","889804075","902572860","915237768","928751955","940395828","952624543","966956290","979889016","993822325","1008189795","1020776449","1032888853","1046536632","1055443178","1063216505","1070851319","1082563585","1088688800","1091372181","1097564029","1102036746","1104903579","1105742766","1110287268","1113702932","1095760374","1115624247","1116358047","1126751423","1124045998","1127416410",
"Europe & Central Asia (IDA & IBRD countries)","TEC","Labor force, total","SL.TLF.TOTL.IN","","","","","","","","","","","","","","","","","","","","","","","","","","","","","","","194675665","195940002","196017766","193467827","193381151","193399229","192621916","191322140","191380854","196303871","196028772","195693164","196712443","196533861","196864765","197855972","198640203","200107293","201898719","202841839","204708408","206454709","207254140","208079236","208891627","209962028","211187986","211959695","212645737","212242812","208740317","211083274","193135029","194204826","195198892","194221898",
"Togo","TGO","Labor force, total","SL.TLF.TOTL.IN","","","","","","","","","","","","","","","","","","","","","","","","","","","","","","","1298025","1339739","1382217","1377851","1387357","1453551","1513435","1567967","1619712","1672302","1724206","1774282","1823154","1872991","1925102","1978125","2037983","2101468","2164656","2227562","2287943","2349345","2411647","2475181","2540610","2608149","2677913","2749806","2823599","2899008","2950943","3048503","3148313","3239829","3330912","3421753",
"Thailand","THA","Labor force, total","SL.TLF.TOTL.IN","","","","","","","","","","","","","","","","","","","","","","","","","","","","","","","28835252","29588647","30319020","31018796","31687801","32495666","33280368","33925700","34179395","34287322","35011504","35644475","36072920","36488833","37013784","37537474","37757576","38463790","38958286","39417409","39244294","40584009","40844641","39678084","39964948","40014953","39822992","39720340","40193292","39952678","40252215","40439671","40754371","41287040","41014040","40871242",
"Tajikistan","TJK","Labor force, total","SL.TLF.TOTL.IN","","","","","","","","","","","","","","","","","","","","","","","","","","","","","","","1671723","1707728","1731864","1743638","1767270","1802856","1843805","1880368","1911239","1945266","1995679","2062032","2130435","2199613","2183109","2160857","2131688","2095011","2051949","2005435","2035779","2064762","2096722","2133789","2171321","2207719","2243295","2252648","2253700","2253843","2279405","2344147","2442377","2513014","2588617","2647875",
"Turkmenistan","TKM","Labor force, total","SL.TLF.TOTL.IN","","","","","","","","","","","","","","","","","","","","","","","","","","","","","","","1053610","1099215","1178740","1209783","1313281","1379173","1392743","1488524","1507805","1496201","1532537","1574830","1635700","1682934","1721750","1725300","1737301","1749550","1749892","1782810","1805247","1811049","1829449","1850783","1871909","1901921","1931509","1959102","1985757","2011076","1985797","2025036","2084340","2113074","2164626","2202574",
"Latin America & the Caribbean (IDA & IBRD countries)","TLA","Labor force, total","SL.TLF.TOTL.IN","","","","","","","","","","","","","","","","","","","","","","","","","","","","","","","167242341","171919492","177072176","182491887","187624375","192837039","195851011","202830624","208036609","212679233","216788322","221553599","226327443","231745011","237774641","243619426","249011371","253077765","257376490","262772129","265429742","268486961","273561216","276831935","279971494","284768255","288656927","293285243","297637851","302190069","285373071","300237632","307429845","310856947","315378651","318696994",
"Timor-Leste","TLS","Labor force, total","SL.TLF.TOTL.IN","","","","","","","","","","","","","","","","","","","","","","","","","","","","","","","315882","321483","328558","335932","344275","352983","361681","371634","383392","347315","298005","323297","352942","369584","374867","381649","393299","401624","410153","419267","428797","439563","451161","463844","476704","490678","505233","522211","538790","548771","559412","579432","593922","606149","620365","635489",
"Middle East, North Africa, Afghanistan & Pakistan (IDA & IBRD)","TMN","Labor force, total","SL.TLF.TOTL.IN","","","","","","","","","","","","","","","","","","","","","","","","","","","","","","","96881978","100097950","103083427","105814585","109018030","111178801","114901669","119055434","122567332","127595043","131353894","134839824","137892189","142636613","147893877","152820303","157065535","161613236","164514839","169811831","174918924","177113204","180791544","184036846","186403823","189936791","193150148","195261884","197194401","200733998","199490412","205983974","210570858","217277099","219757905","224195301",
"Tonga","TON","Labor force, total","SL.TLF.TOTL.IN","","","","","","","","","","","","","","","","","","","","","","","","","","","","","","","32884","33647","34415","35186","35945","35945","35912","36102","36493","36817","37080","37280","37417","37506","37561","37586","37584","37650","37771","37845","37875","37835","37695","37481","37216","36946","36638","36431","36363","36164","35568","35255","34733","34073","33779","33628",
"South Asia (IDA & IBRD)","TSA","Labor force, total","SL.TLF.TOTL.IN","","","","","","","","","","","","","","","","","","","","","","","","","","","","","","","356025995","365051908","374361337","384174637","394200377","406050472","418756778","431762428","445613801","459131535","472836407","483431090","493728341","503804643","513984040","524059948","527851037","531598949","535015838","538546532","542294917","547215255","552104604","560850749","569856830","579056589","588022370","599795845","608713889","617666967","619936303","640376891","661309170","681389763","699442220","709779338",
"Sub-Saharan Africa (IDA & IBRD countries)","TSS","Labor force, total","SL.TLF.TOTL.IN","","","","","","","","","","","","","","","","","","","","","","","","","","","","","","","207968923","214376145","220969346","227615186","234674945","241597731","247973026","254433473","261569369","269097279","276637269","284397024","292433575","300652829","309082440","317644634","326024636","334517985","343184324","351658222","360279814","371248043","379402197","392434993","400522552","410807552","421306460","430809364","442242603","453972241","460180615","476317985","494481549","501784028","512194475","527425163",
"Trinidad and Tobago","TTO","Labor force, total","SL.TLF.TOTL.IN","","","","","","","","","","","","","","","","","","","","","","","","","","","","","","","490360","498662","508811","517277","535230","553081","570696","583019","595443","606295","616212","626695","636894","658376","679474","670234","677046","677808","681951","676038","670134","665988","679786","684094","690101","684099","676403","673740","672830","671805","651175","641986","651121","664410","654403","653446",
"Tunisia","TUN","Labor force, total","SL.TLF.TOTL.IN","","","","","","","","","","","","","","","","","","","","","","","","","","","","","","","2547966","2629038","2709741","2794283","2876850","2955693","3034707","3114488","3166879","3218934","3270136","3319983","3367629","3412860","3455889","3495960","3585831","3653322","3722463","3800334","3870527","3932836","4026524","4026064","4050207","4077612","4133705","4149640","4284730","4418079","4082144","4089131","4232595","4220581","4241942","4268286",
"Turkiye","TUR","Labor force, total","SL.TLF.TOTL.IN","","","","","","","","","","","","","","","","","","","","","","","","","","","","","","","20354848","21015986","21160763","20211005","21720314","22054066","22434274","22467652","23094059","23563397","22804910","23207086","23537756","23365651","22775376","23212611","23497202","23635212","24405474","25413653","26452690","27575358","28126488","29149709","29521920","30550902","31514194","32535361","33302540","33686201","31770146","33490693","35081594","35554975","36409307","36818130",
"Tuvalu","TUV","Labor force, total","SL.TLF.TOTL.IN","","","","","","","","","","","","","","","","","","","","","","","","","","","","","","","","","","","","","","","","","","","","","","","","","","","","","","","","","","","","","","","","","","",
"Tanzania","TZA","Labor force, total","SL.TLF.TOTL.IN","","","","","","","","","","","","","","","","","","","","","","","","","","","","","","","12145602","12495234","12850664","13358345","14039173","14574206","14800775","15071449","15494414","15933453","16421275","16876892","17384896","17913256","18459197","19021824","19602335","20013223","20409553","20740296","21118881","21614611","22152965","22738784","23349936","24221886","25187717","26154191","27078758","27975993","28601375","29917681","30944597","31961730","32994873","34052654",
"Uganda","UGA","Labor force, total","SL.TLF.TOTL.IN","","","","","","","","","","","","","","","","","","","","","","","","","","","","","","","6667137","6880992","7115745","7359348","7599578","7768789","7942008","8149195","8373235","8638863","8905138","9169767","9453754","9755443","10044159","10334763","10633845","10950905","11284786","11635163","12002316","13558282","12226045","15284266","14471843","14730557","15021481","15308568","16685865","18014065","18996710","20121421","21087767","21821722","22581703","23393999",
"Ukraine","UKR","Labor force, total","SL.TLF.TOTL.IN","","","","","","","","","","","","","","","","","","","","","","","","","","","","","","","24278759","24271733","24286634","24255649","24115146","23935494","23759088","23601040","23487149","23392137","23286247","23187781","23106162","23020786","22913408","22748573","22601904","22737531","22645052","22544725","22447916","22352316","22263021","22165599","22030438","21887026","21762800","21646057","21532531","21427188","20851194","20538715","","","","",
"Upper middle income","UMC","Labor force, total","SL.TLF.TOTL.IN","","","","","","","","","","","","","","","","","","","","","","","","","","","","","","","1019145945","1034070000","1049699639","1062321398","1079896728","1095269214","1109046337","1126845564","1144353534","1159977119","1174920238","1192236138","1209492534","1227791831","1246115157","1263477642","1278853711","1294089712","1304587201","1316179548","1323858572","1336072026","1347267932","1352298541","1360025681","1370605406","1378204362","1386007867","1394068999","1402639154","1367134382","1402984014","1387806416","1403232197","1404842761","1410283118",
"Uruguay","URY","Labor force, total","SL.TLF.TOTL.IN","","","","","","","","","","","","","","","","","","","","","","","","","","","","","","","1321435","1341324","1355016","1341848","1387677","1422234","1457667","1474748","1491601","1469921","1486319","1526779","1492289","1475293","1489512","1495508","1563527","1617437","1630866","1659322","1657841","1712840","1702318","1702341","1739488","1724536","1725328","1721302","1718627","1721844","1665492","1721005","1733922","1779292","1799101","1806025",
"United States","USA","Labor force, total","SL.TLF.TOTL.IN","","","","","","","","","","","","","","","","","","","","","","","","","","","","","","","127821416","128740615","130853396","132266996","134611321","136621148","138775669","141357334","143097780","145083084","147139887","148213470","149241895","149992325","151218126","153120588","155267046","156588966","158272885","158353162","158330168","158537150","159682753","160132463","160876331","161927418","163886456","165597316","167002008","168920514","166565059","167182196","169494100","172300802","174221396","174845690",
"Uzbekistan","UZB","Labor force, total","SL.TLF.TOTL.IN","","","","","","","","","","","","","","","","","","","","","","","","","","","","","","","6909043","7173725","7402057","7622263","7838223","8021568","8170238","8353091","8545155","8759872","8934705","9139223","9338915","9530656","9733524","9926694","10115555","10335312","10579619","10930045","11169651","11443387","11719212","11943472","12175844","12408130","12621150","12801349","12995383","13189076","13101591","13396633","13993646","14231376","14455298","14638807",
"St. Vincent and the Grenadines","VCT","Labor force, total","SL.TLF.TOTL.IN","","","","","","","","","","","","","","","","","","","","","","","","","","","","","","","43636","44421","45384","46289","47018","47787","48420","49032","49584","50032","50373","50779","51390","52025","52547","52991","53462","53839","54133","54347","54437","54477","54510","54562","54577","54603","54627","54592","54559","54464","53554","53497","53833","53876","53881","53688",
"Venezuela, RB","VEN","Labor force, total","SL.TLF.TOTL.IN","","","","","","","","","","","","","","","","","","","","","","","","","","","","","","","7857780","8150266","8420107","8648193","8855095","9123020","9356079","9655834","9900846","10075265","10357302","10637185","10767716","10900540","11370905","11741977","12114160","12288144","12512529","12701604","12898145","13082614","13203531","13325068","13437961","13538387","13570521","13220939","12502649","11487785","9889854","9968779","10509662","10735039","11010896","11118416",
"British Virgin Islands","VGB","Labor force, total","SL.TLF.TOTL.IN","","","","","","","","","","","","","","","","","","","","","","","","","","","","","","","","","","","","","","","","","","","","","","","","","","","","","","","","","","","","","","","","","","",
"Virgin Islands (U.S.)","VIR","Labor force, total","SL.TLF.TOTL.IN","","","","","","","","","","","","","","","","","","","","","","","","","","","","","","","48420","52109","53625","54223","54700","51480","48426","48142","47905","47018","48131","50350","49875","49034","50895","52057","52651","53487","53588","53743","52285","52982","52085","49212","48643","50829","50806","51811","48542","46389","46574","47357","47986","47790","47476","47005",
"Viet Nam","VNM","Labor force, total","SL.TLF.TOTL.IN","","","","","","","","","","","","","","","","","","","","","","","","","","","","","","","31496153","32320532","33115526","33938919","34771003","35609733","36468498","37016863","37710949","38384112","38790735","40511879","41102232","41746162","42508994","43513617","44781401","46296491","47894666","49267257","50303014","51197726","51916391","53209344","53885546","54628714","54888312","55533898","56235855","56180127","55149609","55299911","56475416","56381956","56703936","57041323",
"Vanuatu","VUT","Labor force, total","SL.TLF.TOTL.IN","","","","","","","","","","","","","","","","","","","","","","","","","","","","","","","63953","65600","66927","67729","68767","70640","72599","74616","76813","79129","81643","84696","87881","90905","94000","97119","100201","99698","98679","97111","94738","96016","97169","98219","99196","100128","101055","102073","103194","104361","105798","108816","111868","114864","117969","120833",
"World","WLD","Labor force, total","SL.TLF.TOTL.IN","","","","","","","","","","","","","","","","","","","","","","","","","","","","","","","2322685727","2363656277","2403679396","2439038099","2482468924","2525159147","2568811762","2616772368","2663920914","2716330047","2762443952","2806152532","2851212331","2898063186","2947529378","2997204379","3039229306","3081183201","3117424560","3151288396","3182912494","3220227493","3254767408","3291126988","3325087977","3363643592","3400882046","3435255416","3472041781","3509211723","3473045948","3556319593","3599638706","3657473761","3697524627","3734006209",
"Samoa","WSM","Labor force, total","SL.TLF.TOTL.IN","","","","","","","","","","","","","","","","","","","","","","","","","","","","","","","55578","56074","56842","57645","58669","59119","59441","59965","60361","60712","60878","60920","61260","61769","62248","62548","62996","63617","64212","64885","65260","65692","66549","67321","67926","68373","68644","69083","67014","64742","61909","59735","57627","57666","57801","57776",
"Kosovo","XKX","Labor force, total","SL.TLF.TOTL.IN","","","","","","","","","","","","","","","","","","","","","","","","","","","","","","","","","","","","","","","","","","","","","","","","","","","","","","","","","","","","","","","","","","",
"Yemen, Rep.","YEM","Labor force, total","SL.TLF.TOTL.IN","","","","","","","","","","","","","","","","","","","","","","","","","","","","","","","3005968","3114591","3228874","3353058","3483901","3654887","3833542","4018166","4213020","4420595","4519390","4622334","4728950","4840323","4959009","5102583","5269013","5442713","5624158","5811858","6001445","6114378","6230735","6349911","6474957","5811186","6044703","6279018","6505806","6735232","6884754","7037044","7408746","7664536","7928543","8155939",
"South Africa","ZAF","Labor force, total","SL.TLF.TOTL.IN","","","","","","","","","","","","","","","","","","","","","","","","","","","","","","","14739816","15115009","15381627","15744688","16012767","16155006","16358427","16607141","16939801","17269604","17579103","17886684","18213750","18543438","18856474","19148046","19425615","19701783","19985153","19627941","19313604","19595642","20077789","20696420","21191119","22199948","22454382","22888401","23325105","23899064","22347803","23480812","24587967","25707269","26362253","26731522",
"Zambia","ZMB","Labor force, total","SL.TLF.TOTL.IN","","","","","","","","","","","","","","","","","","","","","","","","","","","","","","","2397170","2460274","2522822","2585349","2648159","2711960","2778194","2850681","2928130","3010189","3100873","3205152","3315125","3428701","3547801","3675118","3812820","3958969","4112860","4271856","4433254","4593175","4755565","4924206","5100623","5282918","5472448","5669282","5870382","6200188","6574250","6728077","6905885","7453413","7724343","8011366",
"Zimbabwe","ZWE","Labor force, total","SL.TLF.TOTL.IN","","","","","","","","","","","","","","","","","","","","","","","","","","","","","","","3590008","3714749","3810735","3850702","3880873","3957290","4078583","4213710","4350611","4465846","4537120","4587960","4639582","4688939","4728584","4760160","4810305","4867035","4911151","4959627","5015581","5081883","5143461","5200964","5270044","5349250","5441038","5543892","5654759","5773237","5805013","6005153","6118687","6499497","6660943","6854692",
