"Data Source","World Development Indicators",

"Last Updated Date","2026-04-08",

"Country Name","Country Code","Indicator Name","Indicator Code","1960","1961","1962","1963","1964","1965","1966","1967","1968","1969","1970","1971","1972","1973","1974","1975","1976","1977","1978","1979","1980","1981","1982","1983","1984","1985","1986","1987","1988","1989","1990","1991","1992","1993","1994","1995","1996","1997","1998","1999","2000","2001","2002","2003","2004","2005","2006","2007","2008","2009","2010","2011","2012","2013","2014","2015","2016","2017","2018","2019","2020","2021","2022","2023","2024","2025",
"Aruba","ABW","Arms exports (SIPRI trend indicator values)","MS.MIL.XPRT.KD","","","","","","","","","","","","","","","","","","","","","","","","","","","","","","","","","","","","","18000000","","","","","","","","","","","","","","","","","","","","","","","","","","","","","",
"Africa Eastern and Southern","AFE","Arms exports (SIPRI trend indicator values)","MS.MIL.XPRT.KD","27000000","33000000","","","","","","9000000","","13000000","2000000","7000000","22000000","1000000","2000000","28000000","19000000","","","","49000000","62000000","1000000","","","60000000","29000000","79000000","25000000","","","","","56000000","","","","","","","","","24000000","","","","","","","","","","","","","","","","","","","","","","","",
"Afghanistan","AFG","Arms exports (SIPRI trend indicator values)","MS.MIL.XPRT.KD","","","","","","","","","","","","","","","","","","","","","","","","","","","","","","","","","1000000","","","","","","","","","","","","","","","","","","","","","","","","","","","","","","","","","",
"Africa Western and Central","AFW","Arms exports (SIPRI trend indicator values)","MS.MIL.XPRT.KD","","","","","","","","","","","","1000000","","1000000","","","","","","","","","","","","","","","","","","","","","","","","","","","","","","","","","","","","","","","","","","","","","","","","","","","","",
"Angola","AGO","Arms exports (SIPRI trend indicator values)","MS.MIL.XPRT.KD","","","","","","","","","","","","","","","","","","","","3000000","0","","","","","","","","","","","","","","","","","","","","","","2000000","","","","","","","","","","","","","","","","","","","","","","","",
"Albania","ALB","Arms exports (SIPRI trend indicator values)","MS.MIL.XPRT.KD","","","","","","","","","","","","","","","","","","","","","","","","","","","","","","","","","","","","","","","","","","","","","","","","","","","","1000000","","","","","","","","","","","","","","",
"Andorra","AND","Arms exports (SIPRI trend indicator values)","MS.MIL.XPRT.KD","","","","","","","","","","","","","","","","","","","","","","","","","","","","","","","","","","","","","","","","","","","","","","","","","","","","","","","","","","","","","","","","","","",
"Arab World","ARB","Arms exports (SIPRI trend indicator values)","MS.MIL.XPRT.KD","3000000","0","9000000","8000000","1000000","","14000000","24000000","35000000","21000000","56000000","","2000000","","","","4000000","","","","","222000000","","","102000000","","","","","","","","","","","","","","","","","","","","","","","","","","","","","","","","","","","","","","","210000000","","",
"United Arab Emirates","ARE","Arms exports (SIPRI trend indicator values)","MS.MIL.XPRT.KD","","","","","","","","","","","","","","","8000000","","","","","","","","","14000000","","","22000000","1000000","","","2000000","","","","","28000000","6000000","37000000","","","","","","","3000000","11000000","17000000","3000000","","34000000","39000000","3000000","70000000","108000000","88000000","143000000","98000000","103000000","117000000","128000000","195000000","58000000","18000000","65000000","117000000","",
"Argentina","ARG","Arms exports (SIPRI trend indicator values)","MS.MIL.XPRT.KD","","","6000000","","4000000","","","0","8000000","","0","","11000000","","","","1000000","","","8000000","1000000","31000000","7000000","5000000","","","","4000000","0","","6000000","0","","13000000","5000000","5000000","","","","","2000000","","2000000","","","","2000000","","","","","1000000","","","","","","","","","","","","","","",
"Armenia","ARM","Arms exports (SIPRI trend indicator values)","MS.MIL.XPRT.KD","","","","","","","","","","","","","","","","","","","","","","","","","","","","","","","","","","","","","","","","","","","","","","","4000000","","","","","","","","","","","","","","","","","","","",
"American Samoa","ASM","Arms exports (SIPRI trend indicator values)","MS.MIL.XPRT.KD","","","","","","","","","","","","","","","","","","","","","","","","","","","","","","","","","","","","","","","","","","","","","","","","","","","","","","","","","","","","","","","","","","",
"Antigua and Barbuda","ATG","Arms exports (SIPRI trend indicator values)","MS.MIL.XPRT.KD","","","","","","","","","","","","","","","","","","","","","","","","","","","","","","","","","","","","","","","","","","","","","","","","","","","","","","","","","","","","","","","","","","",
"Australia","AUS","Arms exports (SIPRI trend indicator values)","MS.MIL.XPRT.KD","","2000000","4000000","","","","","","","26000000","17000000","36000000","6000000","72000000","92000000","131000000","113000000","62000000","21000000","22000000","15000000","17000000","26000000","31000000","62000000","10000000","57000000","89000000","12000000","18000000","156000000","84000000","","30000000","24000000","36000000","10000000","14000000","4000000","","","43000000","47000000","44000000","2000000","49000000","26000000","52000000","56000000","84000000","137000000","143000000","45000000","54000000","94000000","84000000","135000000","100000000","39000000","129000000","406000000","169000000","19000000","80000000","75000000","",
"Austria","AUT","Arms exports (SIPRI trend indicator values)","MS.MIL.XPRT.KD","","","","","0","0","1000000","1000000","1000000","1000000","1000000","1000000","1000000","1000000","0","0","","","37000000","126000000","54000000","70000000","61000000","58000000","60000000","248000000","40000000","30000000","12000000","12000000","30000000","20000000","20000000","10000000","17000000","","18000000","3000000","29000000","23000000","23000000","17000000","83000000","2000000","3000000","3000000","62000000","67000000","14000000","44000000","65000000","52000000","23000000","28000000","16000000","10000000","17000000","22000000","8000000","3000000","10000000","3000000","3000000","3000000","16000000","",
"Azerbaijan","AZE","Arms exports (SIPRI trend indicator values)","MS.MIL.XPRT.KD","","","","","","","","","","","","","","","","","","","","","","","","","","","","","","","","","","","","","","","","","","","","","","","","","","","","","","","","","","","","","","","","","","",
"Burundi","BDI","Arms exports (SIPRI trend indicator values)","MS.MIL.XPRT.KD","","","","","","","","","","","","","","","","","","","","","","","","","","","","","","","","","","","","","","","","","","","","","","","","","","","","","","","","","","","","","","","","","","",
"Belgium","BEL","Arms exports (SIPRI trend indicator values)","MS.MIL.XPRT.KD","3000000","0","2000000","0","0","","12000000","","","5000000","","0","","","","","","","2000000","3000000","1000000","19000000","41000000","89000000","115000000","3000000","19000000","","18000000","36000000","1000000","1000000","","","39000000","161000000","61000000","93000000","46000000","62000000","46000000","37000000","32000000","15000000","47000000","160000000","59000000","32000000","223000000","242000000","11000000","110000000","21000000","54000000","10000000","12000000","7000000","17000000","21000000","62000000","29000000","95000000","146000000","39000000","40000000","",
"Benin","BEN","Arms exports (SIPRI trend indicator values)","MS.MIL.XPRT.KD","","","","","","","","","","","","","","","","","","","","","","","","","","","","","","","","","","","","","","","","","","","","","","","","","","","","","","","","","","","","","","","","","","",
"Burkina Faso","BFA","Arms exports (SIPRI trend indicator values)","MS.MIL.XPRT.KD","","","","","","","","","","","","","","","","","","","","","","","","","","","","","","","","","","","","","","","","","","","","","","","","","","","","","","","","","","","","","","","","","","",
"Bangladesh","BGD","Arms exports (SIPRI trend indicator values)","MS.MIL.XPRT.KD","","","","","","","","","","","","","","","","","","","","","","","","","2000000","","","","","","","","","","","","","","","","","","","","","","","","","","","","","","","","","","","","","","","","","",
"Bulgaria","BGR","Arms exports (SIPRI trend indicator values)","MS.MIL.XPRT.KD","","","","","","","","","","","","","","","","","","","","","","","","4000000","","","106000000","","","8000000","8000000","44000000","60000000","28000000","56000000","1000000","21000000","8000000","41000000","172000000","6000000","10000000","37000000","45000000","20000000","87000000","5000000","9000000","4000000","16000000","4000000","2000000","13000000","23000000","23000000","81000000","83000000","33000000","14000000","11000000","3000000","7000000","34000000","19000000","14000000","",
"Bahrain","BHR","Arms exports (SIPRI trend indicator values)","MS.MIL.XPRT.KD","","","","","","","","","","","","","","","","","","","","","","","","","","","","","","","","","","","","","","","","","","2000000","","","","","","","","","","","","","","","","","","","","","","","","",
"Bahamas, The","BHS","Arms exports (SIPRI trend indicator values)","MS.MIL.XPRT.KD","","","","","","","","","","","","","","","","","","","","","","","","","","","","","","","","","","","","","","","","","","","","","","","","","","","","","","","","0","","","","","","","","","","",
"Bosnia and Herzegovina","BIH","Arms exports (SIPRI trend indicator values)","MS.MIL.XPRT.KD","","","","","","","","","","","","","","","","","","","","","","","","","","","","","","","","","","","","","","","","","","","9000000","","","","","","","","","14000000","","3000000","","","","","","","","","2000000","7000000","","",
"Belarus","BLR","Arms exports (SIPRI trend indicator values)","MS.MIL.XPRT.KD","","","","","","","","","","","","","","","","","","","","","","","","","","","","","","","","","","8000000","","7000000","129000000","402000000","63000000","454000000","293000000","49000000","64000000","58000000","19000000","53000000","43000000","6000000","224000000","41000000","161000000","98000000","97000000","269000000","101000000","142000000","152000000","52000000","79000000","84000000","59000000","111000000","58000000","45000000","","",
"Belize","BLZ","Arms exports (SIPRI trend indicator values)","MS.MIL.XPRT.KD","","","","","","","","","","","","","","","","","","","","","","","","","","","","","","","","","","","","","","","","","","","","","","","","","","","","","","","","","","","","","","","","","","",
"Bermuda","BMU","Arms exports (SIPRI trend indicator values)","MS.MIL.XPRT.KD","","","","","","","","","","","","","","","","","","","","","","","","","","","","","","","","","","","","","","","","","","","","","","","","","","","","","","","","","","","","","","","","","","",
"Bolivia","BOL","Arms exports (SIPRI trend indicator values)","MS.MIL.XPRT.KD","","","","","","","","","","","","","","","","","","","","","","","","","","","","","","","","","","","","","","","","","","","","","","","","","","","","","","","","","","","","","","","","","","",
"Brazil","BRA","Arms exports (SIPRI trend indicator values)","MS.MIL.XPRT.KD","2000000","12000000","","","","","","","","18000000","","0","","","32000000","58000000","104000000","144000000","183000000","73000000","159000000","68000000","123000000","200000000","275000000","207000000","138000000","216000000","206000000","53000000","106000000","127000000","98000000","40000000","54000000","38000000","27000000","27000000","18000000","","","","20000000","","46000000","1000000","44000000","54000000","93000000","44000000","146000000","32000000","33000000","31000000","30000000","52000000","123000000","36000000","102000000","21000000","163000000","86000000","7000000","54000000","116000000","",
"Barbados","BRB","Arms exports (SIPRI trend indicator values)","MS.MIL.XPRT.KD","","","","","","","","","","","","","","","","","","","","","","","","","","","","","","","","","","","","","","","","","","","","","","","","","","","","","","","","","","","","","","","","","","",
"Brunei Darussalam","BRN","Arms exports (SIPRI trend indicator values)","MS.MIL.XPRT.KD","","","","","","","","","","","","","","","","","","","","","","","","","","","","","","","","","","","","","","","","","","","","","","","","","","","","24000000","","","","","12000000","","","","","","","","","",
"Bhutan","BTN","Arms exports (SIPRI trend indicator values)","MS.MIL.XPRT.KD","","","","","","","","","","","","","","","","","","","","","","","","","","","","","","","","","","","","","","","","","","","","","","","","","","","","","","","","","","","","","","","","","","",
"Botswana","BWA","Arms exports (SIPRI trend indicator values)","MS.MIL.XPRT.KD","","","","","","","","","","","","","","","","","","","","","","","","","","","","","","","","","","","","","","","","","","","","","","","","","","","","","","","","","","","","","","","","","","",
"Central African Republic","CAF","Arms exports (SIPRI trend indicator values)","MS.MIL.XPRT.KD","","","","","","","","","","","","","","","","","","","","","","","","","","","","","","","","","","","","","","","","","","","","","","","","","","","","","","","","","","","","","","","","","","",
"Canada","CAN","Arms exports (SIPRI trend indicator values)","MS.MIL.XPRT.KD","66000000","300000000","188000000","238000000","273000000","121000000","112000000","73000000","198000000","183000000","198000000","290000000","323000000","118000000","113000000","82000000","259000000","138000000","177000000","163000000","116000000","105000000","237000000","97000000","77000000","83000000","236000000","244000000","124000000","33000000","79000000","93000000","139000000","144000000","161000000","242000000","132000000","96000000","34000000","76000000","69000000","120000000","177000000","301000000","288000000","234000000","253000000","353000000","251000000","198000000","196000000","273000000","258000000","166000000","179000000","325000000","95000000","63000000","117000000","230000000","117000000","123000000","179000000","283000000","152000000","",
"Central Europe and the Baltics","CEB","Arms exports (SIPRI trend indicator values)","MS.MIL.XPRT.KD","5000000","5000000","12000000","111000000","237000000","234000000","337000000","327000000","325000000","351000000","268000000","284000000","293000000","211000000","258000000","","","","363000000","291000000","278000000","425000000","325000000","243000000","","","399000000","","","53000000","127000000","112000000","","","586000000","443000000","276000000","150000000","","","186000000","","223000000","","","262000000","342000000","268000000","","","","","","469000000","","","","","","","","","1063000000","954000000","455000000","",
"Switzerland","CHE","Arms exports (SIPRI trend indicator values)","MS.MIL.XPRT.KD","435000000","493000000","534000000","351000000","394000000","484000000","367000000","262000000","91000000","105000000","18000000","42000000","34000000","54000000","89000000","465000000","573000000","339000000","223000000","486000000","562000000","555000000","411000000","331000000","528000000","347000000","348000000","319000000","375000000","322000000","475000000","506000000","454000000","235000000","176000000","144000000","204000000","131000000","198000000","226000000","139000000","218000000","177000000","205000000","290000000","273000000","318000000","323000000","503000000","257000000","278000000","343000000","251000000","208000000","347000000","490000000","220000000","175000000","243000000","218000000","145000000","105000000","176000000","63000000","33000000","",
"Channel Islands","CHI","Arms exports (SIPRI trend indicator values)","MS.MIL.XPRT.KD","","","","","","","","","","","","","","","","","","","","","","","","","","","","","","","","","","","","","","","","","","","","","","","","","","","","","","","","","","","","","","","","","","",
"Chile","CHL","Arms exports (SIPRI trend indicator values)","MS.MIL.XPRT.KD","","","","","","","","","","","","","","","","0","","","0","","0","0","","0","","","3000000","3000000","4000000","4000000","","3000000","8000000","","","","29000000","","2000000","1000000","1000000","","1000000","","","","","","100000000","","","","","","20000000","","","","0","","","","8000000","","","",
"China","CHN","Arms exports (SIPRI trend indicator values)","MS.MIL.XPRT.KD","285000000","35000000","47000000","12000000","75000000","387000000","619000000","426000000","746000000","669000000","905000000","1308000000","1246000000","658000000","508000000","661000000","580000000","224000000","611000000","553000000","943000000","707000000","1557000000","1763000000","1931000000","1292000000","1862000000","2600000000","1425000000","1056000000","954000000","1321000000","670000000","1435000000","1063000000","981000000","764000000","427000000","347000000","332000000","306000000","510000000","524000000","701000000","408000000","341000000","770000000","505000000","586000000","1125000000","1501000000","1258000000","1534000000","2076000000","1323000000","1819000000","2449000000","1624000000","1365000000","1604000000","635000000","1358000000","2280000000","2982000000","1131000000","",
"Cote d'Ivoire","CIV","Arms exports (SIPRI trend indicator values)","MS.MIL.XPRT.KD","","","","","","","","","","","","1000000","","","","","","","","","","","","","","","","","","","","","","","","","","","","","","","","","","","","","","","","","","","","","","","","","","","","","","",
"Cameroon","CMR","Arms exports (SIPRI trend indicator values)","MS.MIL.XPRT.KD","","","","","","","","","","","","","","","","","","","","","","","","","","","","","","","","","","","","","","","","","","","","","","","","","","","","","","","","","","","","","","","","","","",
"Congo, Dem. Rep.","COD","Arms exports (SIPRI trend indicator values)","MS.MIL.XPRT.KD","","","","","","","","","","","","","","","","","","","","1000000","","","","","","","","","","","","","","","","","","22000000","","","","","","","","","","","","","","","","","","","","","","","","","","","","",
"Congo, Rep.","COG","Arms exports (SIPRI trend indicator values)","MS.MIL.XPRT.KD","","","","","","","","","","","","","","","","","","","","","","","","","","","","","","","","","","","","","","","","","","","","","","","","","","","","","","","","","","","","","","","","","","",
"Colombia","COL","Arms exports (SIPRI trend indicator values)","MS.MIL.XPRT.KD","","","","","","","","","","","","","","","","","","","","","","","","","","","","","","","","","","","","","","","","","","","6000000","","","","","","","","","","0","","","","","10000000","","10000000","4000000","","","","","",
"Comoros","COM","Arms exports (SIPRI trend indicator values)","MS.MIL.XPRT.KD","","","","","","","","","","","","","","","","","","","","","","5000000","","","","","","","","","","","","","","","","","","","","","","","","","","","","","","","","","","","","","","","","","","","","",
"Cabo Verde","CPV","Arms exports (SIPRI trend indicator values)","MS.MIL.XPRT.KD","","","","","","","","","","","","","","","","","","","","","","","","","","","","","","","","","","","","","","","","","","","","","","","","","","","","","","","","","","","","","","","","","","",
"Costa Rica","CRI","Arms exports (SIPRI trend indicator values)","MS.MIL.XPRT.KD","","","","","","","","","","2000000","","","","","","","","","","","","","","","","","","","","","","","","","","","","","","","","","","","","","","","0","3000000","","","","","","","","","","","","","","","","",
"Caribbean small states","CSS","Arms exports (SIPRI trend indicator values)","MS.MIL.XPRT.KD","","","","","","","","","","","","","","","","","","","","","","","","","","","","","","","","","","","","","","","","","","","","","","","","","","","","","","","","","","","","","","","","","","",
"Cuba","CUB","Arms exports (SIPRI trend indicator values)","MS.MIL.XPRT.KD","","","","","","","","","","","","","","","","1000000","","","12000000","10000000","8000000","","","","","","","","","","","","","","","","","","","","","","","","","","","","","","","","","","","","","","","","","","","","","",
"Curacao","CUW","Arms exports (SIPRI trend indicator values)","MS.MIL.XPRT.KD","","","","","","","","","","","","","","","","","","","","","","","","","","","","","","","","","","","","","","","","","","","","","","","","","","","","","","","","","","","","","","","","","","",
"Cayman Islands","CYM","Arms exports (SIPRI trend indicator values)","MS.MIL.XPRT.KD","","","","","","","","","","","","","","","","","","","","","","","","","","","","","","","","","","","","","","","","","","","","","","","","","","","","","","","","","","","","","","","","","","",
"Cyprus","CYP","Arms exports (SIPRI trend indicator values)","MS.MIL.XPRT.KD","","","","","","","","","","","","","","","","","","","","","","","","","","","","","","","","","","","","","34000000","","","","","","","","","","","","","","","","","","","","","","","","","","","40000000","","",
"Czechia","CZE","Arms exports (SIPRI trend indicator values)","MS.MIL.XPRT.KD","","","","","","","","","","","","","","","","","","","","","","","","","","","","","","","","","","199000000","319000000","146000000","123000000","24000000","21000000","58000000","83000000","89000000","60000000","65000000","2000000","72000000","44000000","34000000","34000000","24000000","5000000","11000000","8000000","41000000","26000000","151000000","153000000","90000000","92000000","19000000","26000000","6000000","163000000","106000000","134000000","",
"Germany","DEU","Arms exports (SIPRI trend indicator values)","MS.MIL.XPRT.KD","156000000","12000000","154000000","141000000","437000000","327000000","712000000","759000000","589000000","876000000","1581000000","1357000000","1359000000","224000000","1189000000","1422000000","1658000000","1929000000","1606000000","1429000000","1598000000","1904000000","1519000000","2222000000","2938000000","1340000000","1364000000","924000000","1397000000","1273000000","1835000000","2418000000","1529000000","1559000000","2920000000","1552000000","1961000000","955000000","1847000000","1944000000","1677000000","865000000","899000000","1652000000","1103000000","2088000000","2485000000","3296000000","2380000000","2207000000","2357000000","1204000000","729000000","729000000","1822000000","1815000000","2509000000","1841000000","1085000000","950000000","1163000000","813000000","1489000000","2472000000","2049000000","",
"Djibouti","DJI","Arms exports (SIPRI trend indicator values)","MS.MIL.XPRT.KD","","","","","","","","","","","","","","","","","","","","","","","","","","","","","","","","","","","","","","","","","","","","","","","","","","","","","","","","","","","","","","","","","","",
"Dominica","DMA","Arms exports (SIPRI trend indicator values)","MS.MIL.XPRT.KD","","","","","","","","","","","","","","","","","","","","","","","","","","","","","","","","","","","","","","","","","","","","","","","","","","","","","","","","","","","","","","","","","","",
"Denmark","DNK","Arms exports (SIPRI trend indicator values)","MS.MIL.XPRT.KD","20000000","","","","60000000","12000000","","128000000","24000000","","","","","","","24000000","","","","","18000000","29000000","64000000","115000000","","","","117000000","36000000","","80000000","","","182000000","268000000","34000000","13000000","","","3000000","18000000","","10000000","2000000","","","5000000","6000000","8000000","10000000","8000000","26000000","26000000","8000000","19000000","22000000","21000000","13000000","25000000","2000000","","24000000","78000000","46000000","166000000","",
"Dominican Republic","DOM","Arms exports (SIPRI trend indicator values)","MS.MIL.XPRT.KD","","","","","","","","","","","","","","","","","","","","","","","","","","","","","","","","","","","","","","","","","","","","","","","","","","","","","","","","","","4000000","","","","","0","","","",
"Algeria","DZA","Arms exports (SIPRI trend indicator values)","MS.MIL.XPRT.KD","","","","","","","","","6000000","","","","","","","","","","","","6000000","","","","","","","","","","","","","","","","","","","","","","","","","","","","","","","","","","","","0","","","","","","","","","",
"East Asia & Pacific (excluding high income)","EAP","Arms exports (SIPRI trend indicator values)","MS.MIL.XPRT.KD","285000000","35000000","47000000","19000000","75000000","387000000","619000000","426000000","746000000","669000000","917000000","","","","","","","","","","","","","","","","","","","","","","","","","1041000000","","","","439000000","","","","837000000","484000000","365000000","887000000","524000000","602000000","1148000000","1508000000","1262000000","1534000000","2091000000","1339000000","1819000000","2536000000","1720000000","1390000000","1615000000","635000000","1378000000","2280000000","2995000000","1379000000","",
"Early-demographic dividend","EAR","Arms exports (SIPRI trend indicator values)","MS.MIL.XPRT.KD","27000000","33000000","","","","","","106000000","","92000000","","","178000000","","","","","","","","","","","","","","","","","","","","","","","","","","","","","","","","","","","","","","","","","","","","","","","","","","","","","",
"East Asia & Pacific","EAS","Arms exports (SIPRI trend indicator values)","MS.MIL.XPRT.KD","286000000","98000000","151000000","27000000","89000000","","","439000000","","","","","","","","","","","","784000000","","","","","","","","","","1331000000","1268000000","","","","","","1003000000","581000000","","","","","","","","","","","","","","","","","","","3203000000","2524000000","","","","2132000000","","3750000000","","",
"Europe & Central Asia (excluding high income)","ECA","Arms exports (SIPRI trend indicator values)","MS.MIL.XPRT.KD","","","","","","","","","","","","","","","","","","","","","23000000","11000000","","","","","","","","","","","","","","246000000","396000000","1183000000","779000000","1293000000","682000000","665000000","539000000","771000000","391000000","394000000","749000000","882000000","829000000","790000000","1007000000","997000000","1751000000","1108000000","900000000","770000000","1021000000","637000000","672000000","552000000","495000000","777000000","","","","",
"Europe & Central Asia","ECS","Arms exports (SIPRI trend indicator values)","MS.MIL.XPRT.KD","4087000000","3253000000","3157000000","3497000000","4664000000","4277000000","5314000000","5476000000","5101000000","5047000000","5117000000","7644000000","7576000000","6833000000","6686000000","7952000000","8233000000","8667000000","8924000000","8891000000","10058000000","12074000000","11512000000","11154000000","11442000000","9701000000","8246000000","8567000000","8458000000","9107000000","7222000000","6993000000","8240000000","9428000000","9476000000","9976000000","11296000000","13320000000","11189000000","12710000000","10778000000","11541000000","11261000000","11669000000","12558000000","13052000000","14797000000","16494000000","15048000000","14245000000","13975000000","17935000000","15865000000","16092000000","14818000000","15006000000","16425000000","15526000000","13652000000","12733000000","11116000000","11815000000","14347000000","12471000000","11027000000","",
"Ecuador","ECU","Arms exports (SIPRI trend indicator values)","MS.MIL.XPRT.KD","","","","","","","","","","","","","","","","","","","","","","","","","","","","","","","","","","","","","","","","","","","","","","","","","","","","","","","6000000","","","","2000000","","","","","","","",
"Egypt, Arab Rep.","EGY","Arms exports (SIPRI trend indicator values)","MS.MIL.XPRT.KD","0","0","7000000","8000000","1000000","","14000000","15000000","26000000","15000000","39000000","","","","","16000000","","67000000","78000000","13000000","29000000","77000000","81000000","71000000","37000000","5000000","19000000","76000000","81000000","81000000","25000000","","15000000","28000000","17000000","12000000","5000000","5000000","","","","","","","","","","","","","","","","","7000000","21000000","","","","8000000","","41000000","41000000","4000000","2000000","",
"Euro area","EMU","Arms exports (SIPRI trend indicator values)","MS.MIL.XPRT.KD","1283000000","1318000000","1487000000","1707000000","2394000000","1958000000","3084000000","2662000000","2719000000","2900000000","3694000000","4421000000","4499000000","3768000000","4015000000","4836000000","4586000000","5636000000","5950000000","6154000000","7310000000","8324000000","8029000000","7717000000","7856000000","6725000000","5165000000","3987000000","4689000000","4700000000","4386000000","4529000000","3517000000","3641000000","5005000000","3651000000","4888000000","5988000000","6285000000","4777000000","3306000000","2788000000","3181000000","3842000000","3892000000","5411000000","6862000000","8215000000","6246000000","6488000000","4661000000","6034000000","4186000000","4532000000","6041000000","6263000000","6562000000","6932000000","4832000000","5783000000","5936000000","7469000000","8067000000","7525000000","6894000000","",
"Eritrea","ERI","Arms exports (SIPRI trend indicator values)","MS.MIL.XPRT.KD","","","","","","","","","","","","","","","","","","","","","","","","","","","","","","","","","","","","","","","2000000","0","","","","","","","0","","","","","","","","","","","","","","","","","","","",
"Spain","ESP","Arms exports (SIPRI trend indicator values)","MS.MIL.XPRT.KD","2000000","8000000","10000000","10000000","12000000","33000000","26000000","12000000","12000000","10000000","70000000","140000000","18000000","18000000","84000000","277000000","46000000","25000000","38000000","18000000","10000000","135000000","265000000","370000000","245000000","93000000","198000000","158000000","143000000","169000000","117000000","105000000","71000000","104000000","254000000","89000000","113000000","607000000","174000000","46000000","47000000","8000000","18000000","99000000","54000000","113000000","898000000","628000000","626000000","984000000","273000000","997000000","266000000","450000000","962000000","982000000","481000000","820000000","705000000","318000000","1010000000","676000000","1018000000","921000000","639000000","",
"Estonia","EST","Arms exports (SIPRI trend indicator values)","MS.MIL.XPRT.KD","","","","","","","","","","","","","","","","","","","","","","","","","","","","","","","","","","","","","8000000","","","","","","","","","","","","","","","","","","","1000000","","","","","","","9000000","13000000","2000000","",
"Ethiopia","ETH","Arms exports (SIPRI trend indicator values)","MS.MIL.XPRT.KD","","","","","","","","","","","","","","","","","","","","","","","","","","35000000","","51000000","","","","","","","","","","17000000","","","","","","","","","","","","","","","","","","","","","","","","","","","","",
"European Union","EUU","Arms exports (SIPRI trend indicator values)","MS.MIL.XPRT.KD","1346000000","1369000000","1543000000","1831000000","2713000000","2236000000","3477000000","3172000000","3128000000","3287000000","4120000000","5252000000","4955000000","3994000000","4348000000","5253000000","5112000000","6111000000","6368000000","6706000000","7763000000","8905000000","8538000000","8193000000","8347000000","7170000000","5884000000","4591000000","5521000000","5154000000","4817000000","4796000000","3796000000","4190000000","5921000000","4254000000","5455000000","6184000000","6687000000","5481000000","3838000000","3865000000","3550000000","4577000000","4266000000","6212000000","7593000000","8802000000","6829000000","7009000000","5326000000","6746000000","4706000000","5394000000","6485000000","6700000000","7079000000","7155000000","5113000000","5950000000","6231000000","7750000000","9133000000","8678000000","7834000000","",
"Fragile and conflict affected situations","FCS","Arms exports (SIPRI trend indicator values)","MS.MIL.XPRT.KD","3000000","","","","1000000","","","2000000","","16000000","","","","","","47000000","","","","","","","","","","","","","","","","","","","","","","","","","","","","","","","","","","","","","","","","","","","","","","","","","","",
"Finland","FIN","Arms exports (SIPRI trend indicator values)","MS.MIL.XPRT.KD","75000000","5000000","5000000","","","3000000","67000000","39000000","39000000","39000000","37000000","40000000","30000000","","63000000","63000000","","","63000000","63000000","","","15000000","","","","","","1000000","","","18000000","9000000","12000000","20000000","25000000","3000000","1000000","17000000","20000000","12000000","31000000","35000000","35000000","27000000","38000000","121000000","60000000","97000000","63000000","66000000","64000000","99000000","69000000","95000000","26000000","54000000","28000000","39000000","25000000","12000000","15000000","40000000","49000000","27000000","",
"Fiji","FJI","Arms exports (SIPRI trend indicator values)","MS.MIL.XPRT.KD","","","","","","","","","","","","","","","","","","","","","","","","","10000000","","","","","","","","","","","","","","","","","","","","","","","","","","","","","","","","","","","","","","","","","",
"France","FRA","Arms exports (SIPRI trend indicator values)","MS.MIL.XPRT.KD","910000000","942000000","992000000","1271000000","1462000000","1260000000","1884000000","1610000000","1531000000","1531000000","1720000000","2336000000","2674000000","2986000000","2176000000","2313000000","2045000000","2729000000","3302000000","2947000000","3861000000","3689000000","3793000000","3408000000","2902000000","3993000000","2963000000","1745000000","1957000000","2265000000","1787000000","1158000000","1241000000","967000000","852000000","965000000","1837000000","3172000000","3085000000","1680000000","963000000","1306000000","1368000000","1343000000","2117000000","1644000000","1478000000","2145000000","1872000000","1845000000","901000000","2096000000","1338000000","1887000000","1758000000","2252000000","2185000000","2319000000","1897000000","3738000000","2384000000","3836000000","3123000000","2150000000","2272000000","",
"Faroe Islands","FRO","Arms exports (SIPRI trend indicator values)","MS.MIL.XPRT.KD","","","","","","","","","","","","","","","","","","","","","","","","","","","","","","","","","","","","","","","","","","","","","","","","","","","","","","","","","","","","","","","","","","",
"Micronesia, Fed. Sts.","FSM","Arms exports (SIPRI trend indicator values)","MS.MIL.XPRT.KD","","","","","","","","","","","","","","","","","","","","","","","","","","","","","","","","","","","","","","","","","","","","","","","","","","","","","","","","","","","","","","","","","","",
"Gabon","GAB","Arms exports (SIPRI trend indicator values)","MS.MIL.XPRT.KD","","","","","","","","","","","","","","1000000","","","","","","","","","","","","","","","","","","","","","","","","","","","","","","","","","","","","","","","","","","","","","","","","","","","","",
"United Kingdom","GBR","Arms exports (SIPRI trend indicator values)","MS.MIL.XPRT.KD","2268000000","1391000000","1043000000","1260000000","1418000000","1492000000","1390000000","1878000000","1805000000","1602000000","979000000","2346000000","2558000000","2775000000","2249000000","2228000000","2542000000","2211000000","2246000000","1564000000","1589000000","2365000000","2514000000","2595000000","2567000000","2142000000","1985000000","3603000000","2528000000","3504000000","1845000000","1525000000","1093000000","1382000000","1527000000","1458000000","1613000000","2361000000","1400000000","1315000000","1623000000","1359000000","1076000000","769000000","1232000000","991000000","958000000","924000000","931000000","1071000000","1146000000","1001000000","801000000","1503000000","1658000000","1183000000","1344000000","1105000000","682000000","886000000","662000000","679000000","1711000000","1320000000","756000000","",
"Georgia","GEO","Arms exports (SIPRI trend indicator values)","MS.MIL.XPRT.KD","","","","","","","","","","","","","","","","","","","","","","","","","","","","","","","","","","","","","","","","46000000","69000000","","69000000","","16000000","","","","","","","","","","","","6000000","7000000","","","","","","","","",
"Ghana","GHA","Arms exports (SIPRI trend indicator values)","MS.MIL.XPRT.KD","","","","","","","","","","","","","","","","","","","","6000000","","","","","","","","","","","","","","","","","","","","","","","","","","19000000","","","","","","","","","","","","","","","","","","","","",
"Gibraltar","GIB","Arms exports (SIPRI trend indicator values)","MS.MIL.XPRT.KD","","","","","","","","","","","","","","","","","","","","","","","","","","","","","","","","","","","","","","","","","","","","","","","","","","","","","","","","","","","","","","","","","","",
"Guinea","GIN","Arms exports (SIPRI trend indicator values)","MS.MIL.XPRT.KD","","","","","","","","","","","","","","","","","","","","","","","","","","","","","","","","","","","","","","","","","","","","","","","","","","","","","","","","","","","","","","","","","","",
"Gambia, The","GMB","Arms exports (SIPRI trend indicator values)","MS.MIL.XPRT.KD","","","","","","","","","","","","","","","","","","","","","","","","","","","","","","","","","","","","","","","","","","","","","","","","","","","","","","","","","","","","","","","","","","",
"Guinea-Bissau","GNB","Arms exports (SIPRI trend indicator values)","MS.MIL.XPRT.KD","","","","","","","","","","","","","","","","","","","","","","","","","","","","","","","","","","","","","","","","","","","","","","","","","","","","","","","","","","","","","","","","","","",
"Equatorial Guinea","GNQ","Arms exports (SIPRI trend indicator values)","MS.MIL.XPRT.KD","","","","","","","","","","","","","","","","","","","","","","","","","","","","","","","","","","","","","","","","","","","","","","","","","","","","","","","","","","","","","","","","","","",
"Greece","GRC","Arms exports (SIPRI trend indicator values)","MS.MIL.XPRT.KD","","","","","7000000","1000000","","","","","","","","","","","","","","","","","","","","","","","","","","","15000000","10000000","18000000","","19000000","31000000","9000000","3000000","2000000","2000000","","6000000","22000000","13000000","23000000","","","","","","","","","","","30000000","","","","","7000000","7000000","","",
"Grenada","GRD","Arms exports (SIPRI trend indicator values)","MS.MIL.XPRT.KD","","","","","","","","","","","","","","","","","","","","","","","","","","","","","","","","","","","","","","","","","","","","","","","","","","","","","","","","","","","","","","","","","","",
"Greenland","GRL","Arms exports (SIPRI trend indicator values)","MS.MIL.XPRT.KD","","","","","","","","","","","","","","","","","","","","","","","","","","","","","","","","","","","","","","","","","","","","","","","","","","","","","","","","","","","","","","","","","","",
"Guatemala","GTM","Arms exports (SIPRI trend indicator values)","MS.MIL.XPRT.KD","","","","","","","","","","","","","","","","","","","","","","","","","","","","","","","","","","","","","","","","","","","","","","","","","","","","","","","","","","","","","","","","","","",
"Guam","GUM","Arms exports (SIPRI trend indicator values)","MS.MIL.XPRT.KD","","","","","","","","","","","","","","","","","","","","","","","","","","","","","","","","","","","","","","","","","","","","","","","","","","","","","","","","","","","","","","","","","","",
"Guyana","GUY","Arms exports (SIPRI trend indicator values)","MS.MIL.XPRT.KD","","","","","","","","","","","","","","","","","2000000","","","","","","","","","","","","","","","","","","","","","","","","","","","","","","","","","","","","","","","","","","","","","","","","","",
"High income","HIC","Arms exports (SIPRI trend indicator values)","MS.MIL.XPRT.KD","10280000000","9922000000","9628000000","13152000000","17270000000","15919000000","14128000000","12889000000","13928000000","17407000000","14238000000","19786000000","18910000000","19039000000","19770000000","23571000000","24305000000","23447000000","23008000000","19249000000","21387000000","26152000000","26084000000","25587000000","23902000000","20863000000","20680000000","21276000000","20730000000","20860000000","18328000000","20022000000","22760000000","23939000000","21387000000","21615000000","22459000000","27164000000","26640000000","23221000000","18274000000","17341000000","16372000000","17397000000","20131000000","20286000000","22469000000","24866000000","22264000000","22055000000","22594000000","27355000000","24253000000","23805000000","24438000000","25286000000","26931000000","28468000000","24715000000","24288000000","22541000000","23656000000","30472000000","25175000000","26552000000","",
"Hong Kong SAR, China","HKG","Arms exports (SIPRI trend indicator values)","MS.MIL.XPRT.KD","","","","","","","","","","","","","","","","","","","","","","","","","","","","","","","","","","","","","","","","","","","","","","","","","","","","","","","","","","","","","","","","","","",
"Honduras","HND","Arms exports (SIPRI trend indicator values)","MS.MIL.XPRT.KD","","","","","","","","","","","","","","","","","","","","","","","","","","","","","","","","","","","","","","","","","","","","","","","","","","","","","","","","","","","","","","","","","","",
"Heavily indebted poor countries (HIPC)","HPC","Arms exports (SIPRI trend indicator values)","MS.MIL.XPRT.KD","","","","","","","","1000000","0","","","1000000","","","","","","","","","","","","","","","","","","","","","","","","","","","","","","","","","","","","","","","","","","","","","","","","","","","","","","",
"Croatia","HRV","Arms exports (SIPRI trend indicator values)","MS.MIL.XPRT.KD","","","","","","","","","","","","","","","","","","","","","","","","","","","","","","","","","","","","","","","","","10000000","","","","","","","","","","","","","","","","","3000000","","","","","4000000","39000000","53000000","",
"Haiti","HTI","Arms exports (SIPRI trend indicator values)","MS.MIL.XPRT.KD","","","","","","","","","","","","","","","","","","","","","","","","","","","","","","","","","","","","","","","","","","","","","","","","","","","","","","","","","","","","","","","","","","",
"Hungary","HUN","Arms exports (SIPRI trend indicator values)","MS.MIL.XPRT.KD","","","","","","","18000000","18000000","37000000","28000000","","","8000000","44000000","8000000","8000000","","","","","4000000","30000000","4000000","4000000","","","","","","","","","","21000000","","6000000","","24000000","","","","","34000000","","","82000000","","9000000","","","","","","41000000","","","","","","","","2000000","","","11000000","",
"IBRD only","IBD","Arms exports (SIPRI trend indicator values)","MS.MIL.XPRT.KD","328000000","85000000","","","","","","787000000","","1062000000","","","","","","","","","","","","","","","","","","","","","","","","","","5323000000","","","","","","","","","7421000000","","7445000000","","7896000000","7264000000","","11032000000","","11566000000","7948000000","","10543000000","9057000000","9206000000","7573000000","5177000000","4925000000","6610000000","6345000000","3753000000","",
"IDA & IBRD total","IBT","Arms exports (SIPRI trend indicator values)","MS.MIL.XPRT.KD","328000000","85000000","","","","","","794000000","","1062000000","","","","","","","","","","","","","","","","","","","","","","","","","","","","","","","","","","","","","7470000000","","","","","","","","","","10621000000","9065000000","9209000000","7574000000","","4980000000","6614000000","","3759000000","",
"IDA total","IDA","Arms exports (SIPRI trend indicator values)","MS.MIL.XPRT.KD","","","","","1000000","","","7000000","0","","17000000","","","","","","","","","","","","","","","","","","","","","","","","","","","","","","","","","","","","","","","","","","","","","","","","","","","","","","","",
"IDA blend","IDB","Arms exports (SIPRI trend indicator values)","MS.MIL.XPRT.KD","","","","","1000000","","","6000000","","","","4000000","","","","","","","","","","","","","","","","","","","","","","","","","","","","","4000000","","","","","","","","","","","","","","","","","","","","","","","","","",
"Indonesia","IDN","Arms exports (SIPRI trend indicator values)","MS.MIL.XPRT.KD","","","","7000000","","","","","","","12000000","","","","","","","","9000000","","4000000","","","","","8000000","4000000","","","","","","","18000000","18000000","27000000","","9000000","","54000000","","18000000","54000000","","27000000","9000000","9000000","","1000000","","","4000000","","","","","85000000","94000000","15000000","9000000","","17000000","","","","",
"IDA only","IDX","Arms exports (SIPRI trend indicator values)","MS.MIL.XPRT.KD","","","","","","","","1000000","0","","17000000","","","","","","","","","","","","","","","","","","","","","","","","","","","","","","","","","","","","","","","","","","","","","","","","","","","","","","","",
"Isle of Man","IMN","Arms exports (SIPRI trend indicator values)","MS.MIL.XPRT.KD","","","","","","","","","","","","","","","","","","","","","","","","","","","","","","","","","","","","","","","","","","","","","","","","","","","","","","","","","","","","","","","","","","",
"India","IND","Arms exports (SIPRI trend indicator values)","MS.MIL.XPRT.KD","","","","","","","","","1000000","","","7000000","2000000","21000000","24000000","31000000","","","27000000","22000000","","","2000000","","","","","0","1000000","0","7000000","0","7000000","9000000","2000000","2000000","0","0","0","0","21000000","2000000","0","4000000","31000000","19000000","33000000","23000000","15000000","27000000","5000000","3000000","","18000000","40000000","42000000","49000000","56000000","47000000","20000000","153000000","54000000","7000000","41000000","25000000","",
"Not classified","INX","Arms exports (SIPRI trend indicator values)","MS.MIL.XPRT.KD","","","","","","","","","","","","","","","","","","","","","","","","","","","","","","","","","","","","","","","","","","","","","","","","","","","","","","","","","","","","","","","","","","",
"Ireland","IRL","Arms exports (SIPRI trend indicator values)","MS.MIL.XPRT.KD","","","","","","","","","","","","","","","","","","","2000000","9000000","9000000","2000000","","","","","","","","","","","","","","","","","","","","","","","","24000000","48000000","47000000","41000000","41000000","38000000","1000000","40000000","40000000","21000000","10000000","","","","","","13000000","46000000","","","",
"Iran, Islamic Rep.","IRN","Arms exports (SIPRI trend indicator values)","MS.MIL.XPRT.KD","","","3000000","","","","","28000000","","","23000000","6000000","106000000","6000000","129000000","81000000","","","","","1000000","1000000","1000000","1000000","1000000","1000000","1000000","1000000","1000000","1000000","0","1000000","1000000","1000000","0","1000000","3000000","0","0","0","0","0","9000000","12000000","4000000","5000000","78000000","","80000000","97000000","52000000","76000000","34000000","2000000","33000000","9000000","23000000","24000000","9000000","9000000","15000000","1000000","83000000","289000000","226000000","",
"Iraq","IRQ","Arms exports (SIPRI trend indicator values)","MS.MIL.XPRT.KD","3000000","","","","","","","","","","","","","","","","","","","","28000000","","","","","","","","169000000","20000000","","","","","","","","","","","","","","","","","","","","","","","","","","","","","","","","","","","","",
"Iceland","ISL","Arms exports (SIPRI trend indicator values)","MS.MIL.XPRT.KD","","","","","","","","","","","","","","","","","","","","","0","","","","","","","","","","","","","5000000","","","","","","","","","","","","","","","","","","","","","","","","","","","","","","","","",
"Israel","ISR","Arms exports (SIPRI trend indicator values)","MS.MIL.XPRT.KD","","","","","5000000","34000000","46000000","45000000","55000000","48000000","21000000","27000000","35000000","18000000","43000000","109000000","50000000","199000000","209000000","185000000","238000000","196000000","263000000","366000000","245000000","191000000","333000000","130000000","63000000","190000000","74000000","157000000","354000000","416000000","337000000","206000000","335000000","271000000","227000000","177000000","407000000","467000000","532000000","411000000","591000000","506000000","438000000","618000000","379000000","810000000","658000000","546000000","460000000","412000000","404000000","570000000","1236000000","1193000000","1147000000","392000000","380000000","711000000","1050000000","1281000000","1026000000","",
"Italy","ITA","Arms exports (SIPRI trend indicator values)","MS.MIL.XPRT.KD","105000000","246000000","262000000","241000000","385000000","296000000","243000000","144000000","197000000","325000000","280000000","383000000","284000000","328000000","409000000","520000000","523000000","505000000","661000000","1312000000","1163000000","1704000000","1674000000","1112000000","1232000000","868000000","223000000","623000000","385000000","316000000","200000000","354000000","249000000","342000000","208000000","301000000","288000000","449000000","426000000","519000000","208000000","269000000","477000000","359000000","261000000","832000000","538000000","700000000","433000000","512000000","584000000","969000000","794000000","890000000","688000000","671000000","620000000","704000000","534000000","372000000","809000000","1650000000","1711000000","1364000000","1379000000","",
"Jamaica","JAM","Arms exports (SIPRI trend indicator values)","MS.MIL.XPRT.KD","","","","","","","","","","","","","","","","","","","","","","","","","","","","","","","","","","","","","","","","","","","","","","","","","","","","","","","","","","","","","","","","","","",
"Jordan","JOR","Arms exports (SIPRI trend indicator values)","MS.MIL.XPRT.KD","","","","","","","","","","","","36000000","","22000000","23000000","50000000","","18000000","","","","","","76000000","","2000000","7000000","","7000000","64000000","","","","","65000000","","","6000000","","","","","","","43000000","22000000","","13000000","13000000","28000000","117000000","","21000000","35000000","114000000","16000000","18000000","80000000","1000000","109000000","66000000","74000000","53000000","11000000","226000000","",
"Japan","JPN","Arms exports (SIPRI trend indicator values)","MS.MIL.XPRT.KD","1000000","61000000","100000000","8000000","14000000","","5000000","","","31000000","","15000000","9000000","36000000","55000000","","","","9000000","11000000","167000000","","","17000000","17000000","44000000","92000000","","","15000000","30000000","54000000","101000000","122000000","130000000","126000000","165000000","25000000","","","","","","","","","","40000000","","","","","","","","","","2000000","3000000","","","","","13000000","21000000","",
"Kazakhstan","KAZ","Arms exports (SIPRI trend indicator values)","MS.MIL.XPRT.KD","","","","","","","","","","","","","","","","","","","","","","","","","","","","","","","","","","","","13000000","12000000","3000000","7000000","13000000","19000000","13000000","","","6000000","","6000000","","","","","","","","","","","","","","","","","","","",
"Kenya","KEN","Arms exports (SIPRI trend indicator values)","MS.MIL.XPRT.KD","","","","","","","","","","","","","","","","","","","","","","8000000","","","","","","","","","","2000000","","2000000","","","","","","","","","","","","","","","","","","","","","","","","","","","","","","","","",
"Kyrgyz Republic","KGZ","Arms exports (SIPRI trend indicator values)","MS.MIL.XPRT.KD","","","","","","","","","","","","","","","","","","","","","","","","","","","","","","","","","","","","57000000","","","","","","","","92000000","","","18000000","18000000","14000000","","","","","","","4000000","5000000","5000000","","","","","","","","",
"Cambodia","KHM","Arms exports (SIPRI trend indicator values)","MS.MIL.XPRT.KD","","","","","","","","","","","","","","","","","","","","","","","","","","","","","","","","","","0","0","0","","","","","1000000","","","","","","","","","","","","","","","","","","","","","","","","","",
"Kiribati","KIR","Arms exports (SIPRI trend indicator values)","MS.MIL.XPRT.KD","","","","","","","","","","","","","","","","","","","","","","","","","","","","","","","","","","","","","","","","","","","","","","","","","","","","","","","","","","","","","","","","","","",
"St. Kitts and Nevis","KNA","Arms exports (SIPRI trend indicator values)","MS.MIL.XPRT.KD","","","","","","","","","","","","","","","","","","","","","","","","","","","","","","","","","","","","","","","","","","","","","","","","","","","","","","","","","","","","","","","","","","",
"Korea, Rep.","KOR","Arms exports (SIPRI trend indicator values)","MS.MIL.XPRT.KD","","","","","","","","","","","","","141000000","","","","","","","105000000","105000000","130000000","65000000","","126000000","28000000","73000000","","54000000","48000000","72000000","118000000","","60000000","7000000","27000000","24000000","25000000","32000000","","10000000","230000000","","96000000","74000000","109000000","158000000","278000000","110000000","224000000","177000000","328000000","203000000","350000000","218000000","92000000","435000000","700000000","1047000000","680000000","772000000","510000000","220000000","631000000","964000000","",
"Kuwait","KWT","Arms exports (SIPRI trend indicator values)","MS.MIL.XPRT.KD","","","","","","","","3000000","","","","","","","","","","","","","27000000","","","","4000000","","","","","","","","","","","","","","95000000","","","","","","","","","","","","","","","","","","","","","","","","","","","",
"Latin America & Caribbean (excluding high income)","LAC","Arms exports (SIPRI trend indicator values)","MS.MIL.XPRT.KD","2000000","12000000","6000000","","4000000","","","0","","","","","","","","59000000","","","","","","","","","","","","","","","","136000000","","","","","","","","","","","","","","","","","","","","","","","","","","","","32000000","","","","","","",
"Lao PDR","LAO","Arms exports (SIPRI trend indicator values)","MS.MIL.XPRT.KD","","","","","","","","","","","","","","","","","","","","","","","","","","","","","","","","","","","","","","","","","","","","","","","","","","","","","","","","","","","","","","","","","","",
"Lebanon","LBN","Arms exports (SIPRI trend indicator values)","MS.MIL.XPRT.KD","","","","","","","","1000000","","","","","","","","","","","","","","","","","","","","","","","","1000000","","","","","","","","","","","48000000","","","","","","","","","","","","","","","","","","","","","","","",
"Liberia","LBR","Arms exports (SIPRI trend indicator values)","MS.MIL.XPRT.KD","","","","","","","","","","","","","","","","","","","","","","","","","","","","","","","","","","","","","","","","","","","","","","","","","","","","","","","","","","","","","","","","","","",
"Libya","LBY","Arms exports (SIPRI trend indicator values)","MS.MIL.XPRT.KD","","","","","","","","","","","","","0","0","","26000000","4000000","","8000000","395000000","95000000","107000000","169000000","14000000","54000000","31000000","9000000","13000000","64000000","7000000","36000000","","","","3000000","","","3000000","10000000","","","","21000000","16000000","113000000","113000000","18000000","9000000","17000000","32000000","27000000","0","","","","","","","","","","","","","","",
"St. Lucia","LCA","Arms exports (SIPRI trend indicator values)","MS.MIL.XPRT.KD","","","","","","","","","","","","","","","","","","","","","","","","","","","","","","","","","","","","","","","","","","","","","","","","","","","","","","","","","","","","","","","","","","",
"Latin America & Caribbean","LCN","Arms exports (SIPRI trend indicator values)","MS.MIL.XPRT.KD","8000000","12000000","6000000","","4000000","","","","","","","","","","","72000000","","","","","","","","","","","","","","","","","","","","","","","","","","","","","","","","","","","","","","","","","","","","33000000","","","","","","",
"Least developed countries: UN classification","LDC","Arms exports (SIPRI trend indicator values)","MS.MIL.XPRT.KD","","","","","","","","1000000","0","","","","","","","","","","","","","","","","","","","","","","","","","","","","","","","","","","","","","","","","","","","","","","","","","","","","","","","","","",
"Low income","LIC","Arms exports (SIPRI trend indicator values)","MS.MIL.XPRT.KD","","","","","","","","1000000","0","","17000000","","","0","","","","","","","","","","","","","","","","","","","","","","","","","","","","","","","","","","","","","","","","","","","","","","","","","","","","",
"Liechtenstein","LIE","Arms exports (SIPRI trend indicator values)","MS.MIL.XPRT.KD","","","","","","","","","","","","","","","","","","","","","","","","","","","","","","","","","","","","","","","","","","","","","","","","","","","","","","","","","","","","","","","","","","",
"Sri Lanka","LKA","Arms exports (SIPRI trend indicator values)","MS.MIL.XPRT.KD","","","","","","","","","","","","","","","","","","","","","","","","","","","","","","","","","","","","","","","8000000","","","","","","","","","","","","","","","","","","","","","","","","","","","",
"Lower middle income","LMC","Arms exports (SIPRI trend indicator values)","MS.MIL.XPRT.KD","0","0","9000000","8000000","2000000","","14000000","22000000","27000000","21000000","39000000","47000000","","43000000","","","","","","","","","","","","","","","","","","","","","","","","","","","","","","","","","","","","","","","","","","","","","","","","","","","","",
"Low & middle income","LMY","Arms exports (SIPRI trend indicator values)","MS.MIL.XPRT.KD","317000000","80000000","","","","","","485000000","","721000000","998000000","1375000000","1387000000","709000000","","","","","","","","","","","","","","","","","","","","","","","","","","","","","","","","","","","","","","","","","","","3857000000","2665000000","","2452000000","","2568000000","","","","",
"Lesotho","LSO","Arms exports (SIPRI trend indicator values)","MS.MIL.XPRT.KD","","","","","","","","","","","","","","","","","","","","","","","","","","","","","","","","","","","","","","","","","","","","","","","","","","","","","","","","","","","","","","","","","","",
"Late-demographic dividend","LTE","Arms exports (SIPRI trend indicator values)","MS.MIL.XPRT.KD","298000000","52000000","61000000","123000000","312000000","621000000","938000000","739000000","","","","","","825000000","","","","","","","","","","","","","","","","","","","","","","5300000000","","","","","","","","","6951000000","5608000000","6554000000","6551000000","6959000000","6454000000","8027000000","10129000000","10032000000","10426000000","6890000000","7847000000","9482000000","8192000000","8518000000","6920000000","","3938000000","5725000000","5449000000","3201000000","",
"Lithuania","LTU","Arms exports (SIPRI trend indicator values)","MS.MIL.XPRT.KD","","","","","","","","","","","","","","","","","","","","","","","","","","","","","","","","","","","","","","","","","","","3000000","","","","","","","","","","","","","","","","60000000","","","","25000000","8000000","3000000","",
"Luxembourg","LUX","Arms exports (SIPRI trend indicator values)","MS.MIL.XPRT.KD","","","","","","","","","","","","","","","","","","","","","","","","","","","","","","","","","","","","","","","","","","","","","","","","0","","","","","","","","","","","","","","","","","","",
"Latvia","LVA","Arms exports (SIPRI trend indicator values)","MS.MIL.XPRT.KD","","","","","","","","","","","","","","","","","","","","","","","","","","","","","","","","","","","9000000","","","","","","","","","","","","","","","","","","","","","","","","","","","","11000000","6000000","1000000","",
"Macao SAR, China","MAC","Arms exports (SIPRI trend indicator values)","MS.MIL.XPRT.KD","","","","","","","","","","","","","","","","","","","","","","","","","","","","","","","","","","","","","","","","","","","","","","","","","","","","","","","","","","","","","","","","","","",
"St. Martin (French part)","MAF","Arms exports (SIPRI trend indicator values)","MS.MIL.XPRT.KD","","","","","","","","","","","","","","","","","","","","","","","","","","","","","","","","","","","","","","","","","","","","","","","","","","","","","","","","","","","","","","","","","","",
"Morocco","MAR","Arms exports (SIPRI trend indicator values)","MS.MIL.XPRT.KD","","","2000000","","","","","","","6000000","","","","","","","","","6000000","","","","","","","","","","","","","","","","","","","","","","","","","","","","","","","","","","","","","","","","","","","","21000000","73000000","","",
"Monaco","MCO","Arms exports (SIPRI trend indicator values)","MS.MIL.XPRT.KD","","","","","","","","","","","","","","","","","","","","","","","","","","","","","","","","","","","","","","","","","","","","","","","","","","","","","","","","","","","","","","","","","","",
"Moldova","MDA","Arms exports (SIPRI trend indicator values)","MS.MIL.XPRT.KD","","","","","","","","","","","","","","","","","","","","","","","","","","","","","","","","","11000000","","36000000","","","217000000","","","6000000","42000000","60000000","13000000","","18000000","3000000","19000000","29000000","20000000","","12000000","","","","","","","","","","","","","","",
"Madagascar","MDG","Arms exports (SIPRI trend indicator values)","MS.MIL.XPRT.KD","","","","","","","","","","","","","","","","","","","","","","","","","","","","","","","","","","","","","","","","","","","","","","","","","","","","","","","","","","","","","","","","","","",
"Maldives","MDV","Arms exports (SIPRI trend indicator values)","MS.MIL.XPRT.KD","","","","","","","","","","","","","","","","","","","","","","","","","","","","","","","","","","","","","","","","","","","","","","","","","","","","","","","","","","","","","","","","","","",
"Middle East, North Africa, Afghanistan & Pakistan","MEA","Arms exports (SIPRI trend indicator values)","MS.MIL.XPRT.KD","","","12000000","8000000","6000000","34000000","60000000","102000000","90000000","69000000","100000000","","143000000","","","","","","","","","444000000","","","348000000","","","","","","","","","","","","","","","","","","","","","","","","","","","","","","","","","","","","","","","1785000000","","",
"Mexico","MEX","Arms exports (SIPRI trend indicator values)","MS.MIL.XPRT.KD","","","","","","","","","","","","","","","","","","","","","","","","","","","","","","","","8000000","","","","","","","","","","","","","","","","","","","","","","","","","","","","1000000","","","","","","",
"Marshall Islands","MHL","Arms exports (SIPRI trend indicator values)","MS.MIL.XPRT.KD","","","","","","","","","","","","","","","","","","","","","","","","","","","","","","","","","","","","","","","","","","","","","","","","","","","","","","","","","","","","","","","","","","",
"Middle income","MIC","Arms exports (SIPRI trend indicator values)","MS.MIL.XPRT.KD","317000000","80000000","","","","","","484000000","","721000000","981000000","1375000000","1387000000","709000000","","","","","","","","","","","","","","","","","","","","","","","","","","","","","","","","","2000000000","","","","","","","","","","3853000000","2665000000","2313000000","2452000000","","2568000000","","","","",
"North Macedonia","MKD","Arms exports (SIPRI trend indicator values)","MS.MIL.XPRT.KD","","","","","","","","","","","","","","","","","","","","","","","","","","","","","","","","","","","","","","","","","","","","","","","","","","","","","","","","","","","","","","","31000000","59000000","","",
"Mali","MLI","Arms exports (SIPRI trend indicator values)","MS.MIL.XPRT.KD","","","","","","","","","","","","","","","","","","","","","","","","","","","","","","","","","","","","","","","","","","","","","","","","","","","","","","","","","","","","","","","","","","",
"Malta","MLT","Arms exports (SIPRI trend indicator values)","MS.MIL.XPRT.KD","","","","","","","","","","","","","","","","","","","","","","","","","","","","","","","","","","","","","","","","","","","","","10000000","","","","","","","","","","","5000000","","","","","","","","","","",
"Myanmar","MMR","Arms exports (SIPRI trend indicator values)","MS.MIL.XPRT.KD","","","","","","","","","","","","","","","","","","","","","","","","","","","","","","","","","","","","","","","","","","","","","","","","","","","","","","","","","","","","","","","","","","",
"Middle East, North Africa, Afghanistan & Pakistan (excluding high income)","MNA","Arms exports (SIPRI trend indicator values)","MS.MIL.XPRT.KD","3000000","0","12000000","8000000","1000000","","14000000","50000000","32000000","21000000","79000000","45000000","","28000000","154000000","","","","","","174000000","","459000000","","","","","","","","","","","","87000000","","","","","","","","","","","","","","","","","","","","","","","","","","","","","","","",
"Montenegro","MNE","Arms exports (SIPRI trend indicator values)","MS.MIL.XPRT.KD","","","","","","","","","","","","","","","","","","","","","","","","","","","","","","","","","","","","","","","","","","","","","","","71000000","109000000","","","18000000","","","","","","","1000000","","","","","4000000","","","",
"Mongolia","MNG","Arms exports (SIPRI trend indicator values)","MS.MIL.XPRT.KD","","","","","","","","","","","","","","","","","","","","","","","","","","","","","","","","","","","","","","","","","","","","","","","","","","","","","","","","","","","","","","","","","","",
"Northern Mariana Islands","MNP","Arms exports (SIPRI trend indicator values)","MS.MIL.XPRT.KD","","","","","","","","","","","","","","","","","","","","","","","","","","","","","","","","","","","","","","","","","","","","","","","","","","","","","","","","","","","","","","","","","","",
"Mozambique","MOZ","Arms exports (SIPRI trend indicator values)","MS.MIL.XPRT.KD","","","","","","","","","","","","","","","","","","1000000","","","","","","","","","","","","","","","","","","","","","","","","","","","","","","","","","","","","","","","","","","","","","","","","",
"Mauritania","MRT","Arms exports (SIPRI trend indicator values)","MS.MIL.XPRT.KD","","","","","","","","","","","","","","","","","","","","","","","","","","","","","","","","","","","","","","","","","","","","","","","","","","","","","","","","","","","","","","","","","","",
"Mauritius","MUS","Arms exports (SIPRI trend indicator values)","MS.MIL.XPRT.KD","","","","","","","","","","","","","","","","","","","","","","","","","","","","","","","","","","","","","","","","","","","","","","","","","","","","","","","","","","","","","","","","","","",
"Malawi","MWI","Arms exports (SIPRI trend indicator values)","MS.MIL.XPRT.KD","","","","","","","","","","","","","","","","","","","","","","","","","","","","","","","","","","","","","","","","","1000000","","","","","","","","","","","","","","","","","","","","","","","","","",
"Malaysia","MYS","Arms exports (SIPRI trend indicator values)","MS.MIL.XPRT.KD","","","","","","","","","","","","7000000","","","","","","","","","","","6000000","","","","","3000000","","","","","","","","0","","","","11000000","","","","","","","","","","0","","","","15000000","15000000","","","","","1000000","","","","","","",
"North America","NAC","Arms exports (SIPRI trend indicator values)","MS.MIL.XPRT.KD","6186000000","6606000000","6367000000","9647000000","12587000000","11608000000","8763000000","7348000000","8768000000","12253000000","9083000000","12062000000","10987000000","12078000000","12881000000","15359000000","15907000000","14501000000","13816000000","9960000000","10800000000","13697000000","14216000000","13980000000","11952000000","10852000000","11849000000","12405000000","12114000000","11349000000","10722000000","12576000000","14226000000","13910000000","11653000000","11461000000","10966000000","14609000000","15847000000","11605000000","7746000000","5717000000","5065000000","5948000000","7218000000","6952000000","7762000000","8263000000","7400000000","7395000000","8587000000","9295000000","9205000000","7890000000","9684000000","10068000000","9521000000","11472000000","9372000000","10764000000","10141000000","11083000000","15530000000","11385000000","13664000000","",
"Namibia","NAM","Arms exports (SIPRI trend indicator values)","MS.MIL.XPRT.KD","","","","","","","","","","","","","","","","","","","","","","","","","","","","","","","","","","","","","","","","","","","","","","","","","","","","","","","","","","","","","","","","","","",
"New Caledonia","NCL","Arms exports (SIPRI trend indicator values)","MS.MIL.XPRT.KD","","","","","","","","","","","","","","","","","","","","","","","","","","","","","","","","","","","","","","","","","","","","","","","","","","","","","","","","","","","","","","","","","","",
"Niger","NER","Arms exports (SIPRI trend indicator values)","MS.MIL.XPRT.KD","","","","","","","","","","","","","","0","","","","","","","","","","","","","","","","","","","","","","","","","","","","","","","","","","","","","","","","","","","","","","","","","","","","",
"Nigeria","NGA","Arms exports (SIPRI trend indicator values)","MS.MIL.XPRT.KD","","","","","","","","","","","","","","","","","","","","","","","","","","","","","","2000000","3000000","","","","","","","","","","0","","","","","","","","","","","","","","","","","","","","","2000000","3000000","","","",
"Nicaragua","NIC","Arms exports (SIPRI trend indicator values)","MS.MIL.XPRT.KD","","","","","","","","","","","","","","","","","","","","","","","","","","","","","","2000000","2000000","","74000000","18000000","","6000000","","","","","","","","","","","","","","","","","","","","","","","","","","","","","","",
"Netherlands","NLD","Arms exports (SIPRI trend indicator values)","MS.MIL.XPRT.KD","32000000","105000000","62000000","44000000","91000000","38000000","139000000","95000000","350000000","113000000","5000000","161000000","133000000","206000000","83000000","148000000","293000000","448000000","235000000","243000000","612000000","801000000","661000000","457000000","364000000","180000000","357000000","506000000","776000000","558000000","416000000","455000000","383000000","458000000","628000000","458000000","484000000","619000000","642000000","355000000","281000000","199000000","233000000","331000000","202000000","496000000","1147000000","1219000000","452000000","504000000","366000000","541000000","871000000","384000000","643000000","469000000","487000000","1070000000","468000000","304000000","462000000","357000000","324000000","250000000","392000000","",
"Norway","NOR","Arms exports (SIPRI trend indicator values)","MS.MIL.XPRT.KD","38000000","","37000000","55000000","139000000","65000000","80000000","164000000","77000000","53000000","","4000000","29000000","10000000","","6000000","6000000","6000000","87000000","135000000","121000000","238000000","49000000","35000000","","42000000","29000000","54000000","34000000","127000000","85000000","166000000","78000000","37000000","39000000","15000000","4000000","10000000","3000000","3000000","2000000","31000000","78000000","91000000","59000000","6000000","14000000","3000000","2000000","31000000","","62000000","52000000","97000000","87000000","117000000","85000000","98000000","71000000","27000000","60000000","102000000","31000000","242000000","710000000","",
"Nepal","NPL","Arms exports (SIPRI trend indicator values)","MS.MIL.XPRT.KD","","","","","","","","","","","","","","","","","","","","","","","","","","","","","","","","","","","","","","","","","","","","","","","","","","","","","","","","","","","","","","","","","","",
"Nauru","NRU","Arms exports (SIPRI trend indicator values)","MS.MIL.XPRT.KD","","","","","","","","","","","","","","","","","","","","","","","","","","","","","","","","","","","","","","","","","","","","","","","","","","","","","","","","","","","","","","","","","","",
"New Zealand","NZL","Arms exports (SIPRI trend indicator values)","MS.MIL.XPRT.KD","","","","","","","","1000000","1000000","0","","","0","2000000","5000000","3000000","","","","","","1000000","2000000","","10000000","7000000","0","","","","","34000000","4000000","","3000000","","","","","1000000","1000000","","1000000","","1000000","0","","","","","","","75000000","","","1000000","6000000","","7000000","","","","29000000","20000000","","",
"OECD members","OED","Arms exports (SIPRI trend indicator values)","MS.MIL.XPRT.KD","10274000000","9922000000","9628000000","13152000000","17270000000","15919000000","14128000000","12870000000","13925000000","17407000000","14238000000","19778000000","18745000000","19030000000","19761000000","23554000000","24303000000","23429000000","22952000000","19130000000","21335000000","26085000000","25993000000","25443000000","23681000000","20734000000","20519000000","21159000000","20653000000","20698000000","18261000000","19977000000","20039000000","20343000000","19732000000","17718000000","18748000000","23609000000","24360000000","18662000000","13768000000","11925000000","10523000000","12115000000","13731000000","15033000000","17321000000","19347000000","16426000000","16942000000","16374000000","18552000000","15929000000","15808000000","19131000000","19444000000","20221000000","22151000000","17958000000","19320000000","19063000000","21584000000","28457000000","24313000000","25230000000","",
"Oman","OMN","Arms exports (SIPRI trend indicator values)","MS.MIL.XPRT.KD","","","","","","","","","","","","","","","","","","5000000","","","","","","","","","5000000","","","","","","","","0","","","","","","","","","","","1000000","","","","","","","","","","","","7000000","","","","","","","","",
"Other small states","OSS","Arms exports (SIPRI trend indicator values)","MS.MIL.XPRT.KD","","","","","","","","","","","","","","","","","","","","","","","","","","","","","","","","","","","","","","","","","","","","","","","","","","","","","","","","","","","","","","","","","","",
"Pakistan","PAK","Arms exports (SIPRI trend indicator values)","MS.MIL.XPRT.KD","","","","","","","","6000000","","","","3000000","","","","","","","","","15000000","30000000","30000000","","","","","","","1000000","82000000","3000000","","","2000000","","","","","","4000000","","9000000","8000000","9000000","25000000","4000000","","1000000","","","","","","","","1000000","3000000","3000000","1000000","","53000000","1000000","5000000","6000000","",
"Panama","PAN","Arms exports (SIPRI trend indicator values)","MS.MIL.XPRT.KD","","","","","","","","","","","","","","","","","","","","2000000","","","","","","","","","","","","","","","","","","","","","","","","","","","","","","","","","","","","","","","","1000000","","","","","","",
"Peru","PER","Arms exports (SIPRI trend indicator values)","MS.MIL.XPRT.KD","","","","","","","","","","","","","","","","","","","","","","","50000000","","","","","","","","","","","","","","","","","","","14000000","","","5000000","","","","","","","","","","","","","","","","","","","","","",
"Philippines","PHL","Arms exports (SIPRI trend indicator values)","MS.MIL.XPRT.KD","","","","","","","","","","","","","","","","","","","","","","","","","","","1000000","","","","","","","","","","","","","","","","","","","","","4000000","","","","","","","","","","","","","","","","","","",
"Palau","PLW","Arms exports (SIPRI trend indicator values)","MS.MIL.XPRT.KD","","","","","","","","","","","","","","","","","","","","","","","","","","","","","","","","","","","","","","","","","","","","","","","","","","","","","","","","","","","","","","","","","","",
"Papua New Guinea","PNG","Arms exports (SIPRI trend indicator values)","MS.MIL.XPRT.KD","","","","","","","","","","","","","","","","","","","","","","","","","","","","","","","","","","","","","","","","","","","","","","","","","","","","","","","","","","","","","","","","","","",
"Poland","POL","Arms exports (SIPRI trend indicator values)","MS.MIL.XPRT.KD","5000000","5000000","12000000","111000000","237000000","234000000","319000000","309000000","288000000","323000000","268000000","278000000","276000000","158000000","249000000","316000000","425000000","400000000","336000000","247000000","226000000","365000000","230000000","134000000","91000000","131000000","265000000","222000000","232000000","20000000","112000000","62000000","57000000","","133000000","179000000","57000000","23000000","1000000","65000000","47000000","81000000","56000000","83000000","47000000","18000000","282000000","163000000","73000000","75000000","28000000","8000000","31000000","147000000","33000000","2000000","5000000","8000000","11000000","10000000","0","3000000","707000000","606000000","116000000","",
"Pre-demographic dividend","PRE","Arms exports (SIPRI trend indicator values)","MS.MIL.XPRT.KD","3000000","","","","","","","1000000","0","","","1000000","","0","","","","","","","","","","","","","","","","","","","","","","","","","","","","","","","","","","","","","","","","","","","","","","","","","","","","",
"Puerto Rico (US)","PRI","Arms exports (SIPRI trend indicator values)","MS.MIL.XPRT.KD","","","","","","","","","","","","","","","","","","","","","","","","","","","","","","","","","","","","","","","","","","","","","","","","","","","","","","","","","","","","","","","","","","",
"Korea, Dem. People's Rep.","PRK","Arms exports (SIPRI trend indicator values)","MS.MIL.XPRT.KD","","","","","","","","","","","","","","","8000000","12000000","","","","20000000","31000000","6000000","107000000","210000000","194000000","176000000","73000000","210000000","179000000","65000000","6000000","85000000","98000000","104000000","21000000","33000000","35000000","35000000","59000000","42000000","40000000","53000000","150000000","129000000","42000000","15000000","15000000","15000000","15000000","23000000","7000000","","","","1000000","","","","","","","","","13000000","243000000","",
"Portugal","PRT","Arms exports (SIPRI trend indicator values)","MS.MIL.XPRT.KD","","","","","","","","2000000","","","","3000000","","5000000","11000000","93000000","21000000","","4000000","4000000","2000000","","","1000000","","","1000000","1000000","","71000000","","","","1000000","","","","","","","","","","","","","","","99000000","46000000","","0","0","","18000000","7000000","172000000","56000000","3000000","3000000","46000000","11000000","2000000","8000000","18000000","",
"Paraguay","PRY","Arms exports (SIPRI trend indicator values)","MS.MIL.XPRT.KD","","","","","","","","","","","","","","","","","","","","","","","","","","","","","","","","","","","","","","","","","","","","","","","","","","","","","","","","","","","","","","","","","","",
"West Bank and Gaza","PSE","Arms exports (SIPRI trend indicator values)","MS.MIL.XPRT.KD","","","","","","","","","","","","","","","","","","","","","","","","","","","","","","","","","","","","","","","","","","","","","","","","","","","","","","","","","","","","","","","","","","",
"Pacific island small states","PSS","Arms exports (SIPRI trend indicator values)","MS.MIL.XPRT.KD","","","","","","","","","","","","","","","","","","","","","","","","","","","","","","","","","","","","","","","","","","","","","","","","","","","","","","","","","","","","","","","","","","",
"Post-demographic dividend","PST","Arms exports (SIPRI trend indicator values)","MS.MIL.XPRT.KD","10269000000","9917000000","9616000000","13041000000","17028000000","15651000000","13763000000","12516000000","13582000000","17034000000","13949000000","19475000000","18434000000","18854000000","19469000000","23147000000","23828000000","22830000000","22446000000","18771000000","20847000000","25526000000","25500000000","24972000000","23383000000","20438000000","20024000000","20885000000","20379000000","20579000000","18127000000","19794000000","19848000000","19873000000","19536000000","17404000000","18637000000","24269000000","24950000000","19623000000","13852000000","11913000000","10292000000","11994000000","13329000000","14894000000","17063000000","19068000000","16329000000","16472000000","16290000000","18606000000","16933000000","16058000000","19256000000","19244000000","19490000000","21213000000","16951000000","18888000000","18611000000","20746000000","26202000000","21704000000","23843000000","",
"French Polynesia","PYF","Arms exports (SIPRI trend indicator values)","MS.MIL.XPRT.KD","","","","","","","","","","","","","","","","","","","","","","","","","","","","","","","","","","","","","","","","","","","","","","","","","","","","","","","","","","","","","","","","","","",
"Qatar","QAT","Arms exports (SIPRI trend indicator values)","MS.MIL.XPRT.KD","","","","","","","","","","","","","","","","","","","","","","","","","","","","","","","","","","40000000","","","","","","9000000","","","","","","","2000000","","","","","0","","","","","","","3000000","11000000","","12000000","1000000","54000000","13000000","",
"Romania","ROU","Arms exports (SIPRI trend indicator values)","MS.MIL.XPRT.KD","","","","","","","","","","","","6000000","9000000","9000000","1000000","","","","27000000","44000000","48000000","30000000","91000000","101000000","173000000","99000000","28000000","35000000","52000000","25000000","7000000","6000000","15000000","16000000","29000000","11000000","5000000","13000000","2000000","19000000","3000000","","","24000000","","3000000","8000000","32000000","","2000000","1000000","0","","216000000","","","","","","","","","1000000","1000000","118000000","",
"Russian Federation","RUS","Arms exports (SIPRI trend indicator values)","MS.MIL.XPRT.KD","","","","","","","","","","","","","","","","","","","","","","","","","","","","","","","","","2643000000","3489000000","1540000000","3859000000","3624000000","3451000000","2122000000","4392000000","4494000000","5403000000","5841000000","5256000000","6330000000","5176000000","5165000000","5560000000","5954000000","5087000000","6218000000","8786000000","8304000000","7782000000","5341000000","5751000000","6676000000","6356000000","6871000000","5100000000","3523000000","2402000000","2510000000","1329000000","1339000000","",
"Rwanda","RWA","Arms exports (SIPRI trend indicator values)","MS.MIL.XPRT.KD","","","","","","","","","","","","","","","","","","","","","","","","","","","","","","","","","","","","","","","","","","","","","","","","","","","","","","","","","","","","","","","","","","",
"South Asia","SAS","Arms exports (SIPRI trend indicator values)","MS.MIL.XPRT.KD","","","","","","","","","1000000","","","7000000","2000000","21000000","24000000","31000000","","","27000000","22000000","","","2000000","","","","","0","1000000","0","7000000","0","7000000","9000000","2000000","2000000","0","0","8000000","0","21000000","2000000","0","4000000","31000000","19000000","33000000","23000000","15000000","27000000","5000000","3000000","","18000000","40000000","42000000","49000000","56000000","47000000","20000000","153000000","54000000","7000000","41000000","25000000","",
"Saudi Arabia","SAU","Arms exports (SIPRI trend indicator values)","MS.MIL.XPRT.KD","","","","","","","","4000000","3000000","","","","2000000","","","","0","13000000","","","","33000000","","","6000000","4000000","","","","","","","","12000000","","","1000000","","","","","","","","","","18000000","","","","1000000","62000000","","","","3000000","5000000","","","","","","","3000000","","",
"Sudan","SDN","Arms exports (SIPRI trend indicator values)","MS.MIL.XPRT.KD","","","","","","","","1000000","","","","","","","","","","","","","","","","","","","4000000","","","","","","","","","","","","","","","","","","","","","","","","","","","11000000","","","","","","","","","","","","",
"Senegal","SEN","Arms exports (SIPRI trend indicator values)","MS.MIL.XPRT.KD","","","","","","","","","","","","","","","","","3000000","","","","","","","","","","","","","","","","","","","","","","","","","","","","","","","","","","","","","","","","","","","","","","","","","",
"Singapore","SGP","Arms exports (SIPRI trend indicator values)","MS.MIL.XPRT.KD","","","","","","","","","","","","2000000","","","","17000000","","","29000000","72000000","","15000000","","25000000","38000000","26000000","","81000000","25000000","87000000","44000000","3000000","3000000","11000000","30000000","","1000000","46000000","23000000","11000000","12000000","","4000000","","65000000","","","","","34000000","27000000","16000000","79000000","7000000","12000000","80000000","77000000","","","","24000000","72000000","36000000","11000000","","",
"Solomon Islands","SLB","Arms exports (SIPRI trend indicator values)","MS.MIL.XPRT.KD","","","","","","","","","","","","","","","","","","","","","","","","","","","","","","","","","","","","","","","","","","","","","","","","","","","","","","","","","","","","","","","","","","",
"Sierra Leone","SLE","Arms exports (SIPRI trend indicator values)","MS.MIL.XPRT.KD","","","","","","","","","","","","","","","","","","","","","","","","","","","","","","","","","","","","","","","","","","","","","","","","","","","","","","","","","","","","","","","","","","",
"El Salvador","SLV","Arms exports (SIPRI trend indicator values)","MS.MIL.XPRT.KD","","","","","","","","","","","","","","","","","","","","","","","","","","","","","","","","1000000","","","","","","","","","","","","","","","","","","","","","","","","","","","","","","","","","","",
"San Marino","SMR","Arms exports (SIPRI trend indicator values)","MS.MIL.XPRT.KD","","","","","","","","","","","","","","","","","","","","","","","","","","","","","","","","","","","","","","","","","","","","","","","","","","","","","","","","","","","","","","","","","","",
"Somalia, Fed. Rep.","SOM","Arms exports (SIPRI trend indicator values)","MS.MIL.XPRT.KD","","","","","","","","","","","","","","","","","","","","","","","","","","","","","","","","","","","","","","","","","","","","","","","","","","","","","","","","","","","","","","","","","","",
"Serbia","SRB","Arms exports (SIPRI trend indicator values)","MS.MIL.XPRT.KD","","","","","","","","","","","","","","","","","","","","","","","","","","","","","","","","","","","","","20000000","5000000","","","","20000000","","","","","5000000","5000000","45000000","0","31000000","4000000","15000000","10000000","10000000","62000000","86000000","11000000","27000000","26000000","49000000","3000000","","","","",
"Sub-Saharan Africa (excluding high income)","SSA","Arms exports (SIPRI trend indicator values)","MS.MIL.XPRT.KD","27000000","33000000","","","","","","9000000","","13000000","2000000","8000000","22000000","2000000","2000000","28000000","22000000","","","","","","","","","","","","","","","","","","","","","","","","","","","","","","","","","","","","","","","","","","","","","","","","","",
"South Sudan","SSD","Arms exports (SIPRI trend indicator values)","MS.MIL.XPRT.KD","","","","","","","","","","","","","","","","","","","","","","","","","","","","","","","","","","","","","","","","","","","","","","","","","","","","","","","","","","","","","","","","","","",
"Sub-Saharan Africa","SSF","Arms exports (SIPRI trend indicator values)","MS.MIL.XPRT.KD","27000000","33000000","","","","","","9000000","","13000000","2000000","8000000","22000000","2000000","2000000","28000000","22000000","","","","","","","","","","","","","","","","","","","","","","","","","","","","","","","","","","","","","","","","","","","","","","","","","",
"Small states","SST","Arms exports (SIPRI trend indicator values)","MS.MIL.XPRT.KD","","","","","","","","","","","","","","","","","","","","","","","","","","","","","","","","","","","","","","","","","","","","","","","","","","","","","","","","","","","","","","","","","","",
"Sao Tome and Principe","STP","Arms exports (SIPRI trend indicator values)","MS.MIL.XPRT.KD","","","","","","","","","","","","","","","","","","","","","","","","","","","","","","","","","","","","","","","","","","","","","","","","","","","","","","","","","","","","","","","","","","",
"Suriname","SUR","Arms exports (SIPRI trend indicator values)","MS.MIL.XPRT.KD","","","","","","","","","","","","","","","","","","","","","","","","","","","","","","","","","","","","","","","","","","","","","","","","","","","","","","","","","","","","","","","","","","",
"Slovak Republic","SVK","Arms exports (SIPRI trend indicator values)","MS.MIL.XPRT.KD","","","","","","","","","","","","","","","","","","","","","","","","","","","","","","","","","","178000000","40000000","100000000","62000000","58000000","10000000","125000000","37000000","54000000","33000000","","46000000","","3000000","21000000","9000000","","","","5000000","1000000","8000000","3000000","20000000","22000000","12000000","8000000","11000000","","71000000","154000000","","",
"Slovenia","SVN","Arms exports (SIPRI trend indicator values)","MS.MIL.XPRT.KD","","","","","","","","","","","","","","","","","","","","","","","","","","","","","","","","","","","","","","","","","","","","","","","","","","","","","","","","","10000000","","","","","","38000000","2000000","3000000","",
"Sweden","SWE","Arms exports (SIPRI trend indicator values)","MS.MIL.XPRT.KD","38000000","46000000","44000000","13000000","22000000","32000000","56000000","55000000","60000000","36000000","158000000","547000000","163000000","15000000","75000000","69000000","101000000","75000000","55000000","261000000","157000000","127000000","120000000","118000000","227000000","215000000","320000000","230000000","512000000","401000000","224000000","155000000","147000000","103000000","111000000","226000000","348000000","104000000","337000000","387000000","375000000","897000000","172000000","516000000","305000000","539000000","387000000","334000000","464000000","394000000","619000000","665000000","442000000","386000000","343000000","181000000","255000000","79000000","139000000","125000000","266000000","239000000","83000000","375000000","381000000","",
"Eswatini","SWZ","Arms exports (SIPRI trend indicator values)","MS.MIL.XPRT.KD","","","","","","","","","","","","","","","","","","","","","","","","","","","","","","","","","","","","","","","","","","","","","","","","","","","","","","","","","","","","","","","","","","",
"Sint Maarten (Dutch part)","SXM","Arms exports (SIPRI trend indicator values)","MS.MIL.XPRT.KD","","","","","","","","","","","","","","","","","","","","","","","","","","","","","","","","","","","","","","","","","","","","","","","","","","","","","","","","","","","","","","","","","","",
"Seychelles","SYC","Arms exports (SIPRI trend indicator values)","MS.MIL.XPRT.KD","","","","","","","","","","","","","","","","","","","","","","","","","","","","","","","","","","","","1000000","","","","","","","","","","","","","","","","","","","","","","","","","","","","","","",
"Syrian Arab Republic","SYR","Arms exports (SIPRI trend indicator values)","MS.MIL.XPRT.KD","","","","","","","","","","","17000000","","","","2000000","2000000","","0","","","","","178000000","46000000","1000000","32000000","31000000","","15000000","","","","40000000","40000000","","","0","0","","","","","","","","","3000000","","","33000000","30000000","","","","","","","","","","","","","","","",
"Turks and Caicos Islands","TCA","Arms exports (SIPRI trend indicator values)","MS.MIL.XPRT.KD","","","","","","","","","","","","","","","","","","","","","","","","","","","","","","","","","","","","","","","","","","","","","","","","","","","","","","","","","","","","","","","","","","",
"Chad","TCD","Arms exports (SIPRI trend indicator values)","MS.MIL.XPRT.KD","","","","","","","","","","","","","","","","","","","","","","","","","","","","20000000","","","","","","","","","","","","","","","","","","","","","","","","","","","","","","","","","","","","","","",
"East Asia & Pacific (IDA & IBRD countries)","TEA","Arms exports (SIPRI trend indicator values)","MS.MIL.XPRT.KD","285000000","35000000","47000000","19000000","75000000","387000000","619000000","426000000","746000000","669000000","917000000","","","","","","","","","","","","","","","","","","","","","","","","","1008000000","","","","397000000","","","","708000000","442000000","350000000","872000000","509000000","587000000","1125000000","1501000000","1262000000","1534000000","2091000000","1338000000","1819000000","2536000000","1720000000","1390000000","1615000000","635000000","1378000000","2280000000","2982000000","1136000000","",
"Europe & Central Asia (IDA & IBRD countries)","TEC","Arms exports (SIPRI trend indicator values)","MS.MIL.XPRT.KD","5000000","5000000","12000000","111000000","237000000","234000000","319000000","309000000","288000000","323000000","268000000","284000000","285000000","167000000","250000000","","","","363000000","291000000","297000000","406000000","","239000000","","","399000000","","","","","","","","2031000000","4296000000","4103000000","4678000000","2945000000","5941000000","5242000000","6159000000","6473000000","6179000000","6788000000","5678000000","6209000000","6646000000","6860000000","5970000000","7258000000","9793000000","10099000000","9276000000","6297000000","6604000000","7785000000","7037000000","7568000000","5673000000","4021000000","3189000000","4042000000","2833000000","1995000000","",
"Togo","TGO","Arms exports (SIPRI trend indicator values)","MS.MIL.XPRT.KD","","","","","","","","","","","","","","","","","","","","","","","","","","","","","","","","","","","","","","","","","","","","","","","","","","","","","","","","","","","","","","","","","","",
"Thailand","THA","Arms exports (SIPRI trend indicator values)","MS.MIL.XPRT.KD","","","","","","","","","","","","","","","","","","","","","","","","","","","","","","","","","","","","","","","","","","","","7000000","7000000","","79000000","","","","","","","","","","2000000","2000000","","1000000","","3000000","","","5000000","",
"Tajikistan","TJK","Arms exports (SIPRI trend indicator values)","MS.MIL.XPRT.KD","","","","","","","","","","","","","","","","","","","","","","","","","","","","","","","","","","","","","","","","","","","","","","","","","","","","","","","","","","","","","","","","","","",
"Turkmenistan","TKM","Arms exports (SIPRI trend indicator values)","MS.MIL.XPRT.KD","","","","","","","","","","","","","","","","","","","","","","","","","","","","","","","","","","","","","","","","","","","","","","","","","","","","","","","","","","","","","","","","","","",
"Latin America & the Caribbean (IDA & IBRD countries)","TLA","Arms exports (SIPRI trend indicator values)","MS.MIL.XPRT.KD","8000000","12000000","6000000","","4000000","","","","","","","","","","","71000000","","","","","","","","","","","","","","","","","","","","","","","","","","","","","","","","","","","","","","","","","","","","33000000","","","","","","",
"Timor-Leste","TLS","Arms exports (SIPRI trend indicator values)","MS.MIL.XPRT.KD","","","","","","","","","","","","","","","","","","","","","","","","","","","","","","","","","","","","","","","","","","","","","","","","","","","","","","","","","","","","","","","","","","",
"Middle East, North Africa, Afghanistan & Pakistan (IDA & IBRD)","TMN","Arms exports (SIPRI trend indicator values)","MS.MIL.XPRT.KD","3000000","0","12000000","8000000","1000000","","14000000","50000000","32000000","21000000","79000000","45000000","","28000000","154000000","","","","","","174000000","","459000000","","","","","","","","","","","","87000000","","","14000000","","","","","","","","","","","","","","","","","","","","","","","","","","","","",
"Tonga","TON","Arms exports (SIPRI trend indicator values)","MS.MIL.XPRT.KD","","","","","","","","","","","","","","","","","","","","","","","","","","","","","","","","","","","","","","","","","","","","","","","","","","","","","","","","","","","","","","","","","","",
"South Asia (IDA & IBRD)","TSA","Arms exports (SIPRI trend indicator values)","MS.MIL.XPRT.KD","","","","","","","","","1000000","","","7000000","2000000","21000000","24000000","31000000","","","27000000","22000000","","","2000000","","","","","0","1000000","0","7000000","0","7000000","9000000","2000000","2000000","0","0","8000000","0","21000000","2000000","0","4000000","31000000","19000000","33000000","23000000","15000000","27000000","5000000","3000000","","18000000","40000000","42000000","49000000","56000000","47000000","20000000","153000000","54000000","7000000","41000000","25000000","",
"Sub-Saharan Africa (IDA & IBRD countries)","TSS","Arms exports (SIPRI trend indicator values)","MS.MIL.XPRT.KD","27000000","33000000","","","","","","9000000","","13000000","2000000","8000000","22000000","2000000","2000000","28000000","22000000","","","","","","","","","","","","","","","","","","","","","","","","","","","","","","","","","","","","","","","","","","","","","","","","","",
"Trinidad and Tobago","TTO","Arms exports (SIPRI trend indicator values)","MS.MIL.XPRT.KD","","","","","","","","","","","","","","","","","","","","","","","","","","","","","","","","","","","","","","","","","","","","","","","","","","","","","","","","","","","","","","","","","","",
"Tunisia","TUN","Arms exports (SIPRI trend indicator values)","MS.MIL.XPRT.KD","","","","","","","","","","","","","","","","","","","","","","","","","","","","","","","","","","","","","","","","","","","","","","","","","","","","","","","","","","","","","","","","","","",
"Turkiye","TUR","Arms exports (SIPRI trend indicator values)","MS.MIL.XPRT.KD","","","","","","","","","","","","","","","","","","","","","23000000","11000000","","","","","","","","","","","","","","3000000","3000000","0","3000000","44000000","20000000","5000000","27000000","43000000","28000000","25000000","67000000","85000000","120000000","76000000","70000000","90000000","144000000","139000000","157000000","225000000","243000000","177000000","248000000","274000000","265000000","482000000","589000000","699000000","332000000","",
"Tuvalu","TUV","Arms exports (SIPRI trend indicator values)","MS.MIL.XPRT.KD","","","","","","","","","","","","","","","","","","","","","","","","","","","","","","","","","","","","","","","","","","","","","","","","","","","","","","","","","","","","","","","","","","",
"Tanzania","TZA","Arms exports (SIPRI trend indicator values)","MS.MIL.XPRT.KD","","","","","","","","","","","","","","","","","","","","","","","","","","","","","","","","","","","","","","","","","","","","","","","","","","","","","","","","","","","","","","","","","","",
"Uganda","UGA","Arms exports (SIPRI trend indicator values)","MS.MIL.XPRT.KD","","","","","","","","","0","","","","","","","","","","","","","","","","","","","","","","","","","","","","","","","","","","","","","","","","","","","","","","","","4000000","","","","","","","","","",
"Ukraine","UKR","Arms exports (SIPRI trend indicator values)","MS.MIL.XPRT.KD","","","","","","","","","","","","","","","","","","","","","","","","","","","","","","","","","165000000","82000000","237000000","166000000","232000000","556000000","706000000","736000000","275000000","536000000","310000000","313000000","196000000","294000000","532000000","640000000","397000000","444000000","518000000","569000000","1495000000","687000000","632000000","303000000","461000000","384000000","318000000","168000000","122000000","181000000","102000000","29000000","23000000","",
"Upper middle income","UMC","Arms exports (SIPRI trend indicator values)","MS.MIL.XPRT.KD","317000000","80000000","","","","","","462000000","","700000000","942000000","1328000000","1385000000","666000000","","","","","","","","","","","","","","","","","","","","","","1258000000","","","","","","","","","949000000","","1931000000","","","1986000000","","2233000000","","3345000000","2370000000","2661000000","3712000000","2521000000","2252000000","2314000000","1432000000","2344000000","3224000000","","1860000000","",
"Uruguay","URY","Arms exports (SIPRI trend indicator values)","MS.MIL.XPRT.KD","6000000","","","","","","","","","","","","","","","","","","","","","","","","","","","","","","","","","","","","","","","","1000000","","","","","","","","","","","","","","","","","","","","","","","","","",
"United States","USA","Arms exports (SIPRI trend indicator values)","MS.MIL.XPRT.KD","6120000000","6306000000","6179000000","9409000000","12314000000","11487000000","8651000000","7275000000","8570000000","12070000000","8885000000","11772000000","10664000000","11960000000","12768000000","15277000000","15648000000","14363000000","13639000000","9797000000","10684000000","13592000000","13979000000","13883000000","11875000000","10769000000","11613000000","12161000000","11990000000","11316000000","10643000000","12483000000","14087000000","13766000000","11492000000","11219000000","10834000000","14513000000","15813000000","11529000000","7677000000","5597000000","4888000000","5647000000","6930000000","6718000000","7509000000","7910000000","7149000000","7197000000","8391000000","9022000000","8947000000","7724000000","9505000000","9743000000","9426000000","11409000000","9255000000","10534000000","10024000000","10960000000","15351000000","11102000000","13512000000","",
"Uzbekistan","UZB","Arms exports (SIPRI trend indicator values)","MS.MIL.XPRT.KD","","","","","","","","","","","","","","","","","","","","","","","","","","","","","","","","","","","","","","","","","","","","252000000","126000000","4000000","","","","209000000","209000000","209000000","","","","34000000","68000000","","","","","","","","","",
"St. Vincent and the Grenadines","VCT","Arms exports (SIPRI trend indicator values)","MS.MIL.XPRT.KD","","","","","","","","","","","","","","","","","","","","","","","","","","","","","","","","","","","","","","","","","","","","","","","","","","","","","","","","","","","","","","","","","","",
"Venezuela, RB","VEN","Arms exports (SIPRI trend indicator values)","MS.MIL.XPRT.KD","","","","","","","","","","16000000","","","","","","13000000","","","","","","","","","","","","0","","","","","","","","","","","","","","","","","1000000","","7000000","","3000000","40000000","","","","","","","","","","","","","","","","",
"British Virgin Islands","VGB","Arms exports (SIPRI trend indicator values)","MS.MIL.XPRT.KD","","","","","","","","","","","","","","","","","","","","","","","","","","","","","","","","","","","","","","","","","","","","","","","","","","","","","","","","","","","","","","","","","","",
"Virgin Islands (U.S.)","VIR","Arms exports (SIPRI trend indicator values)","MS.MIL.XPRT.KD","","","","","","","","","","","","","","","","","","","","","","","","","","","","","","","","","","","","","","","","","","","","","","","","","","","","","","","","","","","","","","","","","","",
"Viet Nam","VNM","Arms exports (SIPRI trend indicator values)","MS.MIL.XPRT.KD","","","","","","","","","","","","","0","","","","","","","","","","","","","","","11000000","","","","","","","","","","","","","","","","","","","14000000","","","","","","","","","","","","10000000","","","","","","","",
"Vanuatu","VUT","Arms exports (SIPRI trend indicator values)","MS.MIL.XPRT.KD","","","","","","","","","","","","","","","","","","","","","","","","","","","","","","","","","","","","","","","","","","","","","","","","","","","","","","","","","","","","","","","","","","",
"World","WLD","Arms exports (SIPRI trend indicator values)","MS.MIL.XPRT.KD","8082000000","11484000000","16552000000","23648000000","20217000000","20584000000","24542000000","23721000000","25447000000","21499000000","17759000000","16544000000","17630000000","20216000000","26618000000","25217000000","25359000000","25265000000","26334000000","28625000000","25173000000","32589000000","34237000000","35987000000","36594000000","36733000000","35610000000","40099000000","42496000000","38275000000","42029000000","45540000000","45731000000","43886000000","41938000000","38235000000","39133000000","39412000000","36785000000","35075000000","30260000000","28069000000","24236000000","25826000000","22978000000","22982000000","23783000000","28917000000","27888000000","24986000000","19363000000","18659000000","17794000000","19103000000","21346000000","21338000000","24500000000","26509000000","24093000000","24411000000","25761000000","29806000000","27833000000","27225000000","26995000000","",
"Samoa","WSM","Arms exports (SIPRI trend indicator values)","MS.MIL.XPRT.KD","","","","","","","","","","","","","","","","","","","","","","","","","","","","","","","","","","","","","","","","","","","","","","","","","","","","","","","","","","","","","","","","","","",
"Kosovo","XKX","Arms exports (SIPRI trend indicator values)","MS.MIL.XPRT.KD","","","","","","","","","","","","","","","","","","","","","","","","","","","","","","","","","","","","","","","","","","","","","","","","","","","","","","","","","","","","","","","","","","",
"Yemen, Rep.","YEM","Arms exports (SIPRI trend indicator values)","MS.MIL.XPRT.KD","","","","","","","","","","","","","","","","6000000","","","","","","","","","","3000000","51000000","","","","","","","","","","","","","","","","","","","","","","","","","","","","","","","","","","","","","","","",
"South Africa","ZAF","Arms exports (SIPRI trend indicator values)","MS.MIL.XPRT.KD","27000000","33000000","","","","","","8000000","","13000000","2000000","7000000","22000000","1000000","2000000","28000000","19000000","0","","","49000000","49000000","1000000","","","25000000","25000000","28000000","25000000","0","","54000000","75000000","54000000","13000000","17000000","31000000","7000000","22000000","30000000","21000000","37000000","22000000","47000000","74000000","36000000","200000000","137000000","142000000","107000000","244000000","74000000","193000000","113000000","63000000","49000000","82000000","95000000","87000000","106000000","120000000","102000000","68000000","58000000","27000000","",
"Zambia","ZMB","Arms exports (SIPRI trend indicator values)","MS.MIL.XPRT.KD","","","","","","","","","","","","","","","","","","","","","","","","","","","","","","","2000000","","","","","","","","","","","","","","","","","","","","","","","","","","","","","","","","","","","",
"Zimbabwe","ZWE","Arms exports (SIPRI trend indicator values)","MS.MIL.XPRT.KD","","","","","1000000","","","","","","","","","","","","","","","","","","","","","","","","","","","","","","","","","","","","","4000000","","","","","","","","","","","","","","","","","","","","","","","","",
