"Data Source","World Development Indicators",

"Last Updated Date","2026-04-08",

"Country Name","Country Code","Indicator Name","Indicator Code","1960","1961","1962","1963","1964","1965","1966","1967","1968","1969","1970","1971","1972","1973","1974","1975","1976","1977","1978","1979","1980","1981","1982","1983","1984","1985","1986","1987","1988","1989","1990","1991","1992","1993","1994","1995","1996","1997","1998","1999","2000","2001","2002","2003","2004","2005","2006","2007","2008","2009","2010","2011","2012","2013","2014","2015","2016","2017","2018","2019","2020","2021","2022","2023","2024","2025",
"Aruba","ABW","Military expenditure (current USD)","MS.MIL.XPND.CD","","","","","","","","","","","","","","","","","","","","","","","","","","","","","","","","","","","","","","","","","","","","","","","","","","","","","","","","","","","","","","","","","","",
"Africa Eastern and Southern","AFE","Military expenditure (current USD)","MS.MIL.XPND.CD","","","","321995105.592536","439800468.248919","523991764.064749","563107868.706277","599200560.390729","651839873.849006","748192662.805837","808051583.819031","930569413.181881","978416632.720141","1341007129.32249","1912090260.16004","2359066011.77603","2711217181.47119","3516242094.08135","4436187157.32162","5059938377.44219","5688875761.40021","5821777472.14513","5586490773.70499","5954550238.35962","6059014945.37724","5268638660.93183","5815940446.62015","7253046582.51314","8315635574.15312","8403081989.50234","9777789552.00326","8341006681.63332","6310707062.68746","7129497156.21002","5621952774.36164","5084815803.29411","4478141130.68525","4739305120.39884","4137540985.31222","5722502786.54834","5401733241.50712","4488594404.40717","4895651489.67202","5646539416.27222","7366020357.18671","8391802332.31698","10168981008.6831","11233010788.2932","13548342318.6203","13534612775.6365","11939662796.3399","13243429787.9745","13839864655.0265","15581977215.0537","16829353040.2181","15383318097.6508","13659413872.3535","16172675472.1069","12270486684.636","11691723928.9498","11443761587.0642","12538942807.1952","13229012881.3545","13732573540.4478","13659048840.3166","",
"Afghanistan","AFG","Military expenditure (current USD)","MS.MIL.XPND.CD","","","","","","","","","","","2939585.50125376","","","3341271.55123016","3581366.35143003","4203664.56865451","5393251.2159455","6127288.0633346","","","","","","","","","","","","","","","","","","","","","","","","","","","125111557.457054","122727193.134874","131346231.269517","219580214.296198","240532594.620985","251869514.820335","298147102.825701","325806949.72333","238583385.374322","217194107.113298","268238787.719988","199517108.764826","185878310.062383","191407113.244397","198074728.574408","226306243.729258","279576954.925193","278250788.014927","","","","",
"Africa Western and Central","AFW","Military expenditure (current USD)","MS.MIL.XPND.CD","","65730524.3831638","90028246.0092655","100571059.526628","118886714.16175","145634004.191034","150726614.016474","279405116.483602","468085528.047781","792195080.16297","805756788.47743","798401254.138415","1073660122.48322","1225931367.71765","1569425244.50618","3325926333.27176","2972064214.24566","3538129233.05042","3531858527.90589","3749098042.56657","3819500057.55731","2995896467.39343","2333427778.63198","2271656004.89054","1833692045.21992","1782805894.30473","1325887034.64413","1034038528.72362","1028974102.24905","869622423.787789","1058239033.95801","1017904206.18611","1121450093.76604","1223171278.3599","889421995.123373","1114380570.52239","1243017431.17495","1365594415.16732","1630290670.11551","1034573025.66621","959300982.609088","1269265105.71866","1677374103.82213","1793043312.25745","1955986947.41056","2015580275.88297","2343547220.22438","2945810821.62647","4420055281.36649","4304860294.26092","4658214435.30059","4987982651.04179","4921502460.77794","6171135414.06019","6451564749.92889","5016333439.14496","5575535214.60029","5510400667.6926","6325121729.78858","6163842037.42304","7196957645.04129","9713964207.41475","8502192591.61574","9427716905.99577","8015682860.17091","",
"Angola","AGO","Military expenditure (current USD)","MS.MIL.XPND.CD","","","","","","","","","","","","","","","","","","","343271609.064777","504712881.877131","497359449.16104","618891637.14152","668493883.280968","778628250.551507","1066247743.83314","1146467009.82686","1156494418.07607","1487398890.30015","1469382980.14573","1948559395.68153","1751153151.94866","1031247788.04428","794138821.161656","1774397876.82742","594991178.694447","233843714.8893","159741933.468199","456780475.026196","170278292.568682","1066588789.23285","583621333.598924","404299139.990661","438686245.411232","670021164.432494","817533582.152083","1365055398.69044","1970309115.18376","2032432883.4343","3163591147.40902","3311193245.27722","3500794836.44649","3639496373.5446","4144634851.46856","6090751702.00884","6846249313.34052","3608299114.61674","2764054937.15976","3062872913.9838","1983613748.00089","1470938717.28754","993594404.625879","981451011.871799","1622763731.95097","1247846345.08517","922050813.886942","",
"Albania","ALB","Military expenditure (current USD)","MS.MIL.XPND.CD","","","","","","","","","","","","","","","","0","0","0","0","0","0","0","0","0","0","0","0","0","0","0","0","0","31559657.4817579","39289843.4285042","49649504.9316606","50907521.7778257","45713356.1086709","29825491.9997583","33638047.439804","42784205.2131221","45362503.3922719","53232045.1615151","58649352.5025864","76142881.7606657","100922358.435493","110140852.685934","140983900.659916","194840309.240843","255677957.818501","182736862.497776","185893241.995074","197006789.236335","183204695.660212","180015508.820867","178120368.027763","132350667.590834","130853203.626464","144382688.719935","175886688.575874","197225913.318893","196596308.984418","222814540.116661","228693159.623738","397617613.069546","535472559.206879","",
"Andorra","AND","Military expenditure (current USD)","MS.MIL.XPND.CD","","","","","","","","","","","","","","","","","","","","","","","","","","","","","","","","","","","","","","","","","","","","","","","","","","","","","","","","","","","","","","","","","","",
"Arab World","ARB","Military expenditure (current USD)","MS.MIL.XPND.CD","","","833229524.052428","916446054.459129","1225338998.21202","1416443188.74546","1548666185.25596","1684446591.76602","2031297443.33655","2394194611.87805","2980085336.48712","3346818698.86206","3722311542.14614","5149216359.07877","5981464636.58954","6542589257.73818","7664547685.31096","21087366663.7113","23611330023.6793","28041477384.0916","34463402591.1507","39939322642.2365","40382443515.1479","34868573704.2001","36994839308.1242","32977558769.3588","14390091251.0454","29739839768.0076","28872826806.4862","24604659766.3957","36512289679.011","41035099160.5148","32810749317.6456","29606345066.5726","29413366449.6806","26684323433.9858","26486123008.5846","35484055036.0368","39322695875.049","36689921471.8284","40924905296.2535","42770280443.9921","40851036166.6673","42622220140.0267","48508764668.0929","54649194506.4787","61282170542.184","73572238703.7618","86261643585.807","91504042712.326","97976367583.5363","107921688720.066","121983945405.818","142683802368.437","157361840455.001","137944820721.191","111884463391.743","119045138484.832","120449681386.238","112527831957.64","108570197109.419","119776779340.45","130704747085.426","131065914295.858","136371136315.813","",
"United Arab Emirates","ARE","Military expenditure (current USD)","MS.MIL.XPND.CD","","","","","","","","","","","","","","","","","","","","","","","","","","","","","","","","","","","","","","3335766741.48489","4010347174.94894","4233083730.42886","5875833900.61266","5797957794.41797","5354118447.92376","5834717494.89449","6816882232.81144","6604220558.20286","7165418652.14432","8460993873.38325","11571681415.9292","13836351259.3601","17504697072.8387","19181756296.8005","19024098025.8679","23561061946.9027","22755071477.1954","","","","","","","","","","","",
"Argentina","ARG","Military expenditure (current USD)","MS.MIL.XPND.CD","0","0","305162407.203668","242219771.188823","245740498.034076","252407602.894431","279225436.289744","251930719.052261","337142857.142857","442857142.857143","445713893.877895","519719484.172883","766000000","1294000000","1626000000","798359535.20164","2050248958.80214","2058223941.63377","3103989946.59127","5057062803.25292","6477389013.47732","5882767126.46132","2279872697.46359","2848053181.38652","2527749814.85341","2027221261.23072","2449545720.61181","2485659655.83174","2696341658.47862","1440922190.20173","2050907629.17129","2858778842.10019","3254455191.68378","3368550452.17659","3754724686.88939","3801950487.62191","3379138769.76541","3340670335.16758","3398699349.67484","3461730865.43272","3266633316.65833","3183591795.89795","1114172482.91036","1374873734.32668","1465809188.24616","1699579151.82907","1847553129.83947","2296448241.88781","2788980204.56974","2981852290.09382","3475348407.46349","4051930104.57065","4563217858.77234","5137974300.9699","4979442724.4582","5482616700.96393","4509647660.05234","5459643672.45401","3842852365.3176","3132654926.06745","2830929705.21542","3073433322.80813","4338261310.30872","4882352998.99977","4177618452.20522","",
"Armenia","ARM","Military expenditure (current USD)","MS.MIL.XPND.CD","","","","","","","","","","","","","","","","","","","","","","","","","","","","","","","","","0","9829763.86600769","","52228583.8170226","52410268.5482839","64062121.1905135","66757573.0568511","68234148.5659606","68052142.0654426","66247626.4597048","64106405.6523643","76587998.887282","98070488.1985412","140738102.677157","188189116.431112","280108688.343921","395994365.442251","359499343.487034","395011507.787829","390871433.902191","380571678.896068","444551859.501106","457807021.791353","447379807.506819","431396218.601658","443610413.340995","513252026.482368","652000174.824083","633960400.11526","619435471.710093","795201580.049707","1326245679.38669","1418011710.7943","",
"American Samoa","ASM","Military expenditure (current USD)","MS.MIL.XPND.CD","","","","","","","","","","","","","","","","","","","","","","","","","","","","","","","","","","","","","","","","","","","","","","","","","","","","","","","","","","","","","","","","","","",
"Antigua and Barbuda","ATG","Military expenditure (current USD)","MS.MIL.XPND.CD","","","","","","","","","","","","","","","","","","","","","","","","","","","","","","","","","","","","","","","","","","","","","","","","","","","","","","","","","","","","","","","","","","",
"Australia","AUS","Military expenditure (current USD)","MS.MIL.XPND.CD","459760073.561612","470960075.353612","489440078.310413","553280088.524814","655760104.921617","787360125.97762","986720157.875225","1197840191.65443","1321600211.45603","1314880210.38083","1277360204.37763","1331754789.44566","1484443744.94753","1855729306.59264","2127274762.94236","2268707674.46336","2441084024.61737","2500485127.38059","2816316205.75076","3100685079.26643","3657867289.72814","4323644156.90375","4459544581.75223","4511671066.02643","4925319432.74361","4386859325.7862","4606710027.60751","5057135655.16952","5836347868.20948","6300015815.27756","6704213698.03132","7023509067.11535","6882091580.0683","6733829289.52236","7459696581.9777","7665878445.99453","8202776516.98934","7936884917.39524","7107542890.88659","7770250653.24688","7273760312.61052","7043145895.39887","7946766201.59082","9926649415.33553","11995219709.5054","13237798498.6292","14239779513.0914","17186440961.6173","18633092318.2741","18960138513.0129","23217692815.7335","26597198655.3381","26216580848.4356","24825262588.8168","25783708714.0042","24046205860.2554","26382947050.0183","27691112416.8515","26839820914.4018","26079346314.3255","27300894700.6194","32718066816.8168","32445330432.014","32387989797.746","33819572368.4211","",
"Austria","AUT","Military expenditure (current USD)","MS.MIL.XPND.CD","91559097.9576499","91029854.6168543","100026991.410381","125959915.109368","164594678.987452","142895702.014829","167770139.032226","176767275.825752","182059709.233709","193173819.390418","199524739.479966","209277606.745348","249425547.367042","328898821.44589","422543505.786049","546724394.020795","581408727.267149","686893244.300868","877450655.245279","1049972515.42533","1152895906.47504","969372327.098363","995369996.934841","991995097.475966","949715291.722829","1036872489.29208","1475426088.99424","1737112605.38592","1713954576.8605","1623488055.24644","1972701681.51639","1994055545.99645","2139925321.74009","2115115266.68433","2227560550.13156","2557834494.18618","2457903048.65764","2164802343.39854","2159796003.21024","2124379545.86859","1925557398.19421","1788798310.52966","1881746741.32982","2381962768.92309","2679282064.65391","2686166243.8442","2640185362.43902","3499817967.31076","3746731607.28018","3334754939.61878","3218351224.09923","3409721208.58269","3187227448.7533","3229065841.34293","3305159256.48245","2665409781.52379","2885947386.10357","3153118623.81495","3387982011.96842","3336542767.57725","3840077510.54371","4196428571.42857","3612733177.95148","4452227950.61387","5258693991.82582","",
"Azerbaijan","AZE","Military expenditure (current USD)","MS.MIL.XPND.CD","","","","","","","","","","","","","","","","","","","","","","","","","","","","","","","","","11070110.701107","77519379.8449612","43942747.0585426","66159968.9138776","71606841.2432157","92086691.9675062","107262858.619798","120262173.966334","119575651.71524","131963660.064189","139894091.943335","176552162.305808","228249631.62565","304521477.7332","717111853.555619","946599792.104637","1607799225.91952","1472909976.94651","1476608733.57005","3080084995.80846","3246122612.63039","3367574161.19744","3427179917.06482","2900551382.15215","1396969107.65832","1528859592.29385","1672176470.58824","1854235294.11765","2237764705.88235","2703176470.58824","2991035294.11765","3561670588.23529","3777088235.29412","",
"Burundi","BDI","Military expenditure (current USD)","MS.MIL.XPND.CD","","380000","8420000","1012000","1162000","2153481.48148148","2286857.14285714","2376000","2590857.14285714","3337142.85714286","","2628571.42857143","3600000","5923067.59919576","7682539.68253968","8533333.33333333","9971014.49275362","13955555.5555556","17033333.3333333","20000000","27763333.3333333","29995555.5555556","36665555.5555555","34369644.2000553","29938434.0358703","32220298.1166781","34607737.5165322","30784856.4306756","34255493.4292532","37903281.7157947","39602347.3767189","42751758.8271914","38986476.4309684","36267402.586704","41909745.0348687","42108929.8798432","50893980.7826337","61870123.82539","58736036.2332111","50571188.2632257","42321552.2157761","53230373.1063777","44910067.0535236","43413201.3079382","44872377.1459715","49557129.3847889","44717502.0414512","46308706.2216348","43856319.9487218","","","","58966662.2761714","60859500.0932422","62177428.7401455","66164584.4355924","66462843.0779874","63908678.4320088","65436595.2627955","84689413.9182017","67474092.716297","68376397.1357831","101434221.215165","145168021.651148","171829784.578258","",
"Belgium","BEL","Military expenditure (current USD)","MS.MIL.XPND.CD","383220247.363793","391218827.402035","422220787.917416","444601321.532591","497059226.927638","500722082.825724","563377895.390772","607918707.189363","646381114.508621","675078864.353312","747755088.868629","828721558.437287","1026588090.80827","1296519775.36788","1482318435.92776","1927662477.54259","2109619988.35942","2496513861.83075","3166647025.36802","3631580468.11257","3958575326.74283","3385176171.48879","2891774968.21585","2671831608.17975","2407447484.34478","2428223976.52078","3404311037.66514","4162992929.13576","4097149308.30983","3880733005.73301","4644324240.80376","4624500746.00154","4131298112.21321","3746042850.89637","3944101812.83271","4449014834.61072","4241865967.61501","3684095388.87611","3664288413.2382","3598447519.62175","3190805233.09379","3036035471.71837","3147146016.65804","3875697772.32025","4262663512.81717","4228224643.0881","4307895340.97481","5163979973.66685","6295821584.20918","5620670062.77758","5244720513.34689","5499370964.2666","5168997833.7235","5263164882.84678","5191507314.94392","4202062770.32272","4255489554.61624","4432808395.99139","4840126057.85914","4761195700.85087","5317451270.94495","6239356669.82025","6890161299.82246","7629396588.60593","8561520105.74799","",
"Benin","BEN","Military expenditure (current USD)","MS.MIL.XPND.CD","1301005.3222945","2173203.94683193","2734537.61825855","2963071.79939269","3803662.45352553","3994923.71287149","3724387.20601763","3910553.2091333","4293821.82457132","4015987.01343663","4099087.20238203","4285361.4956638","4904216.99176282","6698401.4464599","6447726.47016057","7857666.1238469","7160493.82716049","10147346.141322","8552841.49324636","17562828.480364","23617947.7470655","17186114.2085371","16554779.888377","17765951.3050233","21237787.6999339","19810222.5199939","26277338.538749","35602937.4087051","36931589.2670087","28525930.384191","32817291.9765669","","","","","","","","","17843134.3887192","14496275.1553423","13112535.622252","26000447.6404185","34544046.7997247","41780478.3402898","44706029.5600871","46786130.9261986","","64724601.1098581","","","","78223091.0412182","86003157.6390576","92990706.1881213","90896085.8906078","79581568.0520594","116142782.36694","90212425.9945842","68112390.3078378","71817818.4788086","97424488.8098852","110010370.317322","149035288.004743","154107719.732787","",
"Burkina Faso","BFA","Military expenditure (current USD)","MS.MIL.XPND.CD","1268378.22957238","1643154.20370219","4901760.7157142","5281287.75263656","5358593.13463414","3509330.32999947","3907553.78992014","3695106.93045963","3760628.52180236","4023680.4751482","4185916.94012004","4343468.09221517","4947862.93586427","6079259.18282194","6269084.56409298","18062366.7253036","19531282.6951245","22903777.2712471","32372283.475733","32032417.8975376","35360658.841348","33915894.7635713","32866107.1313366","29317755.9792792","26968328.6913815","27106616.8369084","51180170.138548","50712557.8547733","57186887.2713599","66816506.1691243","84465502.3598333","69505542.2233408","71116618.5604401","60526975.6288781","30259093.4879909","36862814.2354572","37141874.1398724","38549246.2337386","39494738.5550011","41741175.4769782","36658539.0518782","36832965.231045","42468449.9589663","50757054.3702684","65684242.4070341","73843342.1553535","72632867.3334736","107816728.462423","116999586.873751","127333296.624635","123700474.683864","138850860.201837","147729698.91896","166136345.235204","177166971.776294","147934736.66413","149467363.227452","191065838.764304","305781079.057984","357921557.517774","382464677.360491","458279098.444886","562583349.170273","827153018.861823","1023672220.14258","",
"Bangladesh","BGD","Military expenditure (current USD)","MS.MIL.XPND.CD","","","","","","","","","","","","","","48606800.1313768","72298235.0382714","80830559.4733651","105287729.075513","128522908.761231","134871031.705263","136251932.925634","167255351.167634","174106138.716989","184674562.508557","231804492.459502","244337571.539817","224948007.05318","248796417.166614","288311839.747867","331995586.627989","378796135.246148","373023438.959292","381720110.052258","427723624.979361","471044672.335061","547417522.185003","620095155.928424","638958844.832812","681915123.987305","701585600.35317","737412573.607247","740798160.005685","705481695.212977","681816161.719721","719442956.940887","770641160.288967","773677668.179153","829682794.837739","953464223.599622","1030020018.23876","1258791156.60238","1624625085.96641","1801539801.81356","1823425076.37789","2047989070.87034","2355991524.71152","2815281640.95454","3239753509.63918","3266033239.35658","3649623807.57659","4348501894.83657","4651183348.26269","4849929469.84836","4214350329.15342","3782793038.25623","4034561892.72044","",
"Bulgaria","BGR","Military expenditure (current USD)","MS.MIL.XPND.CD","","","","","","","","","","","","","","","","","","","","","","","","","","","","","","2071428571.42857","794520547.945205","232176386.59336","255770911.521259","282674243.302795","241993434.773533","311147105.587547","213616356.26711","244369396.151925","320389011.33859","357224539.583311","351343204.852869","406003542.804308","455950466.542769","569054077.451376","620909015.878256","667670395.710647","715719535.423628","990168293.621637","1161451477.80304","904961292.111268","832549293.00997","757931260.042945","722052494.990309","811634330.232022","747532532.136439","632509635.003401","670592858.359724","720037970.85424","961297274.594496","2158557527.18947","1119011539.8065","1275244890.55509","1436901369.51973","1989703477.83817","2329834254.14365","",
"Bahrain","BHR","Military expenditure (current USD)","MS.MIL.XPND.CD","","","","","","","","","","","","11583922.3582339","12539956.8625484","16765508.0949879","26346455.8950195","16434892.5410872","26289247.4450138","40439782.6361683","116143119.294469","157225700.11294","175066312.997347","239361702.12766","311170212.765958","183510638.297872","164893617.021277","167553191.489362","178191489.361702","178191489.361702","207446808.510638","218085106.382979","239361702.12766","263297872.340426","279255319.148936","279255319.148936","284574468.085106","303191489.361702","321808510.638298","321808510.638298","329787234.042553","364361702.12766","359042553.191489","372340425.531915","444148936.170213","515957446.808511","531914893.617021","513297872.340426","574202127.659575","642553191.489362","719946808.510638","828191489.361702","842819148.93617","1033510638.29787","1182180851.06383","1347606382.97872","1475265957.44681","1442021276.59574","1505534574.46809","1532712765.95745","1527659574.46809","1557712765.95745","1404787234.04255","1437500000","1598069148.93617","1622393617.02128","1383973404.25532","",
"Bahamas, The","BHS","Military expenditure (current USD)","MS.MIL.XPND.CD","","","","","","","","","","","","","","","","","","","","","","","","","","","","","","","","","","","","","","","","","","","","","","","","","","","","","","","","","","","","","","","","","","",
"Bosnia and Herzegovina","BIH","Military expenditure (current USD)","MS.MIL.XPND.CD","","","","","","","","","","","","","","","","","","","","","","","","","","","","","","","","","","","","","","","","","","","241025517.642926","202282838.891357","200100307.270373","173304847.652475","178375570.051377","195049685.094472","233292390.653086","242471357.847559","219915489.524222","211878260.622344","197344650.21252","197617188.825905","190380454.641275","162215681.880471","157912010.578703","156258302.093929","172073317.814949","165369204.350315","167521865.889213","209721886.336155","184484799.336616","197332515.798312","215974868.507652","",
"Belarus","BLR","Military expenditure (current USD)","MS.MIL.XPND.CD","","","","","","","","","","","","","","","","","","","","","","","","","","","","","","","","","0","0","0","179081676.937766","182805614.55491","249384139.428528","227586087.288305","165903848.853768","140326204.73339","177697841.726619","204364237.375204","231563860.43768","314314017.757122","452684068.306544","631831238.109449","746943263.997614","883027522.93578","675426505.075097","767699285.884553","756277351.280397","807423262.843503","959801690.305798","821490199.261989","642492621.860309","719624427.112323","748831971.680445","923260053.642986","899710685.507974","861053278.688525","951238823.019656","1105174741.30497","1579331078.5419","1491391768.48364","",
"Belize","BLZ","Military expenditure (current USD)","MS.MIL.XPND.CD","","","","","","","","","","","","","","","","","","","695125","1128250","1682000","2079250","2576875","2899750","3256125","3263000","","","","4355375","4768750","4732875","5292125","6130375","7899375","8052875","7965875","9395000","","","7116125","7454662.5","7829937.5","8552225","9486150","10710962.5","12283037.5","13759075","18717737.5","17267537.5","15337250","15416250","15219125","17778875","19916875","19717625","21712887.5","23055950","23341162.5","24424950","26025325","26703375","27805037.5","30566587.5","30137800","",
"Bermuda","BMU","Military expenditure (current USD)","MS.MIL.XPND.CD","","","","","","","","","","","","","","","","","","","","","","","","","","","","","","","","","","","","","","","","","","","","","","","","","","","","","","","","","","","","","","","","","","",
"Bolivia","BOL","Military expenditure (current USD)","MS.MIL.XPND.CD","","4935417.96405309","5195618.57100147","6404292.35811652","","","","","11583123.7931858","12254609.230472","16787135.9321534","15863843.4558849","20700640.9421659","21129139.9666588","39766636.0693248","58304466.4174311","66776055.5550065","73254329.6013878","97672439.468517","119737096.068101","159008134.942347","238715537.624444","123726843.539984","89973482.5986752","144680785.749052","131208000.213663","92869207.2219058","103362387.152732","92916951.6674937","101690872.434517","137065127.51571","143643960.107356","141441910.309395","109897117.990753","134595240.362557","140760862.77222","146963017.847677","180200446.875488","228677000.361153","176744242.061382","173245422.524961","188919478.55279","157345536.246862","173406474.535753","166383141.75173","163958866.22217","167909985.854297","195364180.930425","365826318.090386","305420456.957265","547246000.161045","403569202.360977","499873229.567294","564512107.577424","625909654.613603","580617340.150506","519309934.32642","574126113.37395","602855917.994829","593158568.591264","510495827.347146","536247233.213096","429365590.625774","588816403.688688","655130126.365488","",
"Brazil","BRA","Military expenditure (current USD)","MS.MIL.XPND.CD","382729752.052851","342339720.821958","387449035.549939","441999606.218533","354227857.06906","632869026.537902","718216574.564932","746139163.630054","755307566.684812","816622810.997187","1026234373.82096","1075071452.91974","1195501487.56211","1512670977.08737","1790114213.37072","2141126693.28147","2576476981.66804","2499644658.35739","2690623101.76157","2829161199.58493","2259307478.86009","2517859757.17182","3031328924.09642","2082669250.91503","2013151757.88161","2687049984.34728","2758186568.47748","4323674770.1207","5874167752.84461","8761486965.81023","9236296955.40526","6694665295.15063","4993804466.92814","7099899155.09737","10591499118.3781","14318919608.0931","14073226544.6224","13934266551.6378","14357357046.8411","9866973918.50843","11344032534.9018","10930231568.3746","9664561903.32699","8392905884.03499","9780111585.16574","13588619736.3611","16404867307.489","20485758014.6477","24452903035.8224","25648809910.8246","34002944470.0238","36936209895.8053","33987005074.0629","32874787230.5887","32660239369.4525","24617701683.0655","24224746901.4667","29261833096.6693","28177406872.2637","25906871196.7546","19591209004.4634","19187122475.4493","20542063567.3716","21788291072.4883","20947723265.0291","",
"Barbados","BRB","Military expenditure (current USD)","MS.MIL.XPND.CD","","","","","","","","","","","","","","","","","","","","","","","","","","","","","","","","","","","","","","","","","","","","","","","","","","","","","","","","","","","","","","","","","","",
"Brunei Darussalam","BRN","Military expenditure (current USD)","MS.MIL.XPND.CD","","","","","","","","","","","","9868097.73741424","10345585.8360879","14215522.7814429","21818972.6985847","41281153.797495","67669294.6528306","71685660.4082971","89229646.1772544","171464572.14333","142386781.305897","155271241.87647","168998420.575509","117119803.12818","97366249.7421569","101752153.262278","110162485.877782","104464429.861632","178392184.534044","186129028.949986","231168587.554413","245434285.548899","251692787.466927","233941291.875801","261876080.238831","285738475.214833","328359479.163712","369070790.202113","293977055.449331","258413177.892104","244205201.976844","217667939.186927","226182431.489062","243373245.014866","199381149.311041","248588079.788512","293436463.532062","323137150.819455","361989034.484219","349759722.804678","390719540.010708","415371528.964711","411261473.947038","412094279.75415","527785180.451652","424022039.167265","403366488.712977","346706804.42155","357708767.503726","414728739.002933","436548223.350254","453337798.615762","435857351.159602","448911490.729443","558608208.955224","",
"Bhutan","BTN","Military expenditure (current USD)","MS.MIL.XPND.CD","","","","","","","","","","","","","","","","","","","","","","","","","","","","","","","","","","","","","","","","","","","","","","","","","","","","","","","","","","","","","","","","","","",
"Botswana","BWA","Military expenditure (current USD)","MS.MIL.XPND.CD","","","","","","","","","","","","","","","","","","5650505.96227849","14305862.2942268","24355619.031493","31844060.6002123","31162681.7474526","23551463.5899229","24454614.2415651","26109660.5744125","20997913.3487861","34310908.1814021","73826342.8115359","93747094.7560689","102798415.794411","156250839.841545","172269188.151724","177986045.607732","185671482.870903","170433762.315386","165873977.801105","140560134.769268","160507675.114223","181051047.355817","169578756.162962","184718394.612119","210322093.556759","223549258.826132","301014357.778797","314038897.140142","283835745.105521","272934274.753837","306451402.712573","332400254.289673","330147278.73948","348672725.29226","363324481.153045","326874161.65079","306438573.576809","346281321.660338","383739877.542959","514463449.229697","522430455.515621","498087432.354654","514720930.232558","499027479.519605","536630400.905482","512727689.054822","485567870.046926","567822651.448639","",
"Central African Republic","CAF","Military expenditure (current USD)","MS.MIL.XPND.CD","","","","","","","","","","","","","","","","","","","","","","","","","","","","","","","","21598187.9216042","23185438.1696462","19144450.3695751","10689745.2292396","13014176.1561701","12196218.5662455","","","","","","10681962.9606249","15018926.3592567","15103589.9183206","15396194.6506708","","19112519.7436919","31511483.7931689","35992384.3570119","51585274.5029549","49874328.7289188","42746025.1857394","47923241.4489087","38407009.9214563","26703885.6228391","26832998.8201935","27516264.1779352","30517648.4136581","40777666.6587025","44348098.076355","55515012.0969341","42001802.6564659","62527021.8134447","71174969.9459274","",
"Canada","CAN","Military expenditure (current USD)","MS.MIL.XPND.CD","1702442711.4107","1677820881.08423","1671313753.19292","1610091700.58692","1657457282.98458","1574704539.97291","1614422827.01519","1775500366.17812","1797265817.14572","1770108751.17249","1889157917.90681","2077659711.42515","2233737030.68794","2363060955.12359","2809465529.28173","3180915490.18837","3581805735.1487","3752174526.30589","3969158477.03543","4084145737.65174","4744402251.07336","5141128191.44056","6017321456.07224","6947104071.66388","7349795763.93554","7460563318.39353","7780136739.83447","8694447167.77653","9897335684.27981","10747134688.6376","11414631846.8936","11338503299.2354","10788803123.94","10268822622.0283","9577377639.78794","9176903908.36758","8615884471.23883","7945140182.86606","7748607984.03732","8210778539.84237","8299385230.72365","8375571424.88184","8495399281.21734","9958245601.51315","11336489831.0556","12988132963.6232","14809892802.9902","17417139931.1051","19342058404.5584","18936226051.964","19315688825.0369","21393720863.7223","20452107110.9741","18515731209.9437","17853640477.6849","17937641894.7407","17782775543.0736","22269696323.3229","22729327580.3404","22394875659.3821","23082774049.217","25362240829.3461","25567943876.0417","27227653114.1228","29346897810.219","",
"Central Europe and the Baltics","CEB","Military expenditure (current USD)","MS.MIL.XPND.CD","","","","","","","","","","","","","","","","","","","","","","","","","","","","","","6950091181.23041","4921672408.04519","4053915445.64515","4099040071.88024","5806738839.58669","7216707403.37366","8713488671.57254","8783923778.72231","8835648376.40127","9130323798.90332","8328579817.02214","7827410072.03942","8686635588.3503","9800990611.2952","11582201537.7961","13140836539.3052","15478777482.1303","16748263400.7929","20752344116.9558","23335153627.9043","19599471008.5283","19367401425.2677","20391732930.507","18892636996.9729","19523157480.9528","20811926923.5535","19833958999.9708","19548479639.2956","22259388605.299","26843394393.3461","29442536923.9094","32140950984.5205","35282889523.7057","36780151814.6978","52818541499.6161","71231210954.8914","",
"Switzerland","CHE","Military expenditure (current USD)","MS.MIL.XPND.CD","200093758.218136","237368366.891915","273728261.242411","294995369.258738","329525834.962668","343475228.392733","378234372.677483","383265301.455539","373889479.641889","409105981.088281","436090053.625127","511387689.442046","601426981.737252","764969998.388539","888478643.954015","1032046116.6553","1228176857.46748","1226534416.18959","1668885135.51303","1945005773.67206","1996765550.12502","1810878507.718","1928314953.18357","1946035042.92234","1807905757.37973","1966928896.72097","2565428145.77636","3020406520.96648","3276156632.26953","3082038962.5473","4056408189.12148","4016764412.58307","4138043833.82401","3611212625.70891","3899275420.5997","4645360981.67395","4239447900.90695","3498218850.5557","3494250970.81687","3146822887.19502","2800146846.35608","2763655325.25095","2882696761.85832","3270337504.17703","3503819863.2891","3484636759.34403","3328973393.73445","3524746536.48458","4098459038.49172","4055544323.34075","4115407849.19121","4973863848.78193","4592165377.67521","5032883664.3277","4612776476.68481","4521076909.31875","4571348246.67311","4628401508.54477","4736844967.47697","5021931589.53722","5731416400.42599","5485229759.29978","5652315105.80348","6289176348.46489","6722303543.86997","",
"Channel Islands","CHI","Military expenditure (current USD)","MS.MIL.XPND.CD","","","","","","","","","","","","","","","","","","","","","","","","","","","","","","","","","","","","","","","","","","","","","","","","","","","","","","","","","","","","","","","","","","",
"Chile","CHL","Military expenditure (current USD)","MS.MIL.XPND.CD","126791042.64183","160930923.495915","162626224.42419","152917455.404214","149950377.692931","168215772.366996","186697964.758487","182705341.270295","173781024.275537","179980922.718443","388383950.343605","651589862.883541","745661188.757487","1005919720.16376","1103190480.84936","486720076.897699","599806958.679965","924042756.712079","1036145035.03307","1312899709.49745","1787179487.17949","2292307692.30769","2160747854.4756","1497684300.84162","1462262953.46653","1137635210.74226","1114393821.59332","1166781369.7831","999951022.807046","988934423.159046","1031475584.0382","1038039494.18125","1168858391.06836","1291053675.96483","1466048831.80184","1827997368.77257","1904105834.32581","2120702607.94906","2112373122.91435","2043134811.5186","2103460609.68852","1893098223.76358","1779553137.6599","2067983997.63957","2687320865.78325","3100391590.8019","3855358068.9265","4022478103.75452","4641877575.55109","3902221588.27515","4894081125.09775","5686752069.60146","5466101782.01784","5529879480.60968","5102777422.11734","4630772773.72175","4796010962.08952","5370018134.87068","5545831932.77856","5182156528.66016","5246204733.45184","5194059174.29763","4649295736.32937","5470078568.90418","5105441707.26122","",
"China","CHN","Military expenditure (current USD)","MS.MIL.XPND.CD","","","","","","","","","","","","","","","","","","","","","","","","","","","","","","11251332630.388","9926349250.81692","9802375366.07312","12244267842.2149","12360225860.6446","9867120066.27418","12385129474.9875","14275400819.9732","15699586768.5755","17031780199.6918","20473915094.7667","22237140151.2145","26561462998.2924","30284127409.9972","33144000481.4458","37904571826.996","42789953650.9024","51453373233.8486","62136590754.5887","78840802819.8629","96601666752.9542","105522648101.838","125286373164.011","145127609596.207","164070469321.744","182109204619.08","196538827230.79","198538361427.554","210443034740.968","232530595985.266","240332555458.151","257973429833.565","285930518056.053","291958428460.21","296821377591.502","313658330217.176","",
"Cote d'Ivoire","CIV","Military expenditure (current USD)","MS.MIL.XPND.CD","","","8766845.9761483","8064779.44297515","11190603.484514","12902909.8877422","13269401.4116038","14711322.3116979","15305071.3953911","16156269.5942853","17727738.121511","23968971.0774416","31742504.8010539","28713844.1107457","41129183.0248645","45886157.1626546","52462858.3385646","51449039.4008466","86764810.153508","102735025.056177","118473116.243847","92002752.7223615","86425689.1231444","76251882.8759323","70164798.8245983","69565043.1929627","96559112.4612337","122780223.400114","128102253.498429","129676998.695957","143973702.091712","144168701.946425","156797334.260197","148635238.360944","84071649.2106519","","102660140.122607","93525611.2625478","","","","","","213007570.543703","250811588.441845","249872978.076395","267360247.853277","323619193.476705","368910574.915421","420059044.529063","387692139.954006","357330259.014212","407596534.123237","430003610.836489","521260529.25103","569671621.544538","602538731.235354","501578732.245649","607848217.884494","535951382.180975","607155889.9682","637656912.817499","607245699.55657","682177111.349214","658353218.218127","",
"Cameroon","CMR","Military expenditure (current USD)","MS.MIL.XPND.CD","","","","","","","","","","","20339866.0651295","21501256.5551504","24894059.3902265","31636823.7104568","34625371.3051245","46770377.9052134","48470391.2952501","55167290.7847607","71436168.327011","88354754.0921954","99867474.4414994","120247597.808126","131616586.428732","129898757.695517","127243641.82288","116190293.881312","145411861.18635","163128000.878428","154370685.71889","146869357.508276","180577745.946045","178198343.181842","183796639.112629","168175220.632639","94517340.4418188","113575532.707734","116936303.640686","118711118.801924","137245911.531786","144704636.518818","123034343.854287","124301708.367495","145626610.501185","188499655.884377","221107924.699736","223084623.143015","256927843.33225","296698917.304968","346586125.657373","343265153.985929","354054397.842016","347477885.670932","354447463.111647","392840630.898917","401529118.101393","353815494.553489","387437830.87299","408157575.13556","429892180.57235","422294771.980244","393299390.063774","443336832.005677","416638021.640202","456569091.888027","534852005.33635","",
"Congo, Dem. Rep.","COD","Military expenditure (current USD)","MS.MIL.XPND.CD","","","","58217821.7821782","49818181.8181818","78909090.9090909","78363636.3636364","45907648.6811277","50479041.9161677","72455089.8203593","102395209.580838","101796407.185629","94011976.0479042","102395209.580838","189221556.886228","173652694.610778","120795356.005498","161471103.327496","214951895.990555","190944707.620256","152183674.978539","71671583.9625418","147162426.614481","78919799.7904784","53403541.4105844","40371344.1672132","67436312.9447526","28297227.672553","214939929.101904","67494749.0973167","45933813.550475","43891987.2097209","85527294.3626357","469173805.489934","","","89269879.9838198","83825040.9227607","26629667.191379","149277860.267765","132883821.703899","","","78708031.879861","137637805.525238","165205060.897896","205102086.576592","205217223.028544","159998426.584992","122378010.980679","183682097.50826","238787546.588275","332493979.374942","374475653.351818","341224634.406213","491276877.079054","395733745.247056","295236074.31758","295348364.63547","352709565.59682","362091615.539271","306078782.560613","371081599.85082","794244598.072275","899187778.403836","",
"Congo, Rep.","COG","Military expenditure (current USD)","MS.MIL.XPND.CD","","","","","","","","","","","13100436.6812227","13749473.4089688","12744615.6776231","19426710.1561764","24137429.6337841","33493068.5492714","34337727.5580665","36633018.5607294","37960435.3529266","52566260.1893551","57416698.2203711","63535260.9750084","72427162.0116492","","49423627.4965271","55646692.4718929","","100513414.321697","","","","","125617699.061551","109477580.051066","","","","","","","","54445943.5309718","70704230.2019547","93776668.9607708","124298437.396481","100916074.52964","126569641.798466","168079588.204487","207724344.301649","","218390920.636331","","","367057295.47164","704893729.407907","","501812144.937836","371937055.076808","292260465.250187","299953238.969346","298382191.947452","313055831.486947","265847972.729665","284994429.664049","182044402.521739","",
"Colombia","COL","Military expenditure (current USD)","MS.MIL.XPND.CD","75960813.8658628","97313432.8358209","153596253.410634","170000000","190000000","185202863.961814","172592592.592593","178541884.961121","141184847.796596","131638962.82354","162662459.131057","263898574.646672","170587589.638519","173879934.001777","194904101.810536","227942151.191927","229146910.551999","280082338.769106","360663621.062755","467687274.675792","611248236.580563","638643433.259008","667866120.930581","859813605.599187","889730898.558775","716735060.992748","679498200.874082","721331206.436748","862374404.192878","865205662.784133","889979074.541223","911467589.191922","1102357226.95915","1529432893.23516","2005122887.75573","2619338187.12438","4318552315.54274","2988711260.69275","3389806737.53892","3247296766.36887","3027922793.23722","3264438192.23092","3347522601.66757","3278369502.89299","4056896991.18546","4914190181.96076","5326664238.46108","6775762766.50516","9051130501.95405","9033202672.52324","10422054493.6452","10306578505.9573","11706271912.7386","12503812627.422","11845950895.3824","9127165374.88958","8675980822.76398","10018029817.5824","10134719590.5505","10167547855.5704","9554131505.35102","10180134292.0766","9661013161.74645","10779238341.5916","15096259111.9062","",
"Comoros","COM","Military expenditure (current USD)","MS.MIL.XPND.CD","","","","","","","","","","","","","","","","","","","","","","","","","","","","","","","","","","","","","","","","","","","","","","","","","","","","","","","","","","","","","","","","","","",
"Cabo Verde","CPV","Military expenditure (current USD)","MS.MIL.XPND.CD","","","","","","","","","","","","","","","","","","","","","","","","","3687650.14214536","3394021.93782283","4454431.91020264","4967860.70118594","5078572.17192216","","","","3557902.66048787","2735413.40800183","3431398.8872987","6206630.03410394","4261939.78799271","4099737.38069711","4513154.87863892","5004734.20803463","6801072.79821535","4638556.1722985","4520858.93759388","5782831.64283594","6452150.49162459","7082416.5475926","6985154.83949502","7943659.59432723","10758715.9680387","8402927.29263226","8239369.29189467","9757536.56239718","9736385.83866217","9815671.63454704","10048862.0699012","8922219.45508732","10171216.502214","9354384.16628162","10714071.127336","9728061.08978655","11279268.103582","11213723.4293559","10250668.2732186","14353938.3205322","16827224.9254434","",
"Costa Rica","CRI","Military expenditure (current USD)","MS.MIL.XPND.CD","0","0","0","0","0","0","0","0","0","0","0","0","0","0","0","0","0","0","0","0","0","0","0","0","0","0","0","0","0","0","0","0","0","0","0","0","0","0","0","0","0","0","0","0","0","0","0","0","0","0","0","0","0","0","0","0","0","0","0","0","0","0","0","0","0","",
"Caribbean small states","CSS","Military expenditure (current USD)","MS.MIL.XPND.CD","","","","","","","","","","","","","","","","","","","","","","","","","","","","","","","","","","","","","","","","","","","","","","","","","","","","","","","","","","","","","","","","","","",
"Cuba","CUB","Military expenditure (current USD)","MS.MIL.XPND.CD","","","","","","","","","","","","","","","","","","","0","0","0","0","0","0","0","0","0","0","0","0","0","0","","0","","","","","","","","","","296933962.264151","62047619.047619","78557142.8571429","76587443.9461883","83365638.7665198","89057268.722467","92462555.0660793","94277533.0396476","93744493.3920705","126872246.696035","119383259.911894","125638766.519824","118370044.052863","123658947.448659","122552919.006641","128609126.95598","","","","","","","",
"Curacao","CUW","Military expenditure (current USD)","MS.MIL.XPND.CD","","","","","","","","","","","","","","","","","","","","","","","","","","","","","","","","","","","","","","","","","","","","","","","","","","","","","","","","","","","","","","","","","","",
"Cayman Islands","CYM","Military expenditure (current USD)","MS.MIL.XPND.CD","","","","","","","","","","","","","","","","","","","","","","","","","","","","","","","","","","","","","","","","","","","","","","","","","","","","","","","","","","","","","","","","","","",
"Cyprus","CYP","Military expenditure (current USD)","MS.MIL.XPND.CD","","","","","","","","","","","","","","","","","","","","","","","","","","30737332.9129284","48729244.323958","199500731.141773","243815864.399297","244995663.322357","411409063.265004","418387368.734114","630127106.011074","268277271.620148","298469126.876729","298833385.510591","448075909.330522","534141188.663451","483748645.108205","289970366.968818","281160374.253609","327627160.291588","242483490.995524","288427605.802032","338474566.321656","380875028.849392","387703671.961883","405176368.466016","453803054.161936","471352781.092544","477587428.563861","479735318.444996","414496321.441512","384925361.045941","357806822.598924","327891760.008872","295355009.95355","359061651.016244","450408979.851988","463613972.234662","483415023.367149","541804635.761589","532512389.879425","558878310.811103","598185755.607045","",
"Czechia","CZE","Military expenditure (current USD)","MS.MIL.XPND.CD","","","","","","","","","","","","","","","","","","","","","","","","","","","","","","","","","","815585466.91913","938252776.610121","1065352458.67667","1123923830.99588","988324331.827474","1166099773.24263","1205931869.98831","1157294084.7289","1182519922.28272","1494390396.62782","1885706689.35446","2042085930.62981","2439538514.19603","2449963709.7488","2707677752.20881","2918695853.37137","2718559513.1931","2497902954.71325","2474313259.0035","2220610394.58562","2148784401.09143","2022883295.19451","1779887189.3897","1954935000.04528","2077722060.82334","2710017583.30521","2910252496.6203","3252505061.81881","3935630965.0053","4005428325.66409","5056277310.0528","6524946704.27873","",
"Germany","DEU","Military expenditure (current USD)","MS.MIL.XPND.CD","2702616481.21569","3060506359.6122","4036564704.13694","4666895693.05115","4579989821.55102","4664605079.67476","4744318425.17304","5014610803.58672","4523054335.46755","5126653891.66001","5778355573.03669","6798331031.27437","8438787626.67015","11185834257.9609","12905125699.3054","14314807557.4866","14482403828.3736","16213409804.0309","20066376348.1417","23215063114.2153","25009350127.5413","21638004993.8195","20940094018.3628","20731705900.1517","18855835234.1935","18665574264.4916","25944594045.7651","31982616436.1345","32883592699.4186","31485040895.2417","39650093949.6361","37024379615.7476","39319418649.1961","34868224471.8466","34039251428.098","38563185777.7354","36531135729.4786","31122832250.9443","31056200101.4714","30547956346.0754","26374817230.8916","25695786941.5742","27483419148.2877","32844470563.0021","35610804036.071","35654287674.7157","35883657972.6799","40110859276.4132","45098956311.5685","44528927835.6531","43025915011.688","45163212878.2034","43798225349.2896","44242647302.8936","44662831167.6836","38170021071.3098","39909678594.2478","42281112684.641","46497675955.7617","49079444693.2378","53318705117.9756","56513126773.8884","56153121239.9135","67285198637.8624","88458476389.5109","",
"Djibouti","DJI","Military expenditure (current USD)","MS.MIL.XPND.CD","","","","","","","","","","","","","","","","","","","45014.376466484","45014.376466484","1817455.44983429","5351084.00245328","29608206.1208298","30902369.4442413","31133068.123632","31391900.7883143","30604149.2001508","30817967.4883666","31059919.761874","31088053.7471655","31116187.7324571","31774522.9882794","33625739.2204635","31065546.5589323","30711058.3442587","29608206.1208298","24527208.3771755","26552855.3181672","26704778.8387416","26779052.5599113","26025061.7540977","26048131.6220368","33250994.5363801","41763775.805898","37355742.9904176","44847260.5938522","49515814.1131324","34518711.9136174","36274835.2755161","","","","","","","","","","","","","","","","","",
"Dominica","DMA","Military expenditure (current USD)","MS.MIL.XPND.CD","","","","","","","","","","","","","","","","","","","","","","","","","","","","","","","","","","","","","","","","","","","","","","","","","","","","","","","","","","","","","","","","","","",
"Denmark","DNK","Military expenditure (current USD)","MS.MIL.XPND.CD","161137605.434377","170837712.859447","224550248.004239","239028020.280463","255387902.952597","285791224.732668","301137663.345466","323292901.356134","345466666.666667","352000000","395600000","430225386.933537","487244020.612178","581866269.939664","732087482.977571","931928334.624053","945240875.960708","1063101451.06185","1322665931.65078","1529188589.15483","1617653843.01465","1446085209.66902","1400430126.10952","1374960497.49644","1259583260.91574","1259295609.82975","1647882397.58052","2141274092.44012","2320423440.13917","2183667160.04257","2649889473.4801","2671946670.50212","2837745376.59063","2682011246.24842","2718790041.74167","3117966146.47015","3086224944.68559","2804317082.69866","2846065338.17452","2784881254.0853","2392510831.18689","2525225824.9007","2694082493.21381","3199158427.7901","3578832460.36595","3468452919.92043","3896730667.68907","4175652589.23159","4788030120.84823","4337355690.401","4503492126.71228","4518590126.86474","4422458083.58423","4216647585.33628","4056861510.68455","3364047774.07406","3592727943.77381","3764033343.56355","4558690186.91182","4487779277.25296","4887155963.30275","5273695928.75318","5475015487.99119","8132606555.21382","9958899778.69112","",
"Dominican Republic","DOM","Military expenditure (current USD)","MS.MIL.XPND.CD","38300000","36300000","38000000","39000000","42500000","40200000","37200000","35800000","37300000","35600000","35900000","36600000","39500000","42000000","57600000","65900000","76200000","86500000","103000000","120000000","105000000","125000000","126000000","126000000","139000000","61042019.3985112","82290924.2407027","59327500.2861037","47296368.7644376","53517350.1577287","47798904.4373805","33894298.9505531","63127240.8448279","95993941.2108112","100956679.660489","84449968.3763072","107001292.233531","150664189.828608","159053096.301731","175000467.782275","246810843.740481","305900327.992638","271663317.176971","155802495.564486","152878466.844661","272200481.144258","259240325.136752","274775680.76273","333538881.607062","320855289.20837","354856781.373805","348559830.088199","396187178.568069","383380254.0656","437572465.844162","458007157.526361","479722172.766986","533073157.821471","593678722.089905","613299023.334698","599052525.398084","611467713.114467","773360376.516256","946425773.18119","980991970.499619","",
"Algeria","DZA","Military expenditure (current USD)","MS.MIL.XPND.CD","43143085.155943","45978780.8938923","","66436300.1462409","99856999.9149291","105528391.390828","104515642.912989","99249350.8282257","99249350.8282257","99249350.8282257","98844251.4370901","99946261.0734758","109942841.328331","136757097.791798","260168630.030497","332252159.18327","480640373.503177","471669447.954548","627852442.068635","711681247.356142","890174464.813874","806569334.609262","932452707.749462","952430671.56699","929290821.271549","953299653.924182","1127103217.13537","1196971384.03296","1028611425.29633","854300945.251138","904269155.155841","565098062.567328","1053301642.69261","1276911083.12558","1334911647.6746","1234655191.58587","1452431007.74627","1752395277.54721","1910962052.4694","1826496569.97712","1881163649.11945","2091627274.4933","2100602520.77322","2206395762.00013","2802224794.13161","2924820166.95712","3093978245.36867","3945815125.46831","5172336907.04026","5280588155.94226","5671309117.30702","8652237040.00252","9326287144.03632","10161588239.1481","11863212527.8272","10407345244.3615","10217081699.5693","10073364021.3013","9583724288.3703","10303600575.2107","9708277440.22726","9112461105.34894","9145810174.20728","18263967968.2621","21811242555.0313","",
"East Asia & Pacific (excluding high income)","EAP","Military expenditure (current USD)","MS.MIL.XPND.CD","","","","","","","","","","","","","","","","","","","","","","","","","","","","","","17665681584.6764","17285151838.2163","18192474095.922","21929203270.1061","23172737409.261","22820772366.1986","27128681546.8552","30389214801.4588","30941507587.1879","28580953118.1692","33801362944.4992","37298997189.4138","41886174612.0226","48025084235.8815","66529604508.8712","77299465390.1914","85471526883.9386","62563184457.1008","76223371959.9034","94825591956.9649","113055509945.675","124705488838.44","146805470884.126","171357321165.056","192961733658.334","209871964822.619","226026453167.032","228022062600.189","241671503642.672","263685884907.82","265538045149.993","286141965167.429","314643803766.614","320562618865.244","326392339356.31","346781682154.725","",
"Early-demographic dividend","EAR","Military expenditure (current USD)","MS.MIL.XPND.CD","2759458326.65729","2603627004.06658","3651600091.10194","4584968644.83921","5256098945.84167","5933334004.13813","5954668237.12336","6367488919.03933","7090933516.18376","8089741306.8305","9272461193.46299","10148565007.287","11070577416.326","14789445134.5497","21472480481.8092","25929409558.2517","30568412741.8817","44641246460.4827","48940484608.9258","53396747308.5693","62642216951.1528","72445008088.6492","74513574468.6989","70372897676.0834","70380199740.1248","65878469676.2002","53647897688.1822","76247064639.821","81023498630.2329","72292252305.1208","81017983325.518","83560604141.4589","85189121349.7869","69599469269.508","70292028291.3617","71945207402.0449","74764801175.4249","85362107186.8571","88047390854.0818","90974280555.4984","97813472488.1069","98878306651.486","90494252362.4162","109731297648.595","126362110233.022","143421596982.334","121707646365.02","142916621670.479","162047276742.033","170670570564.478","192152234189.083","208669249055.578","225521065481.283","240796719321.048","254431499226.66","252110382015.032","236146192601.092","259336111486.841","263833252698.351","253740612311.054","253200334882.17","264377478885.624","279567180471.086","307426053789.414","347317896826.461","",
"East Asia & Pacific","EAS","Military expenditure (current USD)","MS.MIL.XPND.CD","","","","","","","","","","","","","","","","","","","","","","","","","","","","","","72099412561.3837","74692500556.9425","81519691979.2602","89950413909.6935","98873571584.7469","105077258852.317","117416491487.285","116479872482.3","111694081075.575","98956644128.0139","111258157038.339","118117525918.335","115934819460.508","122558802999.633","148320432519.067","166733795662.356","180183828066.088","158661304797.922","178256632755.42","204204102669.72","226528832331.618","250102646738.455","286430152336.012","311570309890.389","322796642560.362","342033038739.749","350095475382.965","359623763440.244","376742502304.133","405878327576.677","411034274879.805","436034444355.099","480146807486.09","473094476564.496","488775266148.157","518539647763.392","",
"Europe & Central Asia (excluding high income)","ECA","Military expenditure (current USD)","MS.MIL.XPND.CD","","","","","","","","","","","","","","","","","","","","","","","","","","","","","","","","","","7377457968.77444","6622106467.33381","8498142645.13927","10073807510.1594","11989712157.1986","11790793075.2471","12680922215.3781","12243287302.7217","9813460103.44144","12121779265.5174","13827859577.2959","15036257961.0531","17379090587.1189","20076355033.5395","25076176606.515","29236323162.056","25766924105.2035","27753569264.5809","29154707056.4349","30722988076.1058","32389926639.179","30883003356.5362","27063473262.4679","27025645440.6565","27572830028.2966","32820619134.1588","34476154321.132","30532965299.3208","31370929464.7314","65575370426.9656","96395008918.4902","102768765248.405","",
"Europe & Central Asia","ECS","Military expenditure (current USD)","MS.MIL.XPND.CD","","","","","","","","","","","","","","","","","","","","","","","","","","","","157467615286.801","167801523755.144","167066157093.588","199532060598.02","","207666484426.971","192727708765.791","201619051940.596","215738493706.628","220465764183.328","211209257293.562","203211807671.403","200302908685.965","186419443522.088","185551553170.124","205311989447.888","248058977879.262","282505929246.145","296434467379.079","314792398030.68","362935977528.742","405400521569.264","377259619988.095","374729450791.492","399660545514.511","395001890822.779","404329763515.782","401777092932.816","341553161091.321","342742363392.219","352106048463.738","377751390258.401","386057287291.232","401142648078.9","438569906640.472","505269067161.036","601602620396.863","719051892986.165","",
"Ecuador","ECU","Military expenditure (current USD)","MS.MIL.XPND.CD","22400000","18700000","18300000","17100000","20600000","23800000","22900000","25300000","29300000","39700000","30700000","29700000","37300000","49200000","74800000","102000000","117000000","205000000","164000000","186000000","209000000","234000000","229000000","200000000","193000000","284000000","207000000","207000000","198000000","189000000","202000000","209000000","211000000","276000000","291000000","475000000","419000000","499000000","549000000","296000000","266000000","384000000","505000000","739000000","710000000","954000000","950000000","1310000000","1646000000","1949000000","2094000000","2453700000","2589776000","2735825000","2786519000","2597510000","2513200000","2462700000","2549400000","2346000000","2356300000","2408810000","2586480000","2692000000","2698000000","",
"Egypt, Arab Rep.","EGY","Military expenditure (current USD)","MS.MIL.XPND.CD","","","249697766.811953","335799697.780272","448499596.350363","515199536.320417","481849566.33539","508299542.530412","648599416.260525","888949199.94572","1092499016.75088","1266148860.46603","1066049040.55586","1243856104.69499","1852779424.69282","1926890601.68053","2201613068.1005","2751058000.94045","2485279986.91554","1152855495.92072","1361426626.53339","1817140261.2282","2307139561.2292","3004281422.45511","3742137511.23213","4203565423.47797","4727136104.09128","4805707420.41797","4453565066.33562","3516344801.40585","2260645161.29032","1345757343.0295","1415819974.41108","1526165392.00363","1714409786.33021","1948876985.79982","2115742979.46619","2267650313.53744","2372048406.13931","2447978793.90325","2627698333.83736","2834256229.54946","2902768425.24007","2383914898.27171","2369743586.43306","2659439713.57524","2952520159.00453","3306908257.22261","3779880349.74689","4017404478.27146","4407286452.71917","4463974191.06902","4557748767.35039","4359834243.76995","5085121576.27973","5475490833.44169","4513022526.81632","2765588434.01207","3119587363.84249","3743671451.54565","4505374644.32501","5165445626.55285","4645922047.5088","3167150125.91356","2396211163.82267","",
"Euro area","EMU","Military expenditure (current USD)","MS.MIL.XPND.CD","8504246207.52836","9301688671.67872","10978659765.8981","12037016545.749","12623500005.0617","13104451226.685","13893234549.4436","14835251256.0362","14907835990.1492","15683202815.1744","16836888197.5789","19083097904.2708","23445717583.1898","29444044683.1051","33547902067.1485","39503590914.7574","40235454093.0807","46035550824.0422","56548566111.3719","67715592439.8412","75226703195.9554","67307970149.3338","66063590113.3093","63992588578.523","59930436549.1945","60512611222.6131","82740634034.5831","102720102630.043","108324041143.304","106228354772.06","129756747506.915","128132065953.867","135196318206.076","120593544076.68","122941749443.736","134619598681.661","134987675662.435","120946882437.978","120720974667.011","119650813224.846","106444085180.991","104981117702.439","113170497028.777","139398819775.491","158314839759.489","160185125144.047","164763757781.164","184292992432.054","207540984542.487","201129421363.993","187774112829.856","194165584313.396","179650014412.535","180664212090.179","179679848188.936","152703908427.201","157892165430.388","166843979682.015","183299477711.436","183342427352.242","200625517905.147","221237487678.015","216560141211.286","245466560944.874","286199183662.139","",
"Eritrea","ERI","Military expenditure (current USD)","MS.MIL.XPND.CD","","","","","","","","","","","","","","","","","","","","","","","","","","","","","","","","","","107737649.233228","80198311.2103967","124996349.879465","152271808.56","92756319.4081848","263001685.699266","272856734.575223","230670129.87013","166550245.368938","150764425.21242","181583668.998912","","","","","","","","","","","","","","","","","","","","","","",
"Spain","ESP","Military expenditure (current USD)","MS.MIL.XPND.CD","232839815.943989","239348772.068642","308791693.470944","316520311.132393","386820000.721007","439425746.033771","560943076.534843","545917155.931618","668753624.841933","805713226.275707","859146961.788224","900614349.185059","1256164585.70101","1521319434.52806","1968178717.80746","2108232940.99234","2521013874.83057","2808847049.54659","3470695273.0461","4910953932.41438","5508356432.6108","4977748533.42705","4956242441.31541","4770965313.3124","4851949869.22903","5077574144.5611","6270618789.41391","7921508650.89204","8900414226.53907","9302930295.84069","11695038644.5437","11680263754.1412","12250195429.6283","10041511353.1917","10092671257.3779","11439906271.1837","11294316854.7562","9865892241.04623","10333417234.2975","11113722490.4035","10273779251.8887","10222074075.3998","10270839019.3403","12880532801.2243","15262458636.7672","15997724220.2656","17252217612.6934","20065668634.8096","22227721829.5675","20178274984.962","19710785449.8738","19695435494.297","18860623363.4077","17242959322.0024","17178549314.7619","15187168681.3796","14014439635.1839","16043533257.4617","17823271130.6257","17189319301.3883","17431779322.9226","19544465468.3065","20306570632.8304","23821202155.5655","24615397928.7413","",
"Estonia","EST","Military expenditure (current USD)","MS.MIL.XPND.CD","","","","","","","","","","","","","","","","","","","","","","","","","","","","","","","","","0","13146559.8848877","25135735.3798423","36343487.5827555","41436607.7091847","53031652.1754812","59919847.4767519","73800541.3247853","78313308.5597839","93818539.904212","122069530.653957","171411923.856068","204968180.242807","204517021.023267","236324449.190189","371974547.445358","429662698.888808","353366576.57455","332180156.987998","389237580.888435","436852911.624656","479314460.824341","512119045.123526","463568814.461573","497653404.256057","537440226.919815","614945174.27381","637035378.414689","718112390.288385","748580889.309366","818278963.709643","1235949714.99691","1441919732.77431","",
"Ethiopia","ETH","Military expenditure (current USD)","MS.MIL.XPND.CD","15335262.6515917","18555265.3080939","20185391.6529481","27289522.5138561","36140000","42900000","43420000","37000000","34660000","34420000","34540000","36134238.0929464","41043478.2608696","48433591.4234664","74758454.1062802","125072463.768116","128043478.26087","135048309.178744","178212560.386473","276328502.415459","359323671.497585","366980676.328502","387367149.758454","408405797.101449","423019323.671498","429444444.444444","439202898.550725","476618357.487923","614855072.463768","781521739.130435","785048309.178744","529033816.425121","255343443.354148","163850000","148691674.290942","122460147.475046","126454733.235931","225417105.11019","458549925.448748","703704869.526897","617541613.6279","349808276.450815","288932333.459776","278673159.931532","311038748.989645","342066638.665934","345687017.021091","360140308.612027","388187596.747412","339627767.966309","303617033.089052","332441772.391593","366539017.667525","345064165.844028","414476025.830071","442532624.456259","490177248.532075","513827452.373392","516977076.1594","535978018.203675","754474128.79764","1595543729.01487","1785603828.39192","1409020101.00844","921665263.86463","",
"European Union","EUU","Military expenditure (current USD)","MS.MIL.XPND.CD","13483066046.6887","14856929452.7814","17116468739.1426","18828800465.8157","19786674464.4593","20793785781.381","22152352598.2751","23479338903.4655","24825304471.9365","26580796224.94","28640986074.7835","32048194933.5912","37501617077.5313","44596655851.1065","50171230404.082","58006831692.0536","60172367640.3927","68175420102.0337","72409660456.4888","76030841754.7935","83638689660.2669","75485167237.9735","74306260873.4879","71781120679.8921","67544513441.0327","69783550203.0044","93213291592.2837","113905588722.32","120631867198.528","120242458334.587","143241426765.472","140736750122.873","147957242435.443","132708165813.576","135605363863.386","148082181550.782","148256326234.274","135032135383.157","135453049295.525","133964516039.651","119907104394.754","118839851789.146","128080957501.117","157160529945.15","177912801438.224","181747721755.569","187684353915.392","211526002651.954","236651656839.041","225758034601.512","213721204010.243","221548530625.664","205670809709.337","207378291544.934","207309069343.391","177793151452.097","182634996939.797","194127750813.239","215277618916.96","217328395278.807","237694461747.811","262310275528.568","258986061785.788","305726297146.416","368504310504.385","",
"Fragile and conflict affected situations","FCS","Military expenditure (current USD)","MS.MIL.XPND.CD","","","","","","","","","","","2314736533.6778","2390194783.59893","2830431769.68582","3493952340.75719","5292417936.90693","7546232318.61265","7421975131.58377","8731681635.94343","9522788997.70993","10931429695.2718","12726302538.8567","12402029591.7642","8709822814.63785","8692713733.94814","8328967942.47018","7371517159.99997","7270487880.4965","6661578768.07594","7524507684.80099","5159725882.17457","7464330319.68903","9075290088.35108","8682145965.98873","9061006002.6489","10716953749.8426","10354749058.4477","10903420970.8167","13810923276.4925","14921604480.9101","15534065393.8485","18010800036.4635","18013837617.0639","19442139571.637","32642991830.0342","40808389949.5529","46416027411.3591","16478275900.314","20918932914.6654","27016172041.1391","23412271702.7136","22144157409.107","23419639990.3527","28495348973.7999","35344724257.911","30147656743.0548","26691284338.9174","22966901117.9226","27537484357.5044","23300525662.4404","24767784793.0442","23589723864.6444","25321904047.091","59218102325.0209","86036285335.6415","86326624274.3414","",
"Finland","FIN","Military expenditure (current USD)","MS.MIL.XPND.CD","89557618.8078432","105350974.821674","154403280.55875","128576498.371426","139910553.863705","149572371.660402","152916847.051566","146661680.284431","150060024.009604","140291965.842941","152891345.217332","177615098.135894","220831905.334811","276967793.935961","308807797.081766","433161415.662018","416956433.437752","461856960.095854","506869452.95645","642602892.781478","873508619.521642","790880895.266151","844911290.481735","905188931.503457","826070181.339718","911349660.881995","1223271000.85383","1462231546.5973","1704330620.23989","1766586165.75982","2141300984.18983","2200991548.89818","2075955550.12822","1615424808.84487","1756338983.66821","1908986807.29445","2021797095.44643","1947002589.51344","1959708814.0168","1653905118.85978","1558135249.67754","1479270879.00779","1611406522.04602","2475059743.10789","2892938123.9925","2999391048.80259","3128517474.44563","3296557750.13862","3958118334.10472","3940584835.35792","3717180504.76047","4099505807.28569","3943239958.16491","4161139945.21741","3985508351.98832","3399134967.28402","3415008249.65045","3431090216.95364","3754588482.46639","3635244066.27855","3868688020.06155","3831598864.71145","4446368019.38627","5928021054.36018","6987848067.30834","",
"Fiji","FJI","Military expenditure (current USD)","MS.MIL.XPND.CD","","","","","","","","","344497.343925478","344497.343925478","413396.812710574","535616.768530885","787703.106216311","931727.069441367","1353022.08032731","2056253.74901294","2751430.01954963","3651464.94593652","7239265.39761045","9572320.67752886","10367191.7502583","11361681.7629211","14939154.8492196","15102947.827968","15601330.1311657","14008928.9584327","14591259.3678004","25131445.6610873","24673835.5264078","29083211.422947","30542031.5886853","32482582.8837865","30539125.343482","32041095.6238609","33665273.338251","34700248.16366","32851136.6065702","30962540.1751081","22598926.9284585","23811699.7187275","32039537.3528389","32811655.824618","30914304.2680947","37296898.0797637","46798811.2755706","43111350.2900702","54067168.0587807","75576918.299923","53585658.6204517","51285722.320794","50408953.7144674","60785527.4678088","59221516.4060361","58108276.8995161","74787941.1272158","42617557.6035115","54411608.0036804","75276555.0115658","81378313.5709352","79022198.9772199","71181003.99754","68726851.8518519","68096765.7079601","73348297.4657349","77638335.6893706","",
"France","FRA","Military expenditure (current USD)","MS.MIL.XPND.CD","3260127992.20532","3469940419.47309","3774280041.36628","3887455989.50045","4130961167.72148","4304458188.69513","4548130770.44856","4918985395.87983","5148997849.38987","4964005293.9822","4941059320.49551","5291990761.21619","6326060061.39262","7976535301.9881","8361637313.22792","10945218801.8177","11175248198.0247","12634633832.545","15852894822.5915","19040482589.1051","22198183002.4185","20047753849.35","18918492343.8024","18188520274.9614","16977866454.841","17455151457.8314","23901440137.0803","29280470206.4717","30327270741.0937","29665454335.4031","35774430324.9841","35869120915.2144","37902269820.7805","35775273292.8873","37288606059.734","40124024138.3696","38977734095.7754","34697904099.1796","33633561283.2294","32672714284.8488","28403138948.7059","27951566384.416","30578398932.8217","38569115812.9361","44524579612.5999","44442050523.1392","45792148415.5244","50684467384.4229","55365965844.831","56441455398.191","52044060565.0524","54120871009.5016","50216507403.1664","52001462447.6638","53134750898.8024","45647471640.5013","45703382750.4223","47628077104.3242","51321364918.6171","50454545454.5455","53423002393.708","58734626300.8515","54677442425.9763","59491964166.1013","64675015306.1997","",
"Faroe Islands","FRO","Military expenditure (current USD)","MS.MIL.XPND.CD","","","","","","","","","","","","","","","","","","","","","","","","","","","","","","","","","","","","","","","","","","","","","","","","","","","","","","","","","","","","","","","","","","",
"Micronesia, Fed. Sts.","FSM","Military expenditure (current USD)","MS.MIL.XPND.CD","","","","","","","","","","","","","","","","","","","","","","","","","","","","","","","","","","","","","","","","","","","","","","","","","","","","","","","","","","","","","","","","","","",
"Gabon","GAB","Military expenditure (current USD)","MS.MIL.XPND.CD","","","","","","","","3008117.85317946","2989113.97006847","4350652.59788968","4638155.15750553","5498336.69867372","6673861.63442157","9421730.09883844","10494173.3657381","16844521.7975578","20117179.3262189","28927873.6567893","","56881751.7699157","68629307.0806513","88322642.613467","88555899.7705459","86599171.7970116","80328270.2874654","95489724.2817681","136006884.085173","","","","","","","","","","","","","","91295212.198164","90036137.2314433","94693165.4490465","108396421.197522","125121856.57363","118111430.456445","130237717.301918","","","","268738503.907914","265965337.617035","278143957.126655","282163387.579953","208124773.338136","170374503.339251","202815390.680402","267430770.80282","261217395.059596","266879196.119858","263471597.129303","311454928.635429","277674768.990569","265385802.631879","319095920.726509","",
"United Kingdom","GBR","Military expenditure (current USD)","MS.MIL.XPND.CD","5129857089.89177","5308314126.28105","5597132750.96369","5810811570.85085","6159898580.62988","6475329219.51092","6692138864.5979","6933197077.38222","6220499923.0844","6199702306.86184","6792098923.78198","7518385128.20382","8789192636.73613","9446894124.04146","10450754431.8186","12907674883.7019","12038757739.3177","12952124605.6775","15897336095.5357","20544684886.403","28360159219.7249","26948261220.5562","27714188335.4742","26423122398.8855","25418839536.3938","26031881546.0011","30432577939.6425","34921759890.1918","38357236513.9578","37456646813.3108","43545094840.1343","47045457327.3683","45592591817.9765","38113206791.4603","38569013504.8574","38294283079.8348","38566134645.3921","39889947448.983","41222125832.6215","40760400666.5656","39343711272.5782","39512579943.6497","44245265998.3094","52343122277.0674","60250782544.7032","61653635038.462","64217619528.3273","73448032014.1665","72915407669.7404","64010506669.801","63979111970.2694","66569552573.1349","65452487554.2416","63837724855.4312","66995468654.2895","59990205719.3245","53327366087.7128","52075008432.0543","55832916405.2492","56567602040.8163","58332371794.8718","65148595797.7992","64069879004.1697","75303387480.0181","81763173069.6744","",
"Georgia","GEO","Military expenditure (current USD)","MS.MIL.XPND.CD","","","","","","","","","","","","","","","","","","","","","","","","","","","","","","","","","","","","","67706683.5603421","44007707.1290944","41084456.9800406","25882678.3632664","18824291.4324173","23829967.8729583","33975807.0392771","42647402.8849067","70419742.780372","214071430.147627","404172025.858922","931750564.205712","1090160250.60538","603655214.936935","454178215.155358","468779626.836253","491982529.358533","441878926.976772","415643210.857482","299514176.284605","315194446.322336","321136644.607665","333912381.840905","310614128.505502","287864077.669903","300489434.431324","401381726.184684","508401419.398704","615864045.59285","",
"Ghana","GHA","Military expenditure (current USD)","MS.MIL.XPND.CD","20821777.3519574","27454210.2992509","27944464.0545947","31096095.3389474","33302237.2379944","35578415.3878047","47344505.5160551","0","44271216.3553464","49026817.6692651","46918664.5094867","41139332.2955844","30202525.7565639","41052242.8437696","64121526.3881397","78825105.7091649","88961005.0635995","121717795.68115","101354226.354936","66362988.0808581","120610364.850902","195559792.179064","","71148287.3534174","44624487.0269248","63162776.6592191","51650922.7625224","43338474.855354","22760424.6502865","22626966.3337718","27612553.5020052","41427184.1755229","41663996.0444269","41004328.5772423","37823250.8302971","49054322.2642894","44417812.6165567","45483310.2209028","57453085.6613862","59277760.90128","50882608.2408578","32352140.4988099","36975481.3437874","53244020.2869524","56353842.9896775","64196566.3995304","75732607.9270927","126077788.992866","113668160.248048","118290743.895514","122480468.47703","234327479.578","337260972.703278","254997057.393618","252653833.716615","190540362.002907","161751874.263817","189129841.490359","218444253.592195","233320137.038447","239887164.283223","298345433.057572","229278866.209078","285375934.691638","268736705.433852","",
"Gibraltar","GIB","Military expenditure (current USD)","MS.MIL.XPND.CD","","","","","","","","","","","","","","","","","","","","","","","","","","","","","","","","","","","","","","","","","","","","","","","","","","","","","","","","","","","","","","","","","","",
"Guinea","GIN","Military expenditure (current USD)","MS.MIL.XPND.CD","","","","","","10492201.7419486","13895077.9825805","","14178651.0026332","14705286.6113024","15069880.4942273","26327764.4152636","31711404.2302397","36058910.702304","","","","","85228280.9846123","71021091.7464804","60309243.0241079","52510728.8966541","52266833.5866941","","","","","","","","","71764178.3996456","55654040.2948555","43956503.9927158","45871747.5087955","","","44370189.8058119","45034483.3162197","55211186.391812","45967931.2141144","87718398.8188008","98084865.1712689","84133949.3080361","81018570.0979977","","","","","","","","168913357.467903","196818705.594191","196945589.753241","221414232.310207","161856744.453218","181637775.870545","197079526.352476","197754330.707634","206992890.786064","244558590.415803","441260169.726193","504667180.286275","562455950.499682","",
"Gambia, The","GMB","Military expenditure (current USD)","MS.MIL.XPND.CD","","","","","","","","","","","","","","","","","","","","","","","","727666.880166151","846805.020005245","1244263.4191691","1046935.94340481","1392344.22707226","2161462.758742","2722988.35114814","3464911.1117034","3996271.67318971","3501687.89225368","2556388.66762778","2316899.69598519","2886551.70751845","3929706.23149338","4176388.69826082","4049572.02318873","3519056.43653851","3323532.17179142","2454230.20041818","2259285.66407937","1997861.93722507","1931395.49984849","2985085.07317483","2786319.24377443","4547026.14037486","17163533.4619059","7095299.57514525","","","11173079.8607106","10378890.6934834","14599970.2849394","14288131.905326","","","11487224.9434107","14456446.2017733","14805015.9297537","15874259.8668246","15446282.2276314","13950935.4823512","14433677.7042713","",
"Guinea-Bissau","GNB","Military expenditure (current USD)","MS.MIL.XPND.CD","","","","","","","","","","","","","","","","","","","","","","","9407751.85709348","18064755.1994071","6465128.7120096","4652567.4826345","6128820.1382815","3883662.22371057","","4434725.15476652","","","","","2016728.76510656","2211919.91051615","1897743.65673021","1817811.12239985","2900235.95139944","","9531360.60766093","6183163.5151745","6363093.76918971","7505161.73434274","","12116374.8322173","","","","13744583.7021852","17129808.1679545","17519804.3512353","24491750.6811589","21710792.6483686","21470831.2086587","17036957.2925502","15730078.4677087","19021935.3520215","21198429.4927161","22571242.3074691","24165899.1780631","25673740.3256251","24538678.1421994","25292392.1705683","","",
"Equatorial Guinea","GNQ","Military expenditure (current USD)","MS.MIL.XPND.CD","","","","","","","","","","","","","","","","","","","","","","","","","","","","","","","","","","","2379301.339145","3447875.17930554","","","","","","","","","","","","196314371.738509","292754658.835877","371927587.857327","","","","","166540270.521497","137262659.565475","139200817.641802","136210361.388331","149498690.044337","148636933.022503","162373364.380419","162807132.671218","156791634.919832","162192394.152675","113135237.554975","",
"Greece","GRC","Military expenditure (current USD)","MS.MIL.XPND.CD","170327798.096363","167762365.801466","170034222.652829","179495712.797773","188207553.063285","209674799.610636","238979294.897497","313035616.320105","366771882.677522","425403589.914256","473596990.496484","515997642.010379","573692101.497013","674802452.237724","1049955702.95995","1433217344.89603","1559887279.78501","1838775321.43188","2118929495.4422","2424261939.15195","2275580288.96511","2578400683.8574","2638652976.07206","2195463585.6401","1994286405.27223","1927083076.34616","1998816951.19072","2399225050.00692","2749556829.15464","2560254613.5061","3193376484.06783","3146899034.9562","3623052914.95211","3364413329.76605","3587244914.44126","4179913246.97254","4613167576.65798","4573516492.29295","4824257168.88238","5012285642.29829","4564522446.23907","4428103551.64607","4734177215.18987","5035585541.86408","6267468787.4442","7028428592.74735","7607186181.61655","8533090258.10319","10574138499.2859","10641348182.8677","8163619386.92396","7128608267.12819","5914988423.39784","5655183035.72021","5531285908.87966","4818121326.3835","4963484464.40452","5088178883.21225","5757114360.91734","5383116883.11688","5773281659.63752","8299905392.62063","8745382718.95799","7014878933.10746","8021963044.4518","",
"Grenada","GRD","Military expenditure (current USD)","MS.MIL.XPND.CD","","","","","","","","","","","","","","","","","","","","","","","","","","","","","","","","","","","","","","","","","","","","","","","","","","","","","","","","","","","","","","","","","","",
"Greenland","GRL","Military expenditure (current USD)","MS.MIL.XPND.CD","","","","","","","","","","","","","","","","","","","","","","","","","","","","","","","","","","","","","","","","","","","","","","","","","","","","","","","","","","","","","","","","","","",
"Guatemala","GTM","Military expenditure (current USD)","MS.MIL.XPND.CD","12084076.433121","12084076.433121","11954140.1273885","14812738.8535032","12993630.5732484","18580891.7197452","19100636.9426752","21179617.8343949","20400000","17600000","32300000","22200000","24000000","23400000","28400000","44900000","55500000","75200000","71700000","90200000","103760000","162640000","176590000","184250000","207480000","224420000","140853333.333333","124028000","146588384.397499","151627061.346818","132196105.007847","119310860.469926","153753024.292978","144445075.381165","153011545.416609","158348657.492683","141370462.942145","132112832.569696","139804367.713636","123754165.194209","157848092.786958","196765577.539991","158368119.258724","178771793.951529","114893349.273265","104467679.861251","130546929.154779","135925872.831767","166494048.304041","147410544.062655","169798840.125742","197433150.684228","224366543.649735","249757853.378152","245672875.883208","252455480.635391","290912704.00085","275014798.544949","273114976.844026","331882551.643497","342766481.025774","337658309.640734","441379595.096671","437645003.824207","415185334.034068","",
"Guam","GUM","Military expenditure (current USD)","MS.MIL.XPND.CD","","","","","","","","","","","","","","","","","","","","","","","","","","","","","","","","","","","","","","","","","","","","","","","","","","","","","","","","","","","","","","","","","","",
"Guyana","GUY","Military expenditure (current USD)","MS.MIL.XPND.CD","","","","","","","","","","","","","","5032808.21202366","11136757.5869161","32436379.6924488","34000000","24274509.8039216","17333333.3333333","17176470.5882353","21882352.9411765","22400000","24710000","22100000","20740845.1365889","38971271.3289509","27829660.9415741","10619291.2340621","11020000","6023830.21341149","3589328.49015893","2031374.37282557","3625349.99440009","4436526.4736053","5485552.10065804","5691560.61385037","5558340.16028495","","","","12585649.2901387","14371052.8985004","16652243.4636666","16345330.5687082","22132238.7397382","18506566.6041276","19176973.6447739","24971954.1184203","30520593.4205163","31055650.8948272","31075055.4911705","32416747.5418836","33542606.6021394","35163485.7882898","39280967.4697968","46430508.4745763","51562130.8232153","59510895.8837772","61745465.9624678","67206937.7130284","76541839.6831168","76544945.1631718","88198241.2136681","109674872.536337","201841558.938087","",
"High income","HIC","Military expenditure (current USD)","MS.MIL.XPND.CD","69785268796.053","73816616688.4501","81269090129.039","83305529259.8987","83772472489.9597","86542440268.0159","100659397722.765","114992325599.201","121979539145.643","124931622926.674","127263878100.671","127462117061.751","138632121327.601","150999391599.823","167285673670.141","181542925096.578","187561200504.487","220734541944.846","243402604430.154","272086900862.489","312621697558.967","344363180727.483","392877250260.783","386199788696.171","404958675281.711","430984707654.981","471477675586.424","529696872570.534","561742914181.234","574783900483.985","623964298072.722","611560120096.37","637760149130.195","618812443136.041","624154389173.877","631710764654.439","622529350115.02","618242796975.049","600268355171.65","608349392011.397","624889094873.923","632657397806.309","694615160577.806","808154314178.552","907678458687.186","972157440715.53","1022722317884.24","1116426715975.64","1241615726288.26","1272746556377.39","1322934108939.76","1384807437669.46","1363222643837.67","1329049088210.12","1311926412271.72","1214598775578.73","1208086894735.73","1240367439166.86","1310247444515.68","1361681072726.96","1429488801667.41","1526536492553.37","1610205614852.71","1738806294487.52","1964112859953.42","",
"Hong Kong SAR, China","HKG","Military expenditure (current USD)","MS.MIL.XPND.CD","","","","","","","","","","","","","","","","","","","","","","","","","","","","","","","","","","","","","","","","","","","","","","","","","","","","","","","","","","","","","","","","","","",
"Honduras","HND","Military expenditure (current USD)","MS.MIL.XPND.CD","3920000","3830000","3830000","3820000","5850000","6250000","6500000","6800000","7050000","7200000","9900000","11400000","15449922.7503862","15950000","16900000","21400000","23700000","31800000","43100000","49550000","57000000","60500000","67000000","70000000","81000000","94000000","105500000","122500000","132000000","138000000","67120949.0318533","47398089.4055866","","40592869.1293316","","","","","","","52462396.8947113","62951976.5796157","63602176.0560809","82195176.7914075","60561786.6441103","62589274.8097683","75595918.5401584","95924340.172849","132428400.639025","156802557.276754","170186979.693148","200358405.886737","209705674.231625","254071606.749817","241887992.174126","288148902.676174","334217134.297924","367928596.43675","358497584.489476","392630140.339426","341210438.870203","420766993.518365","458310727.89078","522960857.38268","581271651.183095","",
"Heavily indebted poor countries (HIPC)","HPC","Military expenditure (current USD)","MS.MIL.XPND.CD","","","","","","","","","326483888.462006","393983669.784276","503516298.408611","561652137.973882","607309530.30868","715390790.939939","937839065.310061","1138972593.9413","1217248454.79916","1535833757.39688","2121241401.54608","2459925044.91968","2759253745.79399","2664409279.12253","2248099753.31008","2169334435.53855","2422006409.26822","2358199368.37752","2465152768.11245","2475871974.7846","2779570519.78624","2428629464.97692","4757462434.012","3522330706.28255","2145288820.25373","2547653378.49963","1621283556.61335","1473040134.56815","1700180261.40802","1814603452.2575","2288182785.52406","2888721569.14428","2824352742.42447","2328184433.50957","2383024756.21127","2847382654.80833","3942772480.0952","4035054537.15247","4873641800.00391","6274638786.06213","8216035987.0215","7872733068.97705","5421573810.87872","5454930072.54616","5518546966.72767","6916777210.31696","7509695821.45082","8712698716.41896","9906522711.45542","11688612654.7186","9008797588.40542","9075662821.16716","10207093103.0146","11350519143.9358","11332781168.6116","12841126986.8964","13443993258.2142","",
"Croatia","HRV","Military expenditure (current USD)","MS.MIL.XPND.CD","","","","","","","","","","","","","","","","","","","","","","","","","","","","","","","","","36272977.871391","577978268.627984","1472678523.61282","1947665978.2438","1809859601.86617","1682974284.59018","1341113073.5547","1041757821.49237","667820477.128836","623607529.366786","721391026.71591","712496403.325571","726810082.324195","784727318.454891","825641092.082906","953886579.582177","1243402599.96579","1100010547.89215","981799328.999714","1090923901.93254","953070002.010722","962051495.613846","1076424945.72479","891540479.724287","836045683.380155","911363521.468404","950582488.179067","985762551.525559","981389328.833557","1360346003.46448","1282110612.8047","1439060332.4964","1629055602.0691","",
"Haiti","HTI","Military expenditure (current USD)","MS.MIL.XPND.CD","","","","","","","","","","","","","","","","","","","","","","","","","","","","","1930800","2072650","2430800","2415742.34733194","1700399.01363747","1449444.3361279","1527825.79787234","1911950.60126938","0","0","0","0","0","0","0","0","0","0","0","0","0","0","0","0","0","4480843.38790874","5296049.73106428","5634558.9108878","6586084.0095186","6521133.54820062","9703849.93652791","11833075.0498118","15834887.0714861","29230408.2065952","12704528.3042124","11786377.4421066","19751091.2623219","",
"Hungary","HUN","Military expenditure (current USD)","MS.MIL.XPND.CD","0","0","0","0","0","0","0","0","150166666.666667","173333333.333333","223333333.333333","225670995.092074","231632283.749548","263447030.809007","308005578.323252","366147086.515326","382438611.38705","419914698.72341","538098139.604814","621170386.193715","740802218.103239","757701599.624646","750740503.132635","700708442.013447","641103030.25257","1025550984.24961","765838789.843799","823921397.472882","1027508668.36463","812646128.164453","847389246.889926","722549153.413242","812017967.195183","735860385.584316","757131989.349563","612184817.11635","585271901.838883","695972460.905085","618464379.996455","702942491.123612","715857664.815596","845055673.845509","1079154823.6243","1401561253.104","1532612234.02681","1596087843.15297","1410071771.47203","1776464117.28187","1867877499.0849","1475818169.23822","1350820413.18817","1472069831.63811","1322277702.75073","1280050962.2477","1209801890.21288","1132476291.73782","1288676093.1676","1702635636.90156","1615618734.46908","2190628591.87986","2768372537.17382","2409589009.47425","3256817190.99744","4355478069.88993","4734698455.68824","",
"IBRD only","IBD","Military expenditure (current USD)","MS.MIL.XPND.CD","","","","","","","","","","","","","","","","","","","","","","","","","","","","","","82183381716.5563","81385732859.014","77398964784.7062","82538498818.8893","79008816016.5334","89353168109.9482","100541009230.65","109588410114.197","118025232981.997","107254173529.987","108306848966.155","115560667200.824","123174323110.9","120925105248.564","134044869468.931","156241375693.486","185703691109.902","216063099994.497","262819806293.251","321378673985.172","336255853614.962","380709796206.299","430536805063.056","469187223110.9","507144093336.487","518493018892.441","492115219009.465","494888868197.783","528542286538.955","547397143609.932","555418448255.404","559641674653.5","602452780180.123","688649987821.72","761429658409.695","854403816848.236","",
"IDA & IBRD total","IBT","Military expenditure (current USD)","MS.MIL.XPND.CD","","","","","","","","","","","","","","","","","","","","","","","","","","","","75407478076.2357","82034318277.6987","90621974729.7423","93819738205.3779","90418925511.9089","95345612578.7019","91648505716.4946","103224408950.761","114305023735.262","124020895826.385","132600936458.409","123025265413.032","125448970631.747","134501463717.622","142011280890.307","142714837782.463","169661090567.096","199187837739.51","232477923916.358","232083020039.788","281629669130.873","343782710297.857","359046742103.605","402905218459.112","455651862999.78","495232064123.303","534621306289.269","548649828373.071","522972850822.059","526284137154.866","563063304961.424","581055719384.204","587072611128.974","594095764311.73","642162870939.898","724873480714.524","798233840461.764","894638689950.658","",
"IDA total","IDA","Military expenditure (current USD)","MS.MIL.XPND.CD","","","","","","","","","","","2234500072.70734","2378855164.93143","","2960514668.92731","3831615608.24053","6241694815.93423","6171852858.87881","7318902288.45771","8281597627.20827","9335604587.96895","10524814432.4048","9877972456.64616","9541773790.56638","9640391078.04121","10126338207.0208","10172871513.9154","10166486037.3156","10249330006.6331","10981589655.4908","8438593013.18596","12434005346.364","13019960727.2027","12807113759.8125","12639689699.9611","13871240840.8125","13764014504.6124","14432485712.1886","14575703476.4125","15771091883.0452","17142121665.5928","18940796516.7978","18836957779.4077","21789732533.8994","35616221098.1656","42946462046.0241","46774232806.4563","16019920045.2909","18809862837.6224","22404036312.6851","22790888488.6432","22195422252.8137","25115057936.724","26044841012.4031","27477212952.782","30156809480.6296","30857631812.5946","31395268957.0834","34521018422.469","33658575774.2716","31654162873.5695","34454089658.2297","39710090759.7754","36223492892.8042","36804182052.069","40234873102.4224","",
"IDA blend","IDB","Military expenditure (current USD)","MS.MIL.XPND.CD","234815198.457213","239281198.434815","248419030.591555","275086980.158403","341920837.284782","543976319.187994","648662923.579965","767934698.208017","924210907.132471","1311781039.57488","1412145801.18572","1510353590.2887","1540657891.21818","1702777248.27751","2226891844.39552","4138576252.42454","3913325485.96794","4659469703.99306","4881514308.53839","5279509149.1202","5513387381.50225","4843575005.63255","4504857663.22819","4489696730.66856","4139500849.39814","3993718001.33811","3628782677.39478","3811527822.58305","4018061938.6785","3759845009.7095","4192932387.21413","4307019563.45067","4599967590.26463","4513012638.74118","4425118685.84389","5077724310.95973","5253785742.13368","5205918195.51517","4780340338.3895","4472877757.46656","4196046072.40674","4223053041.35297","5402079279.18211","5403299714.04577","6010165735.96352","6442469842.03687","7113979507.83495","7819158380.89274","8558147947.34481","8361843990.63535","9893935523.30217","11166959643.4729","12034526683.4237","12790128684.3647","14177117031.0897","13997415713.9572","14782962386.0232","15938719743.7347","18196739925.8511","15331230609.6207","15782480016.4033","19491279669.6315","16611607076.213","15416329344.8676","14345870416.2064","",
"Indonesia","IDN","Military expenditure (current USD)","MS.MIL.XPND.CD","","","","","","","","","","","","","","","698192771.084337","1063855421.68675","1275301204.81928","1468674698.79518","1627662342.06925","1552431165.78793","2114454045.81224","2654105929.96991","2741068094.3","2047257950.10256","2002310076.61267","1923319346.6477","1734616704.09182","1347598625.1787","1356706412.76621","1409556738.18967","1613975396.26983","1697029205.46372","1887635965.9494","1933304585.30976","2239731574.68472","2478753541.07649","2874845237.58699","3231358571.24198","972702125.109851","1135147005.46775","1129542839.56935","919022697.814032","1369857128.89545","2134746704.31718","2428947795.29805","2146270791.38648","2611875117.36679","3348758341.53813","3232202215.49527","3304459138.20152","4663365759.37552","5838026185.71723","6531097955.28321","8384028600.92532","6929248704.20671","7595030527.64333","7396626074.68605","8797528449.54204","7493744633.3578","8154244767.61856","9386956717.64656","8802514800.45036","10133923494.1363","11258797569.51","11042843809.9082","",
"IDA only","IDX","Military expenditure (current USD)","MS.MIL.XPND.CD","","","","","","","","","","","","","","1257737420.6498","1604723763.84502","2103118563.50969","2258527372.91087","2659432584.46464","3400083318.66988","4056095438.84875","5011427050.90257","5034397451.01361","5036916127.33819","5150694347.37266","5986837357.62267","6179153512.57726","6537703359.92077","6437802184.05009","6963527716.81227","4678748003.47646","8241072959.14984","8712941163.75203","8207146169.54789","8126677061.21993","9446122154.96861","8686290193.65271","9178699970.05494","9369785280.89733","10990751544.6557","12669243908.1262","14744750444.391","14613904738.0547","16387653254.7173","30212921384.1199","36936296310.0606","40331762964.4194","8905940537.45596","10990704456.7297","13845888365.3403","14429044498.0078","12301486729.5115","13948098293.2511","14010314328.9794","14687084268.4173","15979692449.54","16860216098.6374","16612306571.0602","18582298678.7342","15461835848.4205","16322932263.9488","18671609641.8264","20218811090.1439","19611885816.5911","21387852707.2014","25889002686.216","",
"Isle of Man","IMN","Military expenditure (current USD)","MS.MIL.XPND.CD","","","","","","","","","","","","","","","","","","","","","","","","","","","","","","","","","","","","","","","","","","","","","","","","","","","","","","","","","","","","","","","","","","",
"India","IND","Military expenditure (current USD)","MS.MIL.XPND.CD","681765681.765682","748388248.388248","1065436065.43607","1795449295.4493","1986654486.65449","2125989625.98963","1661154906.41015","1487733333.33333","1586866666.66667","1691433333.33333","1832966666.66667","2255256982.83756","2497244705.68716","2529921054.3991","2895415720.35154","3323646800.51911","3294910612.34921","3477080944.50128","3975819129.87438","4589738351.59412","5420809519.08574","5879007035.84446","6302107956.21001","6830768697.58092","6956682449.43939","7567024020.30933","9539363085.60916","10877406164.41","11346419153.4156","10589796924.594","10537035450.0528","8622473881.38455","8083231409.70982","8253542581.48511","8880551226.0269","9754464629.8929","9904672736.30381","11464883389.8324","11920610818.3832","13895562461.387","14287514240.7035","14600642346.0997","14749667251.5907","16333986643.282","20238566526.5411","23072312925.1701","23951927958.1522","28254773450.0647","33002376727.3797","38722154392.1843","46090445656.5003","49633815793.7027","47216920048.2061","47403528801.4226","50914096277.083","51295483753.9436","56637622640.8741","64559435280.6927","66257801718.275","71468900524.3041","72937064047.7993","76348538793.9209","79976789327.937","82293332162.5812","86125976248.5524","",
"Not classified","INX","Military expenditure (current USD)","MS.MIL.XPND.CD","","","","","","","","","","","","","","","","","","","","","","","","","","","","","","","","","","","","","","","","","","","","","","","","","","","","","","","","","","","","","","","","","","",
"Ireland","IRL","Military expenditure (current USD)","MS.MIL.XPND.CD","25800590.1058045","27564733.0190219","29163487.5341251","30210947.388848","36054670.7888806","39086791.420973","38314978.8964404","39693241.9265033","37141485.4325991","41630596.267328","50986848.3228682","63486922.1731789","84039646.649921","98307831.8251105","111205418.870676","154362392.721622","152839849.31123","171725705.964377","217465500.004531","290141008.530146","362511166.638615","327043451.145032","342048872.747759","310258091.668053","284275226.22503","301495819.03588","409081178.238577","435378990.388892","453486446.993673","434222056.024692","594006010.402921","624932658.118737","674035044.462192","597723765.566692","633699379.139512","702039703.123066","750987245.817278","765305513.303899","742402153.190535","741508607.785627","694674774.276764","767778364.399424","811255940.896899","965199981.039102","1101860647.03582","1144978361.43859","1190379117.3707","1372225370.15595","1582890833.85213","1415725373.44949","1274228688.35632","1300331547.01086","1157531729.65486","1195763444.3723","1192733691.2242","997005655.983143","1001610418.29936","1025063447.41951","1107137377.09949","1112740707.56829","1144420380.71355","1267738883.63292","1164312098.74881","1269225284.24683","1330503579.37914","",
"Iran, Islamic Rep.","IRN","Military expenditure (current USD)","MS.MIL.XPND.CD","98679867.9867987","105940594.059406","109900990.09901","128712871.287129","155445544.554455","200000000","256105610.561056","331023102.310231","437293729.372937","566006600.660066","620132013.20132","402310231.023102","371947194.719472","480857166.912962","3877862663.12671","5951043741.98202","7186307294.35815","7617207960.43002","8113739880.87555","4993779938.91999","4874889400.10618","8121567621.44701","9703525315.25995","10550357292.9316","9926303621.971","10706415944.5065","11741433342.0913","15263376569.5996","18889008562.6582","16301812932.0636","16474401698.2345","17549594829.9352","19732558015.4057","1448177703.48058","1703171536.2057","2501544189.55785","3550986964.19293","4642384615.8233","5479362941.74375","6650285143.99772","8327053824.36261","10378791765.7186","3243891033.23266","3717068449.78392","5243621132.59941","6796744965.39476","8751474767.03588","9330901881.77112","11081950208.5691","12584623338.7062","13561272454.2139","14277667360.5682","16493963286.9287","11997186984.0994","9901118855.30265","10588769670.8684","12263957414.6216","13931196489.7975","11795842412.2948","4921057693.8276","3349702008.04581","5699580109.49925","7459331830.84591","7390861136.37782","7891903306.81818","",
"Iraq","IRQ","Military expenditure (current USD)","MS.MIL.XPND.CD","118726952.509219","125481949.80722","135064945.974022","163218934.712426","185198925.92043","225742909.702836","234996906.001238","234541906.183238","291437883.424847","375997849.60086","401050839.579664","426263340.165383","466113288.078091","665185288.985423","1427457784.18103","1590171817.1167","1761176239.5281","2007693505.89542","1986021658.30269","2371712820.92959","2976492817.81426","4086497761.70449","","","","","","","","","","","","","","","","","","","","","","","613724869.617867","1120278532.6087","1236081012.93427","1989948747.37958","3116304019.84779","3237179487.17949","3752905982.90598","4278632478.63248","4141066053.83435","7780188679.24528","6923644082.33276","9604231010.85097","5970383697.66942","7416385135.13514","6317977150.05254","7598829335.74537","5649373636.97996","4771002728.73904","4691837701.16339","5518874505.2831","6178546529.67549","",
"Iceland","ISL","Military expenditure (current USD)","MS.MIL.XPND.CD","","","","","","","","","","","","","","","","","","","","","","","","","","","","","0","0","0","0","0","0","0","0","0","0","0","0","0","0","0","0","0","0","0","0","0","0","0","0","0","0","0","0","0","0","0","0","0","0","0","0","0","",
"Israel","ISR","Military expenditure (current USD)","MS.MIL.XPND.CD","190277777.777778","241805555.555556","210604174.497153","259250864.169547","278584261.94754","313917713.059044","375501251.670839","605514168.123425","690001971.434204","872002491.43569","1259646456.13273","1270657787.28045","1461373749.94019","2574504909.77879","3475602770.28348","3758315380.79117","3648665017.15334","3180556220.38198","3117508058.31813","3394518703.94861","4120814786.04841","4700103231.67638","4518481888.98504","4265358581.86055","4214300330.82091","4004517114.13666","4386224325.19626","5995553855.41564","6999574985.30434","5550710260.44257","6528767331.23656","9337649894.62416","7313388389.7285","7752806699.97369","7772187267.59513","7945971519.50955","8499441747.40851","8580697530.05845","8095647853.16336","7652604037.03023","8327543752.99401","8504274012.34054","7981518926.42608","8225281206.28968","8605125435.63336","8921942197.56222","9315253567.81371","11382202878.2302","13803713496.5803","12754237934.6649","13875211595.7068","15100066207.7677","14524419593.7675","16247825942.4609","17737375713.577","16457098752.1976","17434558598.5485","19357002461.0705","19899819039.513","20339225589.2256","21816569767.4419","24340979541.2275","23406074573.0486","27498527856.8524","46505298369.3376","",
"Italy","ITA","Military expenditure (current USD)","MS.MIL.XPND.CD","1009308856.43093","1062907313.20441","1222013656.10652","1463283723.58157","1586666707.9737","1719942314.72245","1904604598.71246","1928786564.47306","1991165044.33278","2003805617.344","2216771793.07653","2648079366.02068","3289362465.01575","3638240139.22655","3890003394.12994","4217069828.69074","3844185965.36122","4556493517.89272","5540992657.9633","6904107162.83232","7915696625.50473","7387713297.7908","8062597403.3411","8409527115.57584","8296144788.10221","8253390532.61038","11941809156.3098","15653065895.3873","17403664789.8428","17675486539.4629","20734625578.569","21585706771.8811","22177090390.3319","18242013901.2785","18062459081.75","17185853003.8965","20793128832.2001","20156102258.3609","20825125351.8551","21016456909.9333","19878720932.3752","19519381482.0449","21610059761.8936","26824213292.0407","30261076654.6845","29737642391.6828","29633022263.3135","31982431792.4882","36839989746.2189","34054481324.3999","32020819951.1287","33828804971.12","29781008205.1256","29957445904.5168","27701034334.9422","22180845070.4225","25033027894.6754","26447892915.4274","28420098438.4406","26380673981.1912","32929093810.5551","36232722327.3415","34691881158.1277","36933180928.3452","37964578316.9022","",
"Jamaica","JAM","Military expenditure (current USD)","MS.MIL.XPND.CD","","","","","","","","","","","","","","","","","27445027.4450274","30580030.5800306","","","","44922028.4941227","53608918.7277565","50162507.3749366","25153444.2528153","18714379.2636942","23522088.1261375","25325014.9908779","30932577.8211003","40933809.6033868","38609944.5575812","31891976.6587707","47192327.6263812","44542579.5435415","34218503.9548569","35298829.6089306","41791263.9144818","54854608.8774026","47640218.878249","45131071.7533008","43566232.4912703","46374382.2872709","56898147.0963051","54845871.8170309","54533132.2348081","59329776.3191486","72645523.0066972","83511942.0975197","130699170.654872","114808331.8448","115571395.968398","133638559.827692","137635505.668112","128431323.011542","121310243.549976","123854135.722601","137649061.819234","143545555.4269","209675820.865544","266015074.510509","236865671.641791","217577299.176505","220530651.098199","230360218.360918","262511269.974231","",
"Jordan","JOR","Military expenditure (current USD)","MS.MIL.XPND.CD","56139977.544009","55509977.7960089","60409975.8360097","61879975.2480099","61879975.2480099","62929974.8280101","76089969.5640122","104719958.112017","127749948.90002","","109759956.096018","108639956.544017","129359948.256021","150652370.416135","163307378.016219","180742482.613699","294593397.854709","262704735.063034","304948875.255624","399556492.293554","416212133.926324","438818156.782162","465258786.015002","484742989.817643","457778991.58571","501742160.278746","625775075.293029","647050307.42276","587776388.488132","382891036.17276","322429005.351719","433271745.101092","367745484.820937","391137488.435464","407863026.715744","299838515.542344","417489421.720733","444287729.196051","496473906.911142","511988716.502116","529337094.499295","528926645.631842","521861777.150917","611847672.778561","586741889.985896","603667136.812412","701551480.959097","1032440056.41749","1358383579.90438","1568309859.15493","1557887323.94366","1594788732.39437","1472816901.40845","1444929577.46479","1548873239.43662","1614929577.46479","1769436619.71831","1939718309.85915","1957746478.87324","2032112676.05634","2055915492.95775","2176760563.38028","2334573239.43662","2450239103.04525","2560281690.14085","",
"Japan","JPN","Military expenditure (current USD)","MS.MIL.XPND.CD","480555555.555556","492361111.111111","538194444.444444","629861111.111111","718055555.555556","821388888.888889","932430555.555556","1039027777.77778","1168194444.44444","1335416666.66667","1575347222.22222","1896540415.99416","2567519427.91551","3374561100.02871","3962157887.16867","4534902135.20134","5008396503.81721","6157312576.81278","8657135932.94114","9173587660.85607","9711741590.62543","10851176225.1968","10193936011.7554","11429317255.5492","12225078098.0288","13087751953.5835","19457334441.0159","23642290700.1666","28216102752.9808","27966353541.5036","28800451682.4134","32785415754.1924","35999123575.8107","41353936221.8745","45285594082.655","49961673236.9689","44047104680.1313","40634840607.9791","37849012642.7562","43122898504.9207","45509673827.3094","40757967234.1581","39333708169.8408","42486177361.062","45339809414.6571","44300613329.9461","41552592885.5794","40530045688.4692","46361468280.4594","51465158207.5898","54655450735.305","60762213840.8911","60011530194.6974","49023932406.8581","46903466612.5187","42106103305.7928","46471287714.246","45058468760.6493","48535909410.587","50778006586.0079","51396536058.5254","53602002568.6803","43198166358.8616","48189108621.3905","55273904316.7083","",
"Kazakhstan","KAZ","Military expenditure (current USD)","MS.MIL.XPND.CD","","","","","","","","","","","","","","","","","","","","","","","","","","","","","","","","","","0","106926892.957739","177686628.383921","241771205.869549","236752278.376139","242646223.083829","143905357.127917","143527541.105866","221486206.520554","245956719.446239","317564315.13077","426441724.55618","591985249.849488","793027147.491058","1359776098.69935","1540810813.05747","1271890275.73442","1501815343.89739","1803970781.81161","2177543205.48846","2551124374.70831","2306468864.80956","2046197674.3312","1281103431.97917","1390619095.25397","1498378532.70773","1853499708.86892","1548175774.90918","1617793374.99735","1163053994.27914","1164302584.93385","1208967905.89819","",
"Kenya","KEN","Military expenditure (current USD)","MS.MIL.XPND.CD","2589998.96400041","895999.641600143","671999.731200107","1861999.2552003","5879997.64800094","9897996.04080159","13047994.7808021","15987993.6048026","16365993.4536026","15749993.7000025","17023993.1904027","22077991.1688035","29735988.1056048","37319917.1554816","46763683.9663565","54090933.232015","75910048.1167998","147766705.007878","239475869.99216","291024720.045055","271691156.156379","241171594.363084","243721560.477189","208691732.712316","175004682.979624","145781732.097541","181255662.31349","249810082.348294","250942407.491928","228606148.985296","246456438.633547","191908506.283649","156036602.021306","105704527.312319","117331482.624628","149096438.251753","170804816.256353","175834896.938286","171964013.272218","151917777.442831","165584735.249522","195365005.498758","213894508.000726","245938663.815128","259807840.715185","316799485.401851","375807203.248785","494684896.668925","580011940.678248","578071672.354949","622049847.791077","646678106.716751","840072589.956654","860560896.114738","819042626.799535","843667802.797011","933103002.549572","1015384781.9759","1113648361.6452","1116872419.91312","1115321770.3237","1191035199.16162","1155179523.0194","1053795572.24243","1231306436.54642","",
"Kyrgyz Republic","KGZ","Military expenditure (current USD)","MS.MIL.XPND.CD","","","","","","","","","","","","","","","","","","","","","","","","","","","","","","","","","0","0","28672625.1418136","51598795.0359918","54586794.2792905","55004809.2152628","43757918.3783161","33554323.8898987","39443105.1614337","35813607.4248625","43782464.1914392","55068479.0278681","63015184.0918736","75718866.2775104","89811926.4112928","116263490.753371","149309214.591547","148961094.62732","184399359.938039","210651901.984878","211843946.856152","234442449.229016","252115132.114057","230507508.956734","227832187.17759","239397613.944919","250494252.349231","254030778.930475","258288068.196585","262700109.875829","352132809.831012","483868688.422768","473046660.875227","",
"Cambodia","KHM","Military expenditure (current USD)","MS.MIL.XPND.CD","","","","","","","","","","","","","","","","","","","","","","","","","","","0","0","0","0","29090909.0909091","43294683.6634263","62293735.8871923","44626255.1134251","107258618.996169","123101153.486778","113563610.865522","103419601.187951","83323986.0913039","88172003.477046","81025841.3070364","70846940.8859825","65182716.0998753","67525224.4339131","69218798.6305633","70959071.4722053","75881313.5928837","79015425.8820513","82630723.4279766","136589737.95276","167857927.989066","192159418.504374","217305727.746095","243470109.876467","277974068.111455","325188062.343281","382205260.411544","458262797.923612","543204689.086157","595407617.667785","621329326.832404","630407255.027116","618689402.034712","667985733.158485","720543532.173392","",
"Kiribati","KIR","Military expenditure (current USD)","MS.MIL.XPND.CD","","","","","","","","","","","","","","","","","","","","","","","","","","","","","","","","","","","","","","","","","","","","","","","","","","","","","","","","","","","","","","","","","","",
"St. Kitts and Nevis","KNA","Military expenditure (current USD)","MS.MIL.XPND.CD","","","","","","","","","","","","","","","","","","","","","","","","","","","","","","","","","","","","","","","","","","","","","","","","","","","","","","","","","","","","","","","","","","",
"Korea, Rep.","KOR","Military expenditure (current USD)","MS.MIL.XPND.CD","275643564.356436","157061350.086544","186153846.153846","185384615.384615","137481470.39706","132131636.142507","176901786.339497","218100895.692322","278696524.426612","347028223.805442","386403740.388207","460899849.343362","531950093.409418","544785374.646643","852963864.000475","1030991735.53719","1708677685.95041","2237603305.78512","3190082644.6281","3543388429.75207","3980692489.03581","4463839959.5905","4646524886.33317","4714159752.90945","4759446931.42228","4883795774.80977","5325292074.23189","6040845305.00251","7732395675.54562","9468974884.43025","10110714871.0587","10956524347.7561","11614665196.0992","12377424872.7063","13519265762.7271","16085095679.4805","16408665266.9578","14848484529.9378","10457957529.3983","12095186823.9094","13801107024.1211","12941850827.6594","14101703314.7096","15847047272.178","17829864142.7723","22159512557.1222","25177237741.0344","27726129585.2493","26072410507.6902","24575661939.1823","28175181218.9679","30991707946.4761","31951760810.319","34311220715.1665","37552298953.8232","36570769322.5744","36885283430.0234","39170682135.6216","43069973342.8752","44102240752.179","46117096574.5819","50873788105.2917","46365420707.4157","47801863038.8787","47571318596.7228","",
"Kuwait","KWT","Military expenditure (current USD)","MS.MIL.XPND.CD","","","","","","","","","","","68739972.504011","73434840.970744","90743549.9119924","136560430.519402","426401410.876988","","","748518665.85708","738039577.826819","881077990.780342","950805965.290033","1042021629.57117","1285119359.80216","1425498409.82307","1465909167.67434","1379869859.98477","1295617612.14061","1336740076.7235","1704123944.10617","2076390756.31682","8961536461.49313","12924377965.9407","6316012045.43982","2980065531.62448","3296055512.51389","3692435533.15821","3241385529.4931","2454268845.45523","2282153591.72584","2286352512.19552","2697075596.3558","2685735278.45347","2821521877.89967","3130746412.89612","3450118764.84561","3509417808.21918","3597816497.57389","4115736733.58807","4430342077.46217","4208871205.93499","4335204653.06151","5393526319.03152","5941536636.94559","5697937802.28007","5832103419.52984","5735132890.36545","6446742131.36237","6764636913.87805","7165279059.53645","7373519736.84211","6941042345.27687","9024335548.17276","8244121401.26598","7755031935.62767","7792925565.71038","",
"Latin America & Caribbean (excluding high income)","LAC","Military expenditure (current USD)","MS.MIL.XPND.CD","679953345.134063","676552327.746258","1103551149.49668","1159984654.81611","1127884049.57703","1429410349.65933","1551356087.49724","1664985789.36184","1631378452.83399","1844766616.78071","2189884822.08495","2450650739.10026","2838885094.82631","3851196406.41925","4750245101.52971","4753321630.13538","6624989944.74152","6928924794.74508","7967968504.08869","10271293042.0491","11940931932.0292","12468808884.9446","9186795023.50652","8565285810.55684","8455389011.96815","8565290722.29313","8578848234.88172","10734646986.4887","12158480938.6132","14076014001.4632","16215710612.5381","13624479229.0532","13054241805.7539","16111111830.318","21126837959.6605","24973792988.1743","26258728234.7118","24963154427.0271","25951435083.2484","21295986121.0813","22780541751.3634","22974476490.9434","19625270857.925","18812826841.8748","20655128501.1923","26479190164.7245","29936027548.5147","37643754435.007","45397908169.0776","47530797024.4655","58879476911.6025","63552024126.0121","63646492032.1375","65436039118.0079","64785288174.9272","53186023197.1122","50386198324.7381","57671691872.2938","56154820870.4699","53973883969.3022","47890880644.7952","49169584809.8837","53264130234.723","58995904569.3375","66100709502.6675","",
"Lao PDR","LAO","Military expenditure (current USD)","MS.MIL.XPND.CD","","","","","","","","35544791.6666667","35461875","36133958.3333333","38045833.3333333","39061458.3333333","20254568.1282978","21220297.9661701","","","","","","","","","","","","","","","","","","","102292611.331368","107643979.057592","116105380.350497","103704532.180094","78445466.0149269","67064556.5802632","33350210.5611021","15382947.3867998","13717664.5992971","12574570.7783056","11435617.4736235","11013340.9026398","11496967.5213029","11965988.4375704","13410565.0646168","14838865.5400931","16267888.9597929","13973614.5278621","15356402.9510448","19009820.5990989","20327157.6570726","22677713.1196136","","","","","","","","","","","","",
"Lebanon","LBN","Military expenditure (current USD)","MS.MIL.XPND.CD","22906905.201382","27837147.8129811","40876824.5021668","33900603.4307411","38065368.3231067","44598531.8293536","51425377.3057574","57730955.0260257","65572316.4450301","65138973.3851987","64546127.5382535","66920095.5470253","106204436.985367","103815507.201961","179142179.606145","165944100.296267","173074847.035963","126427193.576977","252760229.683593","346311001.464806","503476314.786197","373214770.032477","246651755.127511","492472676.600039","474574917.563726","227203508.558202","148293323.672983","36999768.4731696","39317743.0784644","","214361038.658359","229469731.0033","442786331.073862","452979280.562319","637473438.606725","746264054.12573","735631013.592628","678164279.450453","693871897.528576","829663624.787776","930016583.747927","958540630.182421","907462686.567164","923383084.577114","954560530.679934","962520729.684909","1008955223.8806","1152238805.97015","1169485903.81426","1426202321.72471","1585406301.82421","1626533996.68325","1757213930.34826","1935718241.37232","2270065959.79379","2239416093.73945","2606456908.32225","2441074857.01822","2775557816.20658","2326058336.52486","431991051.454139","171587395.957194","218747731.996173","286217317.801811","635471571.906355","",
"Liberia","LBR","Military expenditure (current USD)","MS.MIL.XPND.CD","","","","","","2700000","2800000","3050000","3050000","3050000","3550000","4050000","4050000","3750000","4550000","5500000","6400000","7750000","8900000","9400000","12750000","26350000","43350000","38750000","24950000","25150000","24350000","22250000","25000000","","","25000000","22650000","30450000","39300000","","","","","","","","","","4525000","6467000","3900500","2882000","4895000","6739500","8982000","12540500","15179000","15111500","14531000","14799000","14712000","13335500","13229000","12901000","12901000","29723000","52198000","62518000","33825000","",
"Libya","LBY","Military expenditure (current USD)","MS.MIL.XPND.CD","5571997.77120089","7167997.13280115","16687993.3248027","18675992.529603","21475991.4096034","29119988.3520047","58519976.5920094","79519968.1920127","95479961.8080153","143079942.768023","242479903.008039","243035871.645628","202768227.100414","298307480.018398","431682379.049556","287788252.699704","326295131.582059","479647087.83284","729941800.568145","853569148.558863","1074139253.03411","557334522.313648","709332450.608506","","","","","","","","","","","","","","","1251990817.28745","1443621758.26714","1153487088.49079","1085534664.87046","819747993.600677","452513614.757453","541401766.516621","685073220.074025","690930769.348354","614356296.200431","639137046.188937","1100068652.12985","","","","2987413407.73267","3964690154.13652","3755652496.35093","","","","","","","","1214864558.24526","1573682777.31469","","",
"St. Lucia","LCA","Military expenditure (current USD)","MS.MIL.XPND.CD","","","","","","","","","","","","","","","","","","","","","","","","","","","","","","","","","","","","","","","","","","","","","","","","","","","","","","","","","","","","","","","","","","",
"Latin America & Caribbean","LCN","Military expenditure (current USD)","MS.MIL.XPND.CD","1041102128.14931","952115934.094736","1470078056.67469","1558299418.01483","1478294197.3849","1824898849.29905","1976690415.89209","2118145676.08668","2082974249.8368","2293646403.13552","2857196045.15583","3463134106.21513","4049748251.43731","5404489651.82689","6663039430.8653","6151351163.82316","7997666536.32806","8801988932.41533","10053610004.9512","12833565616.4295","15266512901.4694","16537685105.3236","13494643916.0338","12366658646.4374","11485659135.2246","10765543058.2929","10967958016.6869","13005289827.4721","14628870715.4906","16666945044.2258","18390097041.763","15995500065.6037","15665423229.6088","19231321309.3581","24113701698.57","28626754180.4636","29578441979.8626","29318097188.2959","30192020605.4271","25433071539.0997","27240878883.0351","27330299656.2257","22856595391.2309","22188309682.0146","25168488710.6536","32708555562.8787","37949010240.4296","46583560656.9122","56437565177.4021","56235033581.803","68694550461.3669","73819638767.9944","75354386298.7924","78457040978.9097","72705458926.1897","59355779388.2505","56656426600.2124","66596682451.2873","63963147863.6335","60554802135.9911","54477929268.8032","55911119771.4603","59521312633.1673","66334319477.7009","73379302038.4736","",
"Least developed countries: UN classification","LDC","Military expenditure (current USD)","MS.MIL.XPND.CD","","","","","","","","","","","","","","771447632.482126","931771366.688965","1033602529.28672","1117902850.63022","1420110713.56064","2301568431.66217","2785711432.5226","2978073965.41606","2837510351.24939","2860846361.0235","2986618540.49317","3456064510.71558","3430220700.53737","3657493033.23584","3871852683.60523","4378841099.03555","4851321254.12134","6922622157.56624","6414466471.24854","5604422956.56505","7970452039.73036","7846215338.29839","7051302195.90717","7426692378.50506","7931035214.71653","9181459160.57438","11842299523.4124","13412647197.3219","13134510344.7019","14930347449.6704","28628087747.3964","35466178199.7459","39355377033.2883","8369045348.03029","9990312189.0164","13267370204.7895","13500923610.5459","11305873813.1013","12508396981.4106","15731297506.8584","18306873268.6864","19915788210.2362","17442383832.2578","16664157125.1918","18725818890.2222","14711606070.9588","15095583301.0536","17065485793.0261","18393910413.7822","18753326373.1107","19606263206.7098","23482032412.3724","",
"Low income","LIC","Military expenditure (current USD)","MS.MIL.XPND.CD","","","","","","","","","","","","","","761583112.162133","1027156825.57471","1419903340.45518","1516472917.74063","1768597029.55006","2140902460.13887","2678058561.14105","3559039267.36065","3382688176.72197","3573049515.54369","3613725347.66065","4394989424.95566","4345327108.75191","4708561986.07909","4575484616.96092","4947638468.52628","2143887436.53509","4298727267.46549","5872762694.36497","5072103331.87616","4377573084.57347","4805986945.76404","","2280217391.70386","2246259826.33448","2580514867.27557","2932337563.27515","2838724259.50344","2663165575.92718","3033151532.78733","3553213085.87553","4365216813.53682","4526919128.97194","5679679538.78515","7290488241.18141","9167769753.73098","9559050675.07936","6928997929.92904","7808641006.91352","4554375922.54884","5336286959.54594","5611907531.9845","6608331530.20507","6287996225.35404","7993686610.96133","5773084138.50208","4396802589.24207","5307853318.16397","5101879954.6014","5077125054.60954","6764045397.62471","8580891523.41387","",
"Liechtenstein","LIE","Military expenditure (current USD)","MS.MIL.XPND.CD","","","","","","","","","","","","","","","","","","","","","","","","","","","","","","","","","","","","","","","","","","","","","","","","","","","","","","","","","","","","","","","","","","",
"Sri Lanka","LKA","Military expenditure (current USD)","MS.MIL.XPND.CD","16653016.6530167","17083517.0835171","15849765.8497659","13917763.9177639","13938763.9387639","14474264.4742645","15282765.2827653","15711432.1626131","14305226.3216164","15863429.1887097","21042038.7173512","32258064.516129","","25146427.176884","28417847.6111717","30478781.0200124","23669757.489301","28081232.2562249","21946485.4234596","28073183.5754377","30811520.2245016","27684625.6566402","25974668.7039333","45952585.3641951","55750799.9779859","188947302.540994","172743269.33716","226699541.853033","165486625.501465","125682787.242247","187023405.694545","277389023.844917","326765473.561246","354785171.204953","437032405.074562","763663963.661622","767105591.680327","698792770.863774","733435634.700334","631014150.108657","822127365.590071","675016502.0194","571657950.222711","541695589.560821","619305492.420499","644211825.110948","791491040.668245","1054816810.24742","1511363006.99688","1522232372.004","1532026109.10635","1753321575.5438","1474902627.68117","1600841410.40839","1914591220.29078","2057866406.9716","1741456649.97426","1866534438.99382","1638914326.87567","1560094458.93163","1486440860.79499","1539694803.94051","1001955818.94468","1165824640.21347","1333312353.41663","",
"Lower middle income","LMC","Military expenditure (current USD)","MS.MIL.XPND.CD","1309206635.07976","1407670264.66792","1962122245.86486","2845007556.06143","3212905637.70665","3639777650.98025","3302654090.01632","3320319030.13166","3873790585.10544","4528810022.34263","5095676335.86101","5859232448.3245","6018650776.28596","6719081071.44855","8657535028.94691","10806404063.9784","11897512534.0675","13685446381.7242","14940769515.7436","15397780234.2106","17122190441.985","17644989267.2817","17905232750.3015","19070833228.6676","19382527920.4243","20633414379.6776","22790914695.8706","26092209277.2938","26755266985.5171","24651112815.907","25471966103.0023","21279263849.6819","21736395368.9144","23629886015.7326","24778786420.82","27745816807.094","29245782308.0026","30970758675.6797","31702158130.5745","35217396196.4877","37328709943.0559","38305119165.2481","41192935833.8981","57312198469.2221","68026349700.9024","75743587831.0365","46380381937.8086","53936904247.7052","63771763545.1461","70544253320.2622","81747244085.5037","88056351247.4252","91367659690.6117","95744819582.7204","104076413052.282","101987018366.239","107238855854.666","115780151335.963","120033653634.85","117514570414.81","120611832233.243","130705010965.114","130125752842.32","130178731378.813","136846973541.255","",
"Low & middle income","LMY","Military expenditure (current USD)","MS.MIL.XPND.CD","","","","","","","","","","","","","","","","","","","","","","","","","","","","","","81099040470.7311","86771180230.1198","84170942860.165","89452988460.4596","76878293868.732","81625813248.5227","91815064824.7593","98756499409.9737","104237419218.022","103953104591.967","108547179695.98","115084214982.206","119965518385.238","119229405146.188","142635750536.73","165797614805.548","189308566749.266","178856521958.318","215722035360.27","261494332340.894","286420643945.027","321462681026.367","361215164789.963","389040331532.175","419506050073.178","440852825216.09","436591208097.84","437977779649.199","472649046246.096","494521128287.415","495187368518.858","504151277547.824","544646318522.94","591191261448.953","644849992805.016","686768948037.908","",
"Lesotho","LSO","Military expenditure (current USD)","MS.MIL.XPND.CD","","","","","","","","","","","","","","","","","2291375.57284389","2780125.69503142","4013501.00337525","5370993.42892059","11639193.9745825","12392766.9544448","14965648.0816342","14069652.6344134","12285803.372919","10667797.3858849","13369627.5322425","18111226.2589451","16956458.6293199","22610459.5299465","24165932.3160645","22308171.454232","24237292.2956091","22140684.3873748","25853328.8273065","34373285.4712731","28347308.3140475","28700335.9404161","27807021.3520299","34078186.6869193","30555503.5209796","23390729.4306775","19559896.4015673","27363759.5426154","31386955.1015606","33619893.9196425","35224579.3060673","39834671.5644459","27350681.8605484","47399768.9312895","70661037.3680889","58169320.7531059","53240145.8227009","47941183.1723469","47693396.0282348","44025926.2497655","41489543.3648543","52594810.3725972","51064347.7548233","44845967.4627899","38618836.5314549","37044054.9502605","34668499.8975518","34446236.5154005","36295976.9958149","",
"Late-demographic dividend","LTE","Military expenditure (current USD)","MS.MIL.XPND.CD","","","","","","","","","","","","","","","","","","","","","","","","","","","","","","36055734401.5324","42795772208.4645","44895894540.1434","39516813193.9505","47110969155.3199","56752735320.796","65439593807.9889","72369755171.7549","76846488163.937","67679119302.0198","64360897849.327","71960127343.4175","80166817053.38","85860342943.7069","94810135040.5575","109797866134.24","129425511264.632","153721336147.463","189028477053.838","235989381031.708","248034791954.321","280734338038.047","322468888342.283","356582053532.262","389357403530.656","403824833488.883","363281187892.703","365950246727.12","383979153943.819","407494550345.243","409644179531.55","418539580993.794","468311742644.56","511893318234.984","526411888894.315","604822247047.929","",
"Lithuania","LTU","Military expenditure (current USD)","MS.MIL.XPND.CD","","","","","","","","","","","","","","","","","","","","","","","","","","","","","","","","","","20769763.769377","21062271.3845767","30453612.5","42260000","75611000","138175000","106450000","140400000","166875000","181481441.190549","210822413.235453","270841799.761921","303819006.351793","351605788.760387","442004493.34913","541390194.647615","404826028.671151","326320918.686429","344605215.42864","328631681.612931","354862149.703384","426913695.365894","471221026.949096","635448102.412289","812106965.019963","1056383744.67382","1093819973.13032","1174056765.07466","1306764427.62535","1734372764.98355","2162912001.24459","2627474141.71702","",
"Luxembourg","LUX","Military expenditure (current USD)","MS.MIL.XPND.CD","4752423.9309612","5240786.51282378","6414460.28792098","6290401.61414037","8382342.82301439","8601012.63578868","8965462.32374583","7434773.63432581","6756897.21472551","7063034.95260952","7507663.57191724","8173511.12116127","10598709.5850438","13932271.6688859","16467478.4809318","20512075.3668481","23034715.2508666","25938648.110439","33109687.2163059","38273990.6278582","47360892.6137643","41726636.1092725","37433657.0500499","37178028.8418864","34928757.8493494","34433118.0761158","48297506.2446815","66087827.3632354","77710663.5179005","68628080.5510496","87355711.5484087","97334052.2155733","111320676.45306","97653069.7068746","113834573.485786","128521764.263556","127833884.333152","121130606.414131","129319441.153816","127052871.960121","115698727.119554","144712221.63036","138593169.491047","179459262.359853","212017959.420621","220210896.700791","223272213.026936","258432797.19653","213864576.848427","201432812.432711","247667357.574714","232152414.315602","214571871.297993","233682396.412975","252079423.061844","249528668.071421","235555944.6812","323138029.306824","355275426.979687","381773399.014778","425168129.488202","403263954.588458","509908559.220392","662492466.345745","871643141.196422","",
"Latvia","LVA","Military expenditure (current USD)","MS.MIL.XPND.CD","","","","","","","","","","","","","","","","","","","","","","","","","","","","","","","","","","17691507.9721057","33900348.0435732","43560331.058516","38154934.5559927","37988313.1495215","42180166.50442","56568626.3912459","69990683.3593674","86966741.0976613","147224840.18431","189144251.392141","229353322.500953","272551115.779465","367825490.444438","481492627.144147","581752272.926594","363809251.070089","259672124.197467","296834929.212511","255740342.589249","283568932.739998","295728965.265711","282688255.517356","404552452.166263","482461999.113821","709370536.926218","691894312.583968","742049469.964664","823084200.567644","856142771.799036","1253796439.94624","1425694079.36724","",
"Macao SAR, China","MAC","Military expenditure (current USD)","MS.MIL.XPND.CD","","","","","","","","","","","","","","","","","","","","","","","","","","","","","","","","","","","","","","","","","","","","","","","","","","","","","","","","","","","","","","","","","","",
"St. Martin (French part)","MAF","Military expenditure (current USD)","MS.MIL.XPND.CD","","","","","","","","","","","","","","","","","","","","","","","","","","","","","","","","","","","","","","","","","","","","","","","","","","","","","","","","","","","","","","","","","","",
"Morocco","MAR","Military expenditure (current USD)","MS.MIL.XPND.CD","41596762.3688615","48275957.4665694","53848540.35874","74893933.1961925","69993222.0002411","63175700.376841","67938085.0471002","70348918.7805924","90900288.3120014","84972008.6394796","88924195.0878275","111288010.202061","140446991.603665","185783993.844536","241889161.214435","413326127.886805","577239433.305199","731455472.037483","772559381.952495","896353802.001985","1117955622.16605","975581462.792181","959485440.858573","628153422.9932","512454401.205829","692472049.689441","728545632.680319","815386106.13657","917269144.795746","990555090.202011","1069720491.9962","1148445710.41342","1228526552.8756","1251786538.13271","1365250018.74448","1437898700.73909","1447128689.24308","1400949500.95045","1444959716.46388","1007810762.90081","1043423430.20629","1470317614.79253","1474874326.26173","1819230070.24998","1937523821.55205","2031131380.56246","2134594876.06275","2408350249.5627","2944958472.736","3055069441.85873","3160804832.03361","3342698955.60745","3402700835.84055","4065552316.93534","4048612524.35018","3268363375.66571","3327031889.64856","3461461531.38359","3696856944.7441","3721323837.45287","4830956393.51169","5378366535.20747","4995028073.83515","5184928399.54239","5517924399.23385","",
"Monaco","MCO","Military expenditure (current USD)","MS.MIL.XPND.CD","","","","","","","","","","","","","","","","","","","","","","","","","","","","","","","","","","","","","","","","","","","","","","","","","","","","","","","","","","","","","","","","","","",
"Moldova","MDA","Military expenditure (current USD)","MS.MIL.XPND.CD","","","","","","","","","","","","","","","","","","","","","","","","","","","","","","","","","","0","0","13345789.4034432","15354611.1613038","17410750.976516","10613141.6761316","5990984.99400901","5090797.96046388","5961865.82304063","6978372.20441399","8246742.536698","9378005.9531051","11960379.6945935","16449497.7572328","22718473.7930296","36845650.5003849","24906387.2686685","18335718.2702336","22966963.6924335","23870072.823951","26710522.1342994","27565559.8376303","23051814.5944779","27431006.0797226","30926160.5431569","37404689.5300252","43009328.5730738","44533780.6571032","51303602.8823058","52330948.6841982","94362905.3563173","110725502.000124","",
"Madagascar","MDG","Military expenditure (current USD)","MS.MIL.XPND.CD","1604193.58889704","8482781.25037978","9179552.20313304","8956747.53800845","9455019.78910526","10710827.9016257","11342782.9517972","12112471.7949549","13044200.3945668","13014516.1911363","12134982.778767","12755677.3589433","16129256.2488468","20346496.1180142","25882465.3567563","30189630.0720445","33040454.1545389","43959890.6701238","52181427.4002349","81891303.6324575","90402004.9366121","86482746.692035","","","55059872.1917297","50869844.1450621","50566283.2303279","36662411.2082229","32904438.5458086","30247467.9439206","37948124.1780416","34707087.4378868","23102633.3648969","37830790.8150602","27580945.6743395","27170664.1222985","49442905.5093875","52544736.6870298","50446576.2487595","45036442.9167064","47210934.6139638","65037565.4549594","57743396.8339932","72517018.8883416","54471710.0264332","54018162.483837","53914017.6445876","81936943.6676841","103271539.537688","70985221.4230579","56922892.8921745","71989808.0113771","68636017.8043436","71877874.4942023","69676655.2533081","58932847.7562419","59394995.9205237","66906090.1851672","73258425.2386784","76576631.109179","87357752.0692398","99185920.0335487","98149169.2229319","101866161.117001","121634246.7323","",
"Maldives","MDV","Military expenditure (current USD)","MS.MIL.XPND.CD","","","","","","","","","","","","","","","","","","","","","","","","","","","","","","","","","","","","","","","","","","","","","","","","","","","","","","","","","","","","","","","","","","",
"Middle East, North Africa, Afghanistan & Pakistan","MEA","Military expenditure (current USD)","MS.MIL.XPND.CD","1032953268.68882","1048453618.44378","1325532844.18695","1491445265.17625","1869956575.51789","2308450695.25959","2673132686.76708","3039460529.44701","3585083191.55272","4288905302.07058","5378582918.01476","5637803200.40174","5912655951.2926","8556290981.34855","13814873143.0215","16884742093.1773","19132587714.1237","32556605505.3336","35617130241.8276","37283894395.186","44564899706.5982","54160379815.5364","56201047623.6682","51355592750.4491","52805294475.6077","49554757873.9995","32479545428.0047","53139537687.6564","57043700002.1447","49011194653.9343","61128752965.2638","69605973678.9566","63049067671.3714","41852591039.2719","41981558275.4355","40658172148.8494","41973427257.8559","51919186958.533","55860101418.6785","53639984212.4019","59952783658.991","64082568528.8171","54857363310.058","57860950720.3722","65410577803.2682","73898569678.3442","82764131771.0425","97469689598.1074","113319227807.377","119133141243.695","131744340862.289","144635909875.87","160627365657.027","178685212346.791","193796497070.967","172289277633.409","148900957384.562","159378568256.894","162664258660.458","147361432260.284","143112360006.318","161115771045.068","171663296504.469","174275962102.669","200581632627.306","",
"Mexico","MEX","Military expenditure (current USD)","MS.MIL.XPND.CD","84000000","86400000","99200000","112000000","120000000","119200000","130400000","133600000","148800000","180000000","176800000","191200000","242400000","300800000","407200000","504800000","531576968.455445","437692985.836999","518287192.596399","679663588.44835","810422203.825541","1284948561.26553","858130162.743322","778556797.175546","1155945372.64342","1241863651.93559","817296611.651707","813391574.395217","981914645.573685","1153375828.26522","1210872502.31103","1459136040.92194","1824550066.238","2122980337.78189","2635284078.78831","1562615372.39288","1882873102.65874","2184061042.17234","2263223453.48751","2652912012.04971","3031454509.30458","3229469276.43396","3172268733.5076","2960496802.29864","2854385964.91228","3123454977.56449","3035131018.79037","4223037645.72391","4334654123.65113","4514233914.23391","4789031339.03134","5498458541.61133","5717035574.62318","6473144378.32759","6758693845.00224","5468837811.91633","5336875740.46474","5062076645.82129","5839521271.01987","6650808254.06726","8044880863.7379","8680832593.46947","10065268402.7818","11825909998.0324","16726425452.0934","",
"Marshall Islands","MHL","Military expenditure (current USD)","MS.MIL.XPND.CD","","","","","","","","","","","","","","","","","","","","","","","","","","","","","","","","","","","","","","","","","","","","","","","","","","","","","","","","","","","","","","","","","","",
"Middle income","MIC","Military expenditure (current USD)","MS.MIL.XPND.CD","","","","","","","","","","","","","","","","","","","","","","","","","","","","","","78955153034.196","82472452962.6542","78298180165.8","84380885128.5834","72500720784.1585","76819826302.7587","89300489649.5683","96476282018.2699","101991159391.688","101372589724.692","105614842132.705","112245490722.702","117302352809.311","116196253613.4","139082537450.854","161432397992.011","184781647620.294","173176842419.533","208431547119.089","252326562587.163","276861593269.947","314533683096.438","353406523783.049","384485955609.626","414169763113.632","435240917684.105","429982876567.635","431689783423.845","464655359635.135","488748044148.912","490790565929.617","498843424229.66","539544438568.339","586114136394.344","638085947407.392","678188056514.495","",
"North Macedonia","MKD","Military expenditure (current USD)","MS.MIL.XPND.CD","","","","","","","","","","","","","","","","","","","","","","","","","","","","","","","","","","","","","130636725.852966","83254172.2079454","78991291.1275263","66236920.4489137","69828947.9074835","226303002.332551","106309576.719741","115827201.720104","135256294.791125","127003654.35225","126008876.72176","162567237.054492","172658158.914868","158716661.451318","130021469.106429","132461994.809047","119410402.524102","126506348.703425","124185105.67971","99983659.5643541","103520137.268395","100754692.052761","119606163.967345","146093380.399578","153537482.895077","205555663.248493","220214187.362615","266629712.724026","353684979.985732","",
"Mali","MLI","Military expenditure (current USD)","MS.MIL.XPND.CD","","3922368.09916008","4342608.99377178","4375224.47513632","5174939.90458194","4647822.3789179","4636149.756999","5081280.15739773","5251146.16363379","5673928.01227876","6150439.75644259","6323435.83886305","8332407.51027664","10974072.2960756","11632496.2090526","19130897.3324063","21761874.8692195","26050146.5320742","31020668.6283547","36197478.3990372","38337750.85195","31648946.9364923","29518633.2568486","26767016.7372581","25402957.270395","29826627.1649346","37539055.0553557","44254118.4612876","48011066.0471113","46080349.0821547","52155069.5094852","","","44497338.9884978","29898866.1845625","40468959.1063172","39683160.2652321","40262546.0663493","41020286.3961814","43852596.8046075","43681247.6825062","44881650.2259771","49355225.6279879","66758430.8327598","77420331.8284638","86450742.0355358","96004895.8671996","110376888.039444","142919351.056822","144434608.395844","146786545.710784","161062674.572866","148865779.870604","153833697.676302","218118403.124955","309170682.221659","362398902.198564","460196191.968391","481728184.477863","475638185.672011","593865883.538673","652883353.286504","582017552.543412","785265008.467223","929278520.861402","",
"Malta","MLT","Military expenditure (current USD)","MS.MIL.XPND.CD","","","","","","","","","","","","","","","","","","","","","","","","","","12948712.0830855","16531995.1017929","23148953.5132234","22383605.5108486","21308781.4648833","21152027.6659552","21744818.1247103","26692690.8062996","24637705.5715577","27870262.1406315","31144859.9551321","33296174.8165298","31142214.8911819","29081268.4140846","27986620.6626388","25353948.0516936","27119323.113905","28403690.7967686","34125502.0046044","40526469.1888229","52498963.3175824","44434425.8372603","49263377.1156559","56032519.1342879","59110111.5104266","58728949.9301366","55893126.4813618","49922008.9066599","53789438.883423","56514879.9166599","51796606.4101142","59672922.9895778","64235888.1657335","66869091.0378528","80267577.2503359","86287472.9283027","87950567.6442762","79017560.3927739","112636721.535343","109254896.361343","",
"Myanmar","MMR","Military expenditure (current USD)","MS.MIL.XPND.CD","89512589.5125895","85617085.6170856","90704340.7043407","100322350.32235","97912597.9125979","107241857.241857","105456855.456855","102039102.039102","104590604.590605","114418614.418614","122781872.781873","127758749.506804","117181275.174055","152452317.457742","159999341.90502","138923723.23416","155142207.477541","169293678.193446","183429289.25931","190866354.07303","202083467.163444","205288116.626087","195419415.596713","192169991.457716","188720829.263652","196758644.695776","231843369.647958","203653743.546581","255256828.481799","550194633.775299","814025583.097738","942677085.156834","1370457676.51236","2061809623.88967","2801966891.5515","3932079180.66574","4675441101.66842","4780529107.64952","5873097951.17891","6950081055.84183","9030564408.83695","9464417217.00245","11000356815.9372","24189109502.7961","29853914082.9132","32954262250.8452","","","","","","","2969236076.31588","2366989084.91061","2372895911.61414","2552370441.82802","2455784120.1322","2221961060.22858","1529364477.94262","1532077146.00976","2498229137.93854","2642725508.60325","2489905986.68778","2493486451.34248","5011272415.12673","",
"Middle East, North Africa, Afghanistan & Pakistan (excluding high income)","MNA","Military expenditure (current USD)","MS.MIL.XPND.CD","701786602.022155","735092507.332668","1030706447.46758","1118416623.22893","1467816758.01479","1816755204.42277","1997186990.6518","2097724139.10136","2556414553.45185","2987569477.30155","3578640933.82246","3665787258.78437","3362899451.62254","4173043690.67347","9630949257.55841","12586685508.3222","14868533854.8525","16487485615.8435","17667017793.1976","14650239844.595","17093221545.1257","21585991451.0509","20261645172.6636","21246305907.0451","21832488090.4011","23186317097.3051","25297290209.3029","29141082815.5408","32624054378.5905","26374850087.7619","26783752696.9644","28552993149.695","32236287410.0363","12924703806.3602","14801046404.4593","13971312925.4517","15100304138.1522","17586781832.9533","18933278834.7452","19415153477.3173","21126424068.1667","23848579059.502","17096330213.5239","18618729812.9587","22052558163.0473","25278641974.4671","28398130610.6114","32542597879.8889","38734594411.3033","40863337347.437","44334996449.2989","50339508739.5934","54156691678.7499","55990670937.3164","56964241566.0842","53883811376.1541","51845693370.4576","54457314428.0823","51827020625.8551","46096999612.2477","42209564474.0145","45653317043.4247","46220440863.2234","53670283111.6408","58471217236.028","",
"Montenegro","MNE","Military expenditure (current USD)","MS.MIL.XPND.CD","","","","","","","","","","","","","","","","","","","","","","","","","","","","","","","","","","","","","","","","","","","","","","60811819.1314729","62347815.5056634","64190474.6262855","85106382.9787234","76683387.9054183","75094861.8956486","79376663.8168915","67712201.3018217","64836243.0774909","67544018.0425184","56891427.3039814","61714551.6100205","65734886.3769336","75365603.2010198","73962158.5311241","82920323.7205061","91137653.7369915","98011519.0118387","114260526.099714","150033208.503973","",
"Mongolia","MNG","Military expenditure (current USD)","MS.MIL.XPND.CD","","","","","","","","","","","","","","","","","","","","","","","","","","","","0","0","0","0","110838314.608565","33041891.2017593","14057102.955483","16393641.2249437","21281148.7852559","21608196.8917019","18692594.3553859","19920839.9339698","18021861.8806698","24265559.5493512","23124715.313838","25282128.4145869","24333211.2268216","27749093.0566101","29797967.2267164","39189624.4808002","56561859.1934381","66749871.3329902","37633746.0008346","54855717.5069636","87157848.1572792","113622769.928844","103464069.871976","105114434.894888","101733069.81011","96366789.8371294","87511743.4962015","88155189.4740417","93980480.3368221","95594594.1377913","97194681.713412","89801313.7445336","111467041.986021","180843441.375323","",
"Northern Mariana Islands","MNP","Military expenditure (current USD)","MS.MIL.XPND.CD","","","","","","","","","","","","","","","","","","","","","","","","","","","","","","","","","","","","","","","","","","","","","","","","","","","","","","","","","","","","","","","","","","",
"Mozambique","MOZ","Military expenditure (current USD)","MS.MIL.XPND.CD","","","","","","","","","","","","","","","","","","39135467.9154937","76333333.3333333","78000000","92283380.9667842","99294190.8655002","102992610.47877","116316977.450832","136654509.127579","148214364.287749","170669991.021274","83582418.1115877","63852700.3974116","79069105.5928304","84598999.6652635","71803523.2524905","59605412.1714252","59366482.2003799","72864691.9231145","33465088.2669406","36037790.9808123","42014622.8213036","49264817.3412157","56516191.6540771","55361458.4427866","50619215.9817616","53509586.958358","59771342.5530752","77630605.8552873","62247951.0862495","57439135.7752512","68625364.2566069","83709455.7336033","84302809.4031971","99189931.713982","118871183.035407","139100553.342967","157892114.36316","173752248.992546","134033726.386182","110463709.309065","129258386.223763","196535452.84959","217451322.290032","288258945.94244","309999693.54295","417175309.415635","404399185.336049","450448587.393598","",
"Mauritania","MRT","Military expenditure (current USD)","MS.MIL.XPND.CD","","","","","","","","","","","","","","","","","","","","","","","","","","41058571.7065577","42460504.2016807","43720551.2308757","42983864.1098686","38879724.5066285","40181617.4372589","39440703.4893796","39378674.1555475","30155786.9642236","29488165.081934","31987855.2493681","37887510.7490053","41599441.5651979","25610687.8329336","31959678.1122025","37878312.2595983","51852489.3497999","36281137.414946","62449150.2870395","0","66659636.648489","81906180.1935964","0","123323383.836476","114824329.371946","0","0","142299912.345762","144215483.467584","144844330.663143","132931217.691719","136064875.96938","143769318.593189","159013352.980386","162397954.976499","198530037.214248","230935492.879084","225352135.53644","277161496.32525","260059017.269229","",
"Mauritius","MUS","Military expenditure (current USD)","MS.MIL.XPND.CD","","","","302400.302400302","315000.315000315","316050.316050316","317100.317100317","312756.315192086","270900.270900271","336600.336600337","414000.414000414","473954.383713469","543220.699331089","643113.994711766","789047.321798046","1086812.23866729","1317065.57789246","1422666.71307991","1752316.54624899","2480933.27478436","5537271.49808245","5332041.25981644","2828236.37617843","2934342.48517879","2623131.38120186","2363606.9289299","2896096.9524149","3649578.35722384","4688302.31363998","6327951.84199137","9183570.4914724","10496859.8864065","11427598.4373394","10777425.2039891","11853856.2615532","13447369.480568","12973518.0882656","9801826.44498582","8456738.92475628","9040808.70966973","9360142.63074485","8977215.38107679","9502035.9121554","10882927.441177","10935141.9168318","10886148.046189","10814271.4322208","11632288.742627","15580188.9444976","15316115.8705624","14874416.9124622","17512018.3933672","16662229.6173045","23200896.376061","19744222.0827661","17086605.4135158","21999438.0281682","22633506.6411266","23017460.7749502","22131218.9596584","18478399.3883013","20231427.796008","17884595.9703586","19936715.8630761","23009853.3257139","",
"Malawi","MWI","Military expenditure (current USD)","MS.MIL.XPND.CD","","","","","","1771001.77100177","1848001.84800185","2133370.89170761","1881000.7524003","1959000.78360031","2055000.82200033","2343860.94977217","2697870.8964292","4711557.47489814","5304902.62160263","9362342.02675749","9205803.65406332","13625117.3958499","25570521.899389","43029681.2987986","53134112.2231854","38506688.8268612","26977480.0807193","22217303.9599578","18839590.2022103","19811238.4387179","24743830.1622185","21643561.4875449","20167493.0699254","22781135.849713","24312172.026619","23704121.1995819","25238116.3828512","25728062.7240062","17060803.0767822","11047717.5029607","20152203.0244635","26407487.1383223","14474120.3693274","14402979.4887963","11727501.4359178","12681914.697641","14815169.7949837","13118825.8537962","21965738.5810575","38213561.898328","31090549.5022571","33599605.5931465","44464251.4036848","58797381.8243641","49984217.9058656","52804842.9862952","46155953.6903969","62925520.091546","49454535.9108862","40793415.429498","35748121.98667","47416537.0668233","58369173.4379987","85181934.9548313","98863990.7621744","92570438.5525757","117546956.731674","149582336.54066","117589994.544906","",
"Malaysia","MYS","Military expenditure (current USD)","MS.MIL.XPND.CD","51286741.8872214","42466728.9512025","43773397.5343164","60760089.1147974","84606790.7566264","118580173.917588","148633551.329209","143406876.996753","148306884.18343","143733544.142531","199593626.070652","228027756.482082","251103008.980125","296726189.258103","397163356.279626","440725547.042752","439885582.533631","637879477.345121","607070689.625395","778636837.199101","1035886222.48355","1446539242.74777","1438303666.62527","1342380183.09101","1273659777.09887","1076905728.46189","894074625.015495","1334714483.02138","855741986.726644","1019255474.66812","1125007856.20011","1571959986.47307","1766520895.9794","1923398171.7811","2120597806.61977","2444098386.83916","2420963933.95709","2089087477.20559","1158657313.14835","1663289473.68421","1533157894.73684","1934473684.21053","2237894736.84211","2881578947.36842","2823157894.73684","3120337779.13913","3266197405.79797","3970537327.23988","4411795565.12172","3964817704.63896","3854285350.61113","4692483660.13072","4507252007.25201","4915722759.45679","4919245322.85852","4532069852.24432","4169374000.50693","3494832256.87397","3445043719.60008","3265281468.95385","3374583531.65159","3675489012.31587","3673788247.83366","3925419274.89009","4312858466.81122","",
"North America","NAC","Military expenditure (current USD)","MS.MIL.XPND.CD","49048995381.6233","51557591486.142","56322256358.2702","56171307476.0115","55089784341.1511","56136495803.1995","68057174354.333","80173942606.702","86126297035.3938","86760274181.9462","85297150922.795","80315639604.5052","82941807997.1814","83832855362.7123","92088385869.1017","95261844243.8356","98297056814.863","108417393497.934","117351222226.128","130964072854.408","148432757123.749","181700003462.262","227690864040.092","230374269077.394","252498964052.473","279623792631.451","303326360543.433","312781095850.685","319558604985.234","332613693496.958","336543945832.925","310711282413.826","335822539078.744","326988266369.451","317661377639.788","305030001633.029","296576553150.179","301112965973.837","298744663072.415","306305669862.246","328385709441.92","340181181997.019","386958538035.058","450490315187.705","504335865990.453","546191132963.623","573144892802.99","607003139931.105","676098058404.558","724853226051.964","757320688825.037","773681720863.722","745657107110.974","697744731209.944","665642640477.685","651767280894.741","657639218543.074","669022623323.323","705220727580.34","756738975659.382","801479974049.217","831592440829.346","886260143876.042","943242353114.123","1026655897810.22","",
"Namibia","NAM","Military expenditure (current USD)","MS.MIL.XPND.CD","","","","","","","","","","","","","","","","","","","","","","","","","","","","","","","156919128.673686","144767719.786189","124561274.329333","70155520.3290347","56958995.1560212","68236520.1856033","66463535.1855513","83659580.3783019","78912428.4587611","105765957.168204","92397796.4878102","96757182.4494319","87992258.5786523","129449089.527083","166997177.883149","192072120.805179","199559185.120098","228174673.579954","266250021.183312","299516030.244274","396539101.406596","443591424.475254","412163503.642522","389958736.662434","537456013.694723","518203685.056455","425388449.607111","456081144.821039","455569084.303806","414059489.986834","368224738.887539","400199634.567233","365631268.764472","339405131.876536","362392304.29255","",
"New Caledonia","NCL","Military expenditure (current USD)","MS.MIL.XPND.CD","","","","","","","","","","","","","","","","","","","","","","","","","","","","","","","","","","","","","","","","","","","","","","","","","","","","","","","","","","","","","","","","","","",
"Niger","NER","Military expenditure (current USD)","MS.MIL.XPND.CD","","","","","","","","","","","","","","","","7330399.9290757","8181627.95563926","11010257.245197","14774701.3152763","17482911.9696129","17039000.3786445","13984418.4137989","12781263.8844087","12354815.1763736","10632625.1782212","10877815.4444056","14412109.5216369","13662211.3084246","","","","","","","17471024.2162805","18431407.1177286","17398035.7813086","17304328.3093671","22035691.039271","23550468.6543262","20084946.6835961","24828146.9335192","20660327.0070647","24604267.0337233","31611724.7319155","32798198.1845344","","","53630486.4840723","53000300.72895","66889841.4422636","83947561.3839522","148865779.870604","106064286.292608","145600369.857069","","166192292.328363","200183929.970367","229639906.143836","247632082.845528","238269588.33649","202404477.202902","242507046.323759","331917310.325695","435880522.487372","",
"Nigeria","NGA","Military expenditure (current USD)","MS.MIL.XPND.CD","23379990.6480037","28279988.6880045","38639984.5440062","45499981.8000073","54319978.2720087","65939973.6240106","55719977.7120089","239959904.016038","369039852.384059","684459726.21611","662339735.064106","639259541.899065","904095638.361745","1020223591.91056","1351141235.19314","3028584797.44989","2644426038.26039","3138198948.03948","3022642269.76791","3070825338.11694","3029915084.83287","2135475014.08432","1651914513.23833","1627393326.98334","1210916249.52546","1091662993.10564","516893509.335887","201691218.214958","271106046.546484","170705511.267894","277297783.483801","243705781.024049","173657679.322943","289231103.900224","319694489.907256","639406630.64676","701412878.580176","818784525.338","1149684729.96436","491671368.589997","368644109.462423","570632287.761505","896913201.413193","587461887.294733","639990066.823189","674208144.79638","776148058.327892","971321378.608673","1615533210.73676","1504486172.1132","1990099668.65827","2384936021.71384","2316478199.86159","2418760170.87063","2357671219.29062","2065557663.35091","1723204266.39515","1621218176.40317","2043051719.21673","1860260429.56134","2567917819.04386","4466397815.79541","3109384939.12352","3101259562.89729","1133303623.27648","",
"Nicaragua","NIC","Military expenditure (current USD)","MS.MIL.XPND.CD","","","","","","","","","6891062.97072754","6988120.19566737","8346921.34482491","8443978.56976473","10967466.4182002","10433752.9481418","14995341.2532029","18537929.9635065","25234878.4843544","35231772.6531563","44549266.2473795","32278195.0033354","47159888.987657","71927312.7005992","","","","","","","","","1142475979.61993","67668345.4972453","47200000","40210589.6189068","35401494.5975534","35119851.4629075","31533400.5097505","30270700.5021126","26271274.5348189","26927929.6825383","30825265.6806786","28193450.444589","34831910.0713619","35307124.9817936","32628065.1557363","34123573.9513425","37285145.1337507","39472043.7975987","42659728.7824116","41721772.9049387","44272442.9210916","51453111.1339038","70132969.8004391","74532010.9372725","81391929.9411777","98932947.1510318","85073598.4439089","86725444.8392143","81593932.6938754","76931506.8493151","79343309.6033706","77919650.3033963","84214047.8636538","98592936.5029424","105264016.309888","",
"Netherlands","NLD","Military expenditure (current USD)","MS.MIL.XPND.CD","454719432.137141","551530519.833364","603866851.7301","637373073.270509","735383641.366547","749993912.387075","770691796.332822","883921396.74191","905836803.272701","1017240119.80422","1079942532.93399","1249389090.08885","1522236183.49229","1917119276.03522","2285358296.30965","2814545010.93577","2898055460.62995","3704801156.51573","4226968876.26796","5038015817.1286","5269306825.3363","4527100426.5767","4829535607.29229","4256634366.67567","3977294579.81924","3884181821.80083","5351016847.00972","6542917224.65604","6728811707.4389","6399237698.5896","7420849635.78912","7246192325.00961","7904561273.35182","7054868961.85133","7137373800.97303","8011539559.49845","7829004727.93771","6839136798.54718","6836084823.12962","7026433290.32725","5971807628.52405","6200391942.80141","6728153969.22498","8356338470.08128","9377114724.37963","9566980052.72845","10217765740.3144","11480377423.5668","12374848939.8323","12131812075.6887","11220523280.0694","11647934608.0864","10364720786.7464","10226260324.8451","10332602877.9244","8667849617.38938","9115240931.64471","9580685498.2163","11114927469.5183","12000671742.0511","13085717542.4598","14395695364.2384","13632443393.6069","16624820117.4584","23179211260.1708","",
"Norway","NOR","Military expenditure (current USD)","MS.MIL.XPND.CD","148119940.752024","165059933.976026","191939923.224031","205099917.960033","219799912.080035","265579893.768043","272579890.968044","293579882.568047","321999871.200052","350279859.888056","388359844.656062","428293444.786002","491632831.176716","607891665.206917","710867536.387284","912771143.34582","977362861.310872","1114680191.60327","1307453860.46068","1453771373.61845","1668684529.13618","1649618172.97992","1697544015.13473","1698789946.23354","1554623805.05449","1796625192.06768","2168162775.1618","2753415609.76334","2894745725.78096","2932580201.31798","3394869435.47176","3287551635.52339","3803684930.4047","3175583193.42893","3403291213.13538","3508040838.74756","3537003415.60449","3253032487.91246","3324939364.62075","3309198286.48433","2922343509.99336","2965973986.97681","4065868548.48205","4517514992.47199","4887380337.43619","4884904928.2111","5011748966.60549","5875288100.49013","6370921985.8156","6195603602.22825","6498659038.37913","7232260585.48231","7143962183.06833","7391829787.23404","7336785328.3336","5815228174.60317","5997385047.52171","6853260032.98516","7541055169.17745","7542135789.83282","7225183140.46077","8435121610.61329","8697821939.02253","8797762486.63076","10435320375.7091","",
"Nepal","NPL","Military expenditure (current USD)","MS.MIL.XPND.CD","","","","","","","","","","","5185185.18518519","5891358.02469136","6503703.7037037","7152747.93487084","8446969.6969697","10529138.0375904","11876000","13208000","14867263.944511","17300000","20083333.3333333","21959582.6949734","25491173.2282275","29081758.9307813","29211271.3707669","30532050.1578394","31053048.0739338","33928833.3211117","35789121.1376947","36331136.3502619","37929191.1253967","35431485.7066166","37607537.8943056","37041837.4232624","39252998.6335341","39766584.5061601","39547026.0354195","42587851.9897603","42273075.8854004","47484957.3706686","51358135.3085642","64701738.3751416","85405885.7217701","102934146.206926","130650327.932937","159326023.750306","157247689.52493","169575397.124144","187069695.835967","209703501.957568","254950072.106677","284518851.062623","256686839.473598","281038425.693598","328115662.238927","323797729.640271","356495278.640587","436745563.546622","429373005.932663","428696895.057622","434381673.461464","453263783.607849","454509775.336887","436462923.87932","426517834.461529","",
"Nauru","NRU","Military expenditure (current USD)","MS.MIL.XPND.CD","","","","","","","","","","","","","","","","","","","","","","","","","","","","","","","","","","","","","","","","","","","","","","","","","","","","","","","","","","","","","","","","","","",
"New Zealand","NZL","Military expenditure (current USD)","MS.MIL.XPND.CD","101219676.097036","96678751.2194031","96323106.1438221","100042547.629708","123402030.606484","126982427.550842","148221481.26931","149591230.887079","135520021.683203","147560023.609604","171920027.507204","180841169.784024","206172013.195009","246331492.972427","291444123.102643","292259947.351158","271671526.236703","307431743.844086","388573502.345957","436892310.899722","676939260.529084","660354444.434806","608767756.507905","567555469.444203","530331804.602067","529191398.508429","691134040.017563","925756538.570484","961838312.368973","959602906.43782","1057749671.87686","989033810.015518","870398917.171109","866788074.638883","979531816.995944","1146415728.27257","1238271986.80276","1180888906.52068","969356349.524957","970306041.9875","858414919.473911","796636889.122438","865788852.968518","1091067206.43873","1193495610.74877","1290641961.84914","1359530752.05294","1591740762.99788","1534982791.09377","1462024510.98675","1756916553.18014","1937686540.63406","1953081553.6183","1952413462.24814","1994775497.22439","1734778849.00364","1921815616.69147","2145345647.77","2302338733.47458","2726151285.43177","2810182349.12395","2905571074.96464","2829085839.02203","3029024714.66575","2998527517.58211","",
"OECD members","OED","Military expenditure (current USD)","MS.MIL.XPND.CD","69532318303.876","73435438276.0039","80866041100.3605","82918918148.7876","83390648071.4075","86057742345.3504","100027981269.143","114352819008.253","121240622334.148","124025458091.563","125976068422.358","126021823076.05","136615149800.949","149642023259.532","167295659573.536","182875293436.487","188996022723.57","209960132941.141","230612739374.33","255188841705.766","291370382156.572","318708482734.252","363216570450.218","362428509807.805","380446118586.719","409463411766.813","469179979621.958","512139850365.491","537182455014.366","548044489448.629","589465275464.136","573919745771.496","608466998617.021","583823754790.398","582576529347.918","591409167566.605","581810048311.523","567486144984.231","559836437382.747","574320709341.46","585024835796.652","587540159426.703","651308169227.639","761088363301.147","853116638153.808","907229986196.6","946060652346.023","1024796621426.41","1131462315431.92","1162826726160.27","1200634270227.41","1243128713521.05","1199515207867.46","1146015685253.68","1118222576936.7","1051213092561.01","1065396950639.65","1092725750870.24","1163637612055.69","1221360198620","1290810469755.86","1368156052074.54","1402804205346.01","1536190237058.62","1728774428175.99","",
"Oman","OMN","Military expenditure (current USD)","MS.MIL.XPND.CD","","","","","","","","","","","","29065079.3001273","54524419.3833334","89826506.5188379","255573248.407643","523306311.522872","589099594.672843","514837869.137232","574334105.385061","584105385.060799","883757961.78344","1133468442.38564","1261580775.91199","1457006369.42675","1580789642.06406","1617713053.17101","1305689796.90142","1139141742.52276","1148894668.40052","1171521456.43693","1447919375.81274","1254811443.43303","1517165149.54486","1439921976.59298","1520091027.30819","1513849154.74642","1437191157.3472","1482054616.38492","1318205461.63849","1340442132.63979","1577243172.95189","1819895968.79064","1868465539.6619","1969310793.23797","2230689206.76203","2739011703.51105","3022626788.03641","3244603381.0143","3462483745.12354","3367490247.07412","3671391417.42523","5000715214.56437","9250650195.05852","8766319895.96879","8213524057.21717","7533550065.0195","7935955786.73602","6802665799.73992","7565344603.38101","6551040312.09363","6095708712.61378","5783615084.52536","5783485045.51365","5851755526.658","5988296488.94668","",
"Other small states","OSS","Military expenditure (current USD)","MS.MIL.XPND.CD","","","","","","","","","","","","","","","","","","","","","","","","","","","","","","","","","998600143.576738","621255404.83768","697038758.531774","741683874.813287","929960701.180652","1064900733.6725","942675198.374381","727938713.890392","706016012.111376","736627316.934188","696451409.791725","839934611.361969","896716220.50002","1092535683.92789","1181554027.98297","1368625798.83432","1550641070.23376","1455035443.47276","1493003458.34529","1582755887.4245","1540595437.69994","1559466179.67575","1693451847.00737","1478767276.73864","1478597816.34761","1540663106.1004","1737063975.90801","1845895646.56997","1971705472.48413","2116377910.31548","2143830466.0313","2663778049.74385","3050755014.75301","",
"Pakistan","PAK","Military expenditure (current USD)","MS.MIL.XPND.CD","208845208.845209","210105210.10521","200340200.3402","219660219.66022","257880257.880258","439635439.63544","549675549.67555","478275478.275478","492555492.555493","552720552.720553","635250635.250635","739410739.410739","478207381.775708","477624634.164645","609191919.191919","771161616.161616","833181818.181818","913585858.585859","1031868686.86869","1181818181.81818","1429292929.29293","1737373737.37374","1852711542.51952","1985972402.22612","2114435830.07625","2143969262.44946","2282625018.77159","2500172425.68453","2721723239.62829","2580142638.07414","2810101624.33087","3067123794.15818","3388776372.65377","3308760744.5779","3320617929.37389","3665932426.75246","3547799671.27419","3320238862.60535","3218881738.28494","3080764514.44121","2973072721.91798","2842046790.42489","3273401893.38254","3722814794.29284","4128195489.36711","4587117425.1653","4969197611.46682","5342575137.68038","5226678786.50153","5274564970.76961","5974613176.07619","6954787511.26317","7478831888.57671","7655678989.26487","8676510710.11249","9506441631.23121","10004709598.8137","11378168955.0744","11537426075.7681","10223117331.0075","10241024484.5759","11649407810.4994","10358138590.2913","8626157588.37011","10165952756.2448","",
"Panama","PAN","Military expenditure (current USD)","MS.MIL.XPND.CD","","","","","","","","","","","","","","","","","","","","","","","","","","","","103800000","102900000","101900000","73100000","78600000","78800000","95200000","101000000","96600000","101200000","118000000","104000000","111600000","0","0","0","0","0","0","0","0","0","0","0","0","0","0","0","0","0","0","0","0","0","0","0","0","0","",
"Peru","PER","Military expenditure (current USD)","MS.MIL.XPND.CD","49085687.4926738","63020431.2984073","66368381.8046234","97315436.2416107","120432513.049963","132736763.609247","145041014.168531","243980653.458211","113178294.573643","128940568.475452","218087855.297158","247286821.705426","276485788.113695","364341085.271318","454780361.757106","710909865.546385","778394355.385449","1031640129.7326","665178542.875234","520650234.292605","948572813.349258","994511245.080721","1268695336.79202","927159637.241117","666310916.249621","666976464.478036","867538985.481269","1455232302.59328","736618231.495281","862654199.43815","777066944.849536","697734627.831715","904617804.997472","956586464.955339","1111161731.20729","1413463629.38407","1396469288.6811","1178753608.06555","1141808873.72014","992217726.322883","912005730.659026","904235449.10931","839613251.812882","891253913.358459","922046074.47036","1203039421.37744","1291060139.52319","1332655375.70731","1503663891.38051","1848562930.06419","2178945723.33363","2355167833.84937","2857983382.19855","3305451871.31792","3217574656.89716","3312214570.18629","2536072334.8143","2665785313.29571","2648683287.36167","2766847335.14002","2653592900.08589","2657501774.59326","2799190985.0433","3308611848.31344","2565268613.71996","",
"Philippines","PHL","Military expenditure (current USD)","MS.MIL.XPND.CD","123821339.950372","128712871.287129","82889601.2446853","94235401.823845","93605898.7061414","93114395.1273544","109615384.615385","129487179.487179","153846153.846154","189230769.230769","155055171.187345","161310133.696948","196259385.992773","301201252.760395","521518532.3231","","714759968.065632","754442226.070606","622746328.959944","874273979.844257","879326572.969461","982322001.607666","964637002.34192","800165576.322586","513453143.059041","609330746.534962","593798594.11254","652382133.150522","931561008.215334","954928761.035484","951481869.97388","913219741.908249","1078843704.06663","1173017500.12906","1392199021.8494","1700402496.64586","1879303176.29243","1576447115.27042","1225561280.50943","1341016654.30172","1303077685.47914","1122103991.55956","1199121766.69845","1301286084.05761","1243221347.64694","1372702435.30512","1607271267.46346","2014371029.11477","2270904919.08319","2115785124.48694","2438189568.98405","2701492158.26159","2898685257.45463","3377027861.15129","3103131460.15886","3335550049.02957","3331502847.06337","3836464209.62757","4107401278.80522","4268129892.72253","4693073497.10808","5546091354.063","5321933197.64622","5142604807.85825","6117535232.86185","",
"Palau","PLW","Military expenditure (current USD)","MS.MIL.XPND.CD","","","","","","","","","","","","","","","","","","","","","","","","","","","","","","","","","","","","","","","","","","","","","","","","","","","","","","","","","","","","","","","","","","",
"Papua New Guinea","PNG","Military expenditure (current USD)","MS.MIL.XPND.CD","","","","","","","","","","","","","","","","7933048.21486779","21985174.1975033","22276752.3199159","27421800.6136051","30150739.6485036","38795968.6770619","38248532.2460091","","","","34289370.2952085","37450561.7584264","42383569.0974437","46294747.8412508","53074242.2248797","68691099.4764398","52642141.6630504","58569676.6642859","68596992.1599056","83255878.3396286","56405488.1860232","78744873.2819335","79556597.1473675","49720532.9886815","35678026.4278796","33606981.6257872","25230765.5988102","17020861.4661046","19307132.1331855","24421729.4432342","30464707.6838763","31307966.3562042","39287099.3306018","39332022.2659245","52048171.7807444","46335624.3725384","64193136.1425914","110623185.275838","105100890.617551","112375755.926034","99840642.6789849","79051319.3098808","80860755.5171601","79956905.785118","91734539.9698341","93461981.5668203","87785527.4629468","132790940.612421","97049257.0231916","91005056.1232259","",
"Poland","POL","Military expenditure (current USD)","MS.MIL.XPND.CD","3550000000","4025000000","4375000000","4950000000","5200000000","5525000000","5975000000","6275000000","7225000000","7975000000","8525000000","9452062887.04014","10054347826.087","12059701492.5373","13162650602.4096","14337349397.5904","15572289156.6265","17379518072.2892","10292598967.2978","1936746987.95181","1506218238.81022","1567860808.36714","2122035928.42609","2195521572.91098","2313670081.24338","2140789169.64565","2173578188.91304","1765484772.69384","1783781523.92543","1493906252.17138","1540736842.10526","1721995820.76569","1881935067.22245","2123378415.67762","2251923178.48153","2719362633.91863","3083416787.21116","3192276376.89866","3491022616.10174","3226555351.37669","3146106712.50118","3630645594.66523","3776173214.41264","4150261758.56501","4778627749.04037","5896404861.10253","6619413758.87805","8589136364.45745","9349421394.29862","7903812008.43552","8790170132.32514","9455422988.00142","8986838792.09222","9275711727.44588","10345153574.8722","10212785780.6075","9164190586.63773","9870680628.27225","12040673422.9565","11786153846.1538","13718291431.5033","15295541731.4671","15341313422.5328","26342764301.5826","38000728652.37","",
"Pre-demographic dividend","PRE","Military expenditure (current USD)","MS.MIL.XPND.CD","","","","","","511524328.034718","516349912.670782","680726858.129137","898872214.605255","1360301692.20584","1467438144.45632","1536271618.79295","1888890410.72593","2286722213.88904","3533736306.84836","5467924060.99976","5321747700.05462","6392103256.86951","7216037975.5602","8117134536.58062","8746175572.97954","8761679184.25193","4181250346.27957","4094395507.03085","4134648967.39892","3958073882.33025","3567854199.24966","3622240295.44166","3858892358.026","3682941984.66503","4771894025.3061","4050240467.25183","2689576654.04086","4226109874.05472","2251644395.80663","2087386761.6254","2303553762.58001","2707359210.3249","2922066698.26179","3551392338.65376","2943330107.3567","2764998588.20394","3283060416.27731","3666436814.27164","5583515254.08732","6789188260.10757","9024601397.96548","11673511873.1867","16763321513.909","16453773430.4582","14671331417.3846","16147974376.0728","16385564269.885","23465402716.1452","24202158510.7714","24404195885.8317","19842067953.0788","23125027837.7841","18817512427.1891","19456967845.5116","18697384784.9505","19973220854.1773","19369387850.8993","21850712003.1068","22167041478.3118","",
"Puerto Rico (US)","PRI","Military expenditure (current USD)","MS.MIL.XPND.CD","","","","","","","","","","","","","","","","","","","","","","","","","","","","","","","","","","","","","","","","","","","","","","","","","","","","","","","","","","","","","","","","","","",
"Korea, Dem. People's Rep.","PRK","Military expenditure (current USD)","MS.MIL.XPND.CD","","","","","","","","","","","","","","","","","","","","","","","","","","","0","0","0","0","0","0","0","0","0","","0","","0","0","0","0","0","0","0","0","0","0","0","0","0","0","0","0","0","869629629.62963","912592592.592593","961481481.481482","1604444444.44444","","","","","","","",
"Portugal","PRT","Military expenditure (current USD)","MS.MIL.XPND.CD","79415853.3328803","129287745.313144","150879588.72593","150352958.398789","169469639.274011","175473225.00342","194221264.649644","251518644.242597","280857219.767629","283142795.387421","329349340.290783","391420967.862432","447930659.675905","515567326.884812","746300307.260984","588076674.62434","470799772.4492","435661721.777063","470166317.128535","530137009.516197","655377981.586798","637048883.404744","606436537.693007","523320264.536747","474622276.255586","493594816.168755","706690056.391344","853845582.968332","1017899063.98386","1099988585.9135","1416083169.93332","1597556798.8274","1912679509.68754","1655575218.56563","1641548411.42883","2016499720.1793","1964184856.09052","1803958424.17472","1763863840.30228","1817405621.2408","1664674242.89918","1755718394.78689","1965227762.20599","2363340458.71829","2847156258.34249","3142565786.20106","3153770788.35488","3309436410.37012","3714798403.3398","3738315160.38914","3540186346.50915","3651882589.26399","3039982320.30569","3262259363.56068","3002398602.04712","2643894865.25452","3178346408.51535","2719739269.42303","3245871841.17654","3299373040.75235","3267981306.28063","3882450331.12583","3566560367.53136","4236152825.61441","4641618584.64707","",
"Paraguay","PRY","Military expenditure (current USD)","MS.MIL.XPND.CD","7088541.5940611","7187461.3157632","8276810.92143356","9208934.8108216","9815376.85933912","11679624.6381152","13588794.0501148","14936443.0468204","16621004.2927024","17856349.2063492","19316666.6666667","20750000","28851587.3015873","30915873.015873","31434126.984127","43488888.8888889","46757936.5079365","55486507.9365079","69522222.2222222","63530158.7301587","89326190.4761905","131942063.492063","208026190.47619","221221334.920635","172997512.437811","158363306.126841","191435349.311696","116922830.909091","178435818.181818","98142356.7059893","112234255.698035","197613496.807981","169556285.205336","157930499.273865","161100272.278829","206926409.311294","202012224.837222","167982106.865488","139262988.039667","116553254.85737","110248167.1987","91298893.9250821","69892741.2933427","63511880.0569179","84466986.2603802","77468937.966578","106557406.138984","132393616.175746","168154857.399547","168486261.904906","204605254.822129","285106240.844392","320909756.560571","371215575.362154","398370830.477549","386538864.264704","343232340.562483","348179657.473011","386556389.586348","375779511.383923","364342199.983714","372601369.313781","365688252.57561","397579485.362559","413971348.08491","",
"West Bank and Gaza","PSE","Military expenditure (current USD)","MS.MIL.XPND.CD","","","","","","","","","","","","","","","","","","","","","","","","","","","","","","","","","","","","","","","","","","","","","","","","","","","","","","","","","","","","","","","","","","",
"Pacific island small states","PSS","Military expenditure (current USD)","MS.MIL.XPND.CD","","","","","","","","","","","","","","","","","","","","","","","","","","","","","","","","","","","","","","","","","","","","","","","","","","","","","","","","","","","","","","","","","","",
"Post-demographic dividend","PST","Military expenditure (current USD)","MS.MIL.XPND.CD","65010677163.3054","68495093254.1574","75505474020.3614","76894538881.825","77035160957.3081","79284442213.3911","92707439082.9946","106429357292.325","112254027164.501","114048413082.92","114951365317.812","113686139240.008","123302826647.147","132766175427.35","147930106042.759","161389973940.902","166033195008.852","185201265688.326","212761049775.446","244558202564.241","280060092267.139","305763709633.478","350530838176.122","350784886591.412","368854506127.971","398616934544.483","457868192363.02","499427844474.094","523665740746.137","537687583720.631","574971598509.538","555432585823.975","590994812273.815","564552527744.998","565618811040.675","573904701215.062","560942150244.794","548005613166.131","538250822599.982","551375205537.587","560861603098.802","565091753790.747","628035752941.961","736375924567.298","825659172818.973","876825852248.437","913456015921.052","985084603680.284","1085397552476.32","1119253027020.51","1152002774452.35","1192597260047.14","1148715461974.57","1091467472743.32","1062433936992.74","1002303993331.29","1015118892644.59","1038680717217.91","1105335737857.63","1163507895206.91","1231851307718.3","1306105662752.99","1376988172889.07","1512902819506.44","1660855724435.86","",
"French Polynesia","PYF","Military expenditure (current USD)","MS.MIL.XPND.CD","","","","","","","","","","","","","","","","","","","","","","","","","","","","","","","","","","","","","","","","","","","","","","","","","","","","","","","","","","","","","","","","","","",
"Qatar","QAT","Military expenditure (current USD)","MS.MIL.XPND.CD","","","","","","","","","","","","","","","","","","","","","616740088.105727","1059505494.50549","1467252747.25275","905192307.692308","874862637.362637","1528873626.37363","","865412087.912088","982554945.054945","848461538.461538","790796703.296703","895631868.131868","","","","","","","","","","","760989010.989011","784615384.615385","772362637.362637","887500000","1065741758.24176","1562225274.72527","2317500000","1948351648.35165","1876758241.75824","","","","","","","","","","","11593406593.4066","15412087912.0879","","","",
"Romania","ROU","Military expenditure (current USD)","MS.MIL.XPND.CD","740833333.333333","794666666.666667","902000000","904833333.333333","949166666.666667","1034000000","1076000000","1123833333.33333","1255833333.33333","1380000000","1542000000","1618333333.33333","1824593128.3906","545381021.804599","565500000","635500000","691500000","717000000","834413568.479646","860000000","755555555.555556","915333333.333333","989333333.333333","888319701.953023","731196135.374668","2050007583.97797","2307873265.07113","2272446245.7924","2524357528.59514","2572110229.46601","1739025771.1048","1377194084.87286","831620409.60796","722451519.700652","936686222.501496","983140541.391249","874451238.88698","1074785782.24706","1254227892.71236","955337576.959199","935569610.340555","985657655.673622","1056136062.48903","1250327559.25434","1530183903.96058","1975975151.44235","2251493424.65948","2607689941.55644","3000404945.09421","2225144539.94812","2086220460.05224","2379871482.4133","2102886223.40119","2452512981.08128","2691470287.45885","2580594158.27577","2644159836.08537","3622068491.8065","4359021208.90509","4613040396.88164","5052321470.65755","5300529355.14918","5187965337.04387","5628033535.95184","8715729594.3219","",
"Russian Federation","RUS","Military expenditure (current USD)","MS.MIL.XPND.CD","","","","","","","","","","","","","","","","","","","","","","","","","","","","0","0","0","0","","0","7766720078.41342","13547871733.4246","12741629470.4057","15826340651.8084","17577353180.6466","7955730400.98588","6469035211.35342","9228204143.73676","11683151344.7726","13943825063.4002","16973739085.1036","20955413570.6279","27336977273.6915","34517781618.918","43534994996.2472","56183785393.2539","51532116797.5199","58720227608.7579","70237523951.4946","81469399931.2577","88352896463.5598","84696504653.4978","66421822179.9206","69245294552.8466","66913033536.7831","61609204756.4171","65201335848.3565","61712537168.9371","65907705047.1045","102366636459.68","109203624738.379","148967275140.483","",
"Rwanda","RWA","Military expenditure (current USD)","MS.MIL.XPND.CD","","","","","","","","","","","","","","9365839.70830056","7786746.39836091","9319735.1894778","10297663.2859957","16062942.5517876","14393007.3227777","19633017.1517821","23552267.5593367","28682783.331402","28175370.7285622","28024671.7013255","25460676.6234673","27250728.4310336","34889469.1115173","36093359.4762687","36626347.1628316","41622478.1344745","95132735.4335092","105333802.051708","88570170.0027625","89436136.3589093","40510575.3923129","56449336.7202935","73658822.7625318","77272576.5263821","87091837.061419","80852363.5840954","61329857.1193956","56885903.1314335","51118614.1175728","45196268.982898","41215761.0455642","44996351.8893986","54557648.039731","55580440.8040881","67660359.6239547","75278486.0541411","74514417.2864531","75383928.5565552","79793910.0920567","82480715.5803265","90937793.2166852","103563214.70551","107278618.685189","115716812.449004","118959174.046815","124073352.626892","147873731.887278","167837803.023925","176431664.557581","179433009.477331","175924380.585353","",
"South Asia","SAS","Military expenditure (current USD)","MS.MIL.XPND.CD","698418698.418699","765471765.471765","1081285831.28584","1809367059.36706","2000593250.59325","2140463890.46389","1676437671.69292","1503444765.49594","1601171892.98829","1707296762.52204","1859193890.56921","2293406405.37838","2503748409.39086","2610827029.64223","3004578772.69795","3445485279.05008","3435744098.91402","3646893085.51874","4147503910.94761","4771363468.09519","5638959723.81121","6102757382.91306","6538248360.65073","7137607534.3354","7285982092.32796","8011451380.06134","9991955820.18687","11426346379.332","11879690486.6827","11130606983.4327","11135011485.832","9317014500.98834","8875328046.14473","9116414262.44838","9904254151.92","11177990333.9891","11350284198.8524","12888179136.6732","13397905129.3221","15311474142.4736","15901797901.6078","16045842281.7072","16088547249.2549","17698059335.9906","21759163507.1835","24649528442.2105","25730349483.1831","30432629881.0359","35730829448.4513","41712881422.7482","49502046923.6797","53473196022.1227","50771934591.7388","51333397708.3949","55512794684.3242","56492429531.51","61975328079.1281","70128748522.5897","71975712858.6599","77806193773.1299","79509069930.3185","83191426851.3176","85647605251.372","87678412764.9302","91920368329.151","",
"Saudi Arabia","SAU","Military expenditure (current USD)","MS.MIL.XPND.CD","140888888.888889","71555555.5555556","84222222.2222222","113777777.777778","123555555.555556","177777777.777778","300444444.444444","336222222.222222","338666666.666667","429333333.333333","471555555.555556","587274311.70782","930574823.571989","1565589935.76306","","","","11584767351.4777","13404087587.8055","17616726770.6883","20724493047.2475","24399927864.2192","27095797466.2867","21872720536.3035","22672050990.2634","17656965219.4559","","14460266666.6667","13354666666.6667","12749866666.6667","16355466666.6667","16355466666.6667","15360266666.6667","16451200000","14279733333.3333","13200266666.6667","13340000000","18126666666.6667","20861600000","18320000000","19964266666.6667","21026666666.6667","18501866666.6667","18747466666.6667","20910400000","25392038600.7238","29580507343.1242","35469513008.6724","38222933333.3333","41267200000","45244533333.3333","48530933333.3333","56497866666.6667","67020000000","80762400000","87185866666.6667","63672800000","70400000000","74612266666.6667","65362666666.6667","64558400000","63194666666.6667","70920000000","77765333333.3333","80330666666.6667","",
"Sudan","SDN","Military expenditure (current USD)","MS.MIL.XPND.CD","18667432.5100517","20505456.6341183","24842044.801838","28144744.3997702","41872487.0763929","56375646.1803561","50315910.396324","52268811.0281447","57725445.1464675","87018954.6237794","108271108.5583","109994256.174612","107983917.288914","113153360.137852","111430212.521539","119471568.064331","179207352.096496","216538485.838843","175916407.914119","239999813.592378","228000000","203987417.197213","172214638.244251","230769230.769231","355384615.384615","205293356.8285","260000000","310333333.333333","369333333.333333","","1177777777.77778","1365798114.91107","183718440.712828","257981093.940269","226167004.478452","138756425.66202","106332797.671871","97731859.3168924","259957570.143724","429617897.44605","587267572.329197","388091317.423136","484607263.032365","398110221.738581","1240766949.07039","1164995936.06069","1647839194.37107","2427072594.74802","3228000000","3180483009.73066","","","","","","2279621639.5619","2748511976.24707","4382998816.69717","1047878719.98741","722256177.420763","934311153.803525","375212619.388697","","","","",
"Senegal","SEN","Military expenditure (current USD)","MS.MIL.XPND.CD","","","","","","","","","","","","","","","","","","","","94390801.1395154","96502271.8667172","86843238.3496914","73072311.5220051","70617688.2744721","65136844.1288273","64966400.5270855","85476428.3610449","99871230.4974096","105288603.583036","99602517.8051961","118215708.960021","110014994.310669","109772868.088193","119937986.248203","66146738.5920516","80915880.6606457","79774881.1460028","70800402.2828007","75090854.8492081","78285006.1474844","62361652.6399766","68891286.8210286","74361395.0311914","96856503.7852718","107553687.876809","124403755.2989","148555145.44168","192807975.512606","216870289.523342","214824242.988992","195732892.906394","230190350.650397","196661489.010376","236737915.958222","239893634.512306","214827965.170344","304764264.245112","305441261.623352","385132363.102436","356820796.02975","345637478.930266","483224913.09553","421013743.846819","448993705.877196","514941285.308382","",
"Singapore","SGP","Military expenditure (current USD)","MS.MIL.XPND.CD","","","","","","","","","","","103635151.998223","128085357.458944","150044444.444444","198891497.820841","225904541.481491","269156159.068865","306272360.816564","380523899.319505","418861751.435783","452160437.053933","560080515.222701","681003838.707998","738310856.90788","732945268.687442","918624711.684512","1049587528.12308","1021162660.39625","1052360421.27656","1205886445.17546","1410452965.24566","1801901209.91101","2022806865.21374","2332148535.5777","2481448703.11117","2797163882.05101","3672797697.15955","4100238291.11231","4457304301.56047","4466270315.48757","4493173880.20956","4330726931.01928","4309127542.24991","4528116430.89708","4723679527.94774","5043396460.83669","5463830809.90147","5830527461.87686","6518528962.9089","7454324102.73808","7537761857.94529","8108851420.23161","8922267805.18056","9171948018.69278","9345680492.28802","9596602344.02747","9383830669.35792","9873331564.27443","10178706550.0118","10581915690.0465","10402584310.8504","9801649746.19289","11017572598.6597","11996550573.4536","14181464336.7468","15061025802.2031","",
"Solomon Islands","SLB","Military expenditure (current USD)","MS.MIL.XPND.CD","","","","","","","","","","","","","","","","","","","","","","","","","","","","","","","","","","","","","","","","","","","","","","","","","","","","","","","","","","","","","","","","","","",
"Sierra Leone","SLE","Military expenditure (current USD)","MS.MIL.XPND.CD","1959999.21600031","1930599.22776031","1983799.20648032","2155999.13760034","2353399.05864038","2505998.9976004","2539598.98416041","2883153.57349487","2658001.06320043","3297601.31904053","3986401.59456064","3770637.40982604","4234610.66807196","5022404.82542856","6779970.09799395","6526389.84449494","6020631.89676863","7064980.37505451","8118123.47188264","10785547.3665289","15907791.9603734","15788111.4657924","14128284.8262221","10236934.6480457","9920516.34494711","6281702.96967508","7227148.72515085","4585444.66475729","9011475.02160601","14394912.1258326","12387253.5425168","23179749.7155859","26661754.5180421","23339131.1090317","26495551.6924021","25023304.5910044","18592815.2817541","9490749.70300016","10054233.1256955","17000426.7843187","23310804.3515668","29911134.6071545","27133961.8776292","28467933.5928516","22961537.0377226","23552130.2330088","28022458.4811827","29076876.1787357","23645736.5563087","26405564.6626202","25062278.6312024","25476183.9067774","29758934.0797967","31684939.4114253","48810630.7877162","39226514.2658403","37414732.169548","39577826.0041243","29622478.0996257","24557746.8422701","32599168.6395998","43427852.2644433","41795800.3353869","37826350.3837256","36447048.8625476","",
"El Salvador","SLV","Military expenditure (current USD)","MS.MIL.XPND.CD","4384473.69549372","4441787.07713416","6218501.90798782","6103875.14470694","5724173.99133902","6483576.29807486","6591038.88865068","6777307.37898212","6619695.5794709","7508052.99489773","7135516.01423487","8516583.62989323","11140612.0996441","12475644.1281139","13350320.2846975","15652099.6441281","20531871.886121","28588099.6441281","34987046.2633452","54644241.9928825","62055971.5302491","78352569.3950178","94372953.7366548","124526263.345196","235932384.341637","250433594.30605","163311245.551601","176891743.772242","178963345.195729","213029679.715302","163886690.391459","145127188.6121","134193736.654804","116470035.587189","109334519.572954","111636298.932384","110830676.156584","112211743.772242","110830676.156584","114743701.067616","110370320.284698","150651459.074733","161700000","126600000","128000000","132900000","142100000","165600000","173000000","189900000","201000000","220700000","224300000","237500000","233900000","247700000","247600000","260900000","294610000","317200000","343900000","351578000","458494000","454766666.666667","425200000","",
"San Marino","SMR","Military expenditure (current USD)","MS.MIL.XPND.CD","","","","","","","","","","","","","","","","","","","","","","","","","","","","","","","","","","","","","","","","","","","","","","","","","","","","","","","","","","","","","","","","","","",
"Somalia, Fed. Rep.","SOM","Military expenditure (current USD)","MS.MIL.XPND.CD","","3160000","3700000","4480000","5420000","5170000","6500000","7530000","8340000","9000000","11200000","11400000","13200000","16100000","21400000","23100000","26300000","31700000","81400000","87700000","95500000","134000000","83900000","83900000","89200000","44300000","34900000","28500000","49500000","8560000","","","","","","","","","","","","","","","","","","","","","","","","26050000","60258000","46614000","47706000","61813000","76562000","71720000","98156600","111029000","118661000","140974000","201854000","",
"Serbia","SRB","Military expenditure (current USD)","MS.MIL.XPND.CD","","","","","","","","","","","","","","","","","","","","","","","","","","","","","","","","","","","","","0","914364967.948176","642122263.42864","737469450.756764","337080608.366223","494069226.481274","678511699.843008","730567122.916573","739172065.075521","629500942.833417","705062714.272523","971570564.636848","1111631537.86105","974288479.238125","872339631.719991","986958193.674369","865072419.745536","932203595.302429","918557178.284071","700189351.439888","784577943.287821","796446637.7762","1064747316.85943","1178580562.87301","1282529332.70972","1813007742.38781","1451348837.28262","1796879440.10484","2322830101.6066","",
"Sub-Saharan Africa (excluding high income)","SSA","Military expenditure (current USD)","MS.MIL.XPND.CD","","","","395276642.605308","522547182.410669","626725768.255783","670414482.722751","841605676.874331","1085265401.89679","1505967742.96881","1579268372.29646","1692836429.22735","2011033276.94249","2518504905.61667","3406757050.55994","5559919881.27967","5555237917.45598","6919323017.95303","7789833124.84104","8532707917.5933","9149052147.45993","8450693263.21005","7532551402.57852","7817800446.1487","7469687666.92566","6614753459.74009","6692862230.42377","7799145345.39421","8717606531.19114","8478146250.10749","10036140201.0831","8813315364.85792","7156313828.28919","8175868591.56988","6350795898.9505","6065144385.14967","5584160526.63915","5868084076.98207","5298739351.23553","6042280795.2308","5733166768.93222","5396985837.62138","6272393324.08512","7148670459.73857","8995041282.88036","10050588696.8067","12152474825.3683","13803504597.9204","17569085193.0411","17491194099.4975","16287102638.7642","17890257961.6735","18384903988.388","21394282011.9459","22835532611.599","19939017563.5637","18722851834.0295","21146957752.1616","18057069890.4509","17296091693.0537","17866832031.9459","20617256586.9685","19921095807.4245","21718044084.3075","20726205566.9311","",
"South Sudan","SSD","Military expenditure (current USD)","MS.MIL.XPND.CD","","","","","","","","","","","","","","","","","","","","","","","","","","","","","","","","","","","","","","","","","","","","","","","551454504.427754","587966866.722881","896390706.931527","609898632.648716","650910667.82307","1052721970.36864","988225988.700565","981983050.847458","1301525423.72881","1151920376.75944","135338143.589744","72388104.5738804","149092424.699547","186498925.22647","128916014.125595","213222017.503455","520445647.167204","1076166129.2799","2027890373.09995","",
"Sub-Saharan Africa","SSF","Military expenditure (current USD)","MS.MIL.XPND.CD","","","","422566165.119164","558687182.410669","669625768.255783","713834482.722751","878605676.874331","1119925401.89679","1540387742.96881","1613808372.29646","1728970667.3203","2052076755.20336","2566938497.04014","3481515504.66622","5684992345.04779","5683281395.71685","7054371327.13177","7968045685.22752","8809036420.00876","9508375818.95752","8817673939.53855","7919918552.33698","8226206243.25015","7892706990.59716","7051444555.23656","7141827481.26427","8287085111.23676","9344609676.40217","9272704413.29013","10836028585.9613","9358910887.81943","7432157156.45351","8352668434.56992","6511374769.48501","6199196373.81649","5721158561.8602","6104899535.56616","5767831655.42773","6757075812.21454","6361034224.1162","5757859510.12583","6573025593.49415","7439582728.52966","9322007304.59727","10407382608.1999","12512528228.9074","14178821609.9196","17968397599.9868","17839473069.8974","16597877231.6405","18231412439.0163","18761367115.8045","21753112629.1139","23280917790.147","20399651536.7958","19234949086.9538","21683076139.7995","18595608414.4245","17855565966.3728","18640719232.1055","22252907014.6099","21731205472.9702","23160290446.4435","21674731700.4875","",
"Small states","SST","Military expenditure (current USD)","MS.MIL.XPND.CD","","","","","","","","","","","","","","","","","","","","","","","","","","","","","","","","","","","","","","","","","","","","","","1262617422.25191","1382641670.28385","1607684261.02582","1792563515.43765","","","","","","","","","","","","","","","","","",
"Sao Tome and Principe","STP","Military expenditure (current USD)","MS.MIL.XPND.CD","","","","","","","","","","","","","","","","","","","","","","","","","","","","","","","","","","","","","","","","","","","","","","","","","","","","","","","","","","","","","","","","","","",
"Suriname","SUR","Military expenditure (current USD)","MS.MIL.XPND.CD","","","","","","","","","","","","","","","","","","","","","","","","","","","","","","","","","","","","","","","","","","","","","","","","","","","","","","","","","","","","","","","","","","",
"Slovak Republic","SVK","Military expenditure (current USD)","MS.MIL.XPND.CD","","","","","","","","","","","","","","","","","","","","","","","","","","","","","","","","","","266899036.578679","299993419.135274","629622682.638738","641559871.059046","499529506.65412","397592215.742942","327169170.93351","342322768.946855","393996598.321589","440059286.041859","624508454.581203","711290428.025739","823313455.449583","911370626.760049","1139194487.75287","1411710284.8947","1350294439.2041","1137680535.59722","1064842810.57336","1020180034.79405","967923107.869653","997703821.802668","985915492.957747","1003048083.68943","1049074346.91029","1295988102.40431","1802507836.9906","2047190242.79038","2064806054.87228","2085664762.25736","2441648912.4939","2849224738.28021","",
"Slovenia","SVN","Military expenditure (current USD)","MS.MIL.XPND.CD","","","","","","","","","","","","","","","","","","","","","","","","","","","","","","","","","281422738.461992","230303671.569146","237949504.101327","334655022.858287","329972648.331902","290785271.801767","301139822.232736","274841827.849109","222391556.805474","271488790.388659","326959522.812057","416906753.676513","493153892.913731","514172799.466764","608833753.372966","692654912.555876","829384406.928626","798868642.190033","772085107.510148","665679671.372271","543496416.521263","506742932.103314","486194870.396018","400771875.346568","449177539.095701","473796757.208807","529496122.658546","572884012.539185","567650746.608914","762771996.215705","775156293.385613","912917403.122718","951904999.881012","",
"Sweden","SWE","Military expenditure (current USD)","MS.MIL.XPND.CD","526848900.3926","564736401.576584","636258725.240228","697922566.452937","758619889.7783","844543329.963408","906980385.485994","921961412.739866","941001815.120592","1017260076.43223","1118164543.87121","1238804426.92127","1458082235.50212","1702215352.91087","1855084673.22308","2232315958.56644","2345444903.33778","2560335055.91703","2873317738.08391","3368143351.65194","3791756608.82785","3490216137.64555","2980130869.17698","2629021886.99523","2668524384.05184","2795295632.68836","3577484916.29209","4182359583.87746","4651754894.2004","4880345221.25431","5913117377.03145","5878822052.85847","6141834497.22949","4752660459.46324","4818836776.19275","4653429165.95988","4301745511.95255","5085207514.45011","5035805616.94719","5080829731.6891","4764337105.33669","4283625872.53488","4354573015.42961","5305640404.14034","5514710384.83363","5518466925.99715","5577203266.3572","6386221161.54271","6024791006.05362","5062962024.19184","5885935800.38626","6324747364.3036","6243671605.39748","6528737467.32024","6555518063.89502","5386942195.8071","5427549191.34014","5526592999.00266","5732822794.38131","5839555790.58699","6271285838.40139","7582555970.14925","7722479440.75299","8754872951.01216","12040289402.7522","",
"Eswatini","SWZ","Military expenditure (current USD)","MS.MIL.XPND.CD","","","","","","","","","","","","","","","","","","5390626.34765659","8259877.06496927","10183559.4762639","13135761.8870299","12379584.2969822","11074579.5804093","11735930.3473656","9116913.39949027","6646662.94783438","7341260.28979926","8349582.27531029","8720150.2548967","8731526.53011424","14223211.6630336","16006837.3096925","20976434.1639756","23724347.7143224","25804044.1590627","28769619.7226978","26486561.922151","25662115.1225271","25731330.5404213","25853264.1075836","24471060.5303012","19665055.20851","18338440.521028","31927690.9349284","42695547.3095458","59471673.9027539","58520575.052979","61877516.7237491","66657830.1994137","75911617.9884277","102032174.965375","106629408.921201","90639795.2733079","86040376.7558151","81355664.003534","73527455.7424242","80527779.9028584","87762823.1282349","95863380.3230956","86532285.9713475","76795299.9757105","82792515.3955471","83200580.4806773","70513370.260132","79655264.6081486","",
"Sint Maarten (Dutch part)","SXM","Military expenditure (current USD)","MS.MIL.XPND.CD","","","","","","","","","","","","","","","","","","","","","","","","","","","","","","","","","","","","","","","","","","","","","","","","","","","","","","","","","","","","","","","","","","",
"Seychelles","SYC","Military expenditure (current USD)","MS.MIL.XPND.CD","","","","","","","","","","","","","","","","","","","","","","","","","","7246651.05202591","9762352.28978159","11321408.3546279","12148072.7472662","13036424.0522024","14840075.699376","16561706.5363913","20499884.8101711","12949843.0000405","11887196.2435669","11591841.1917757","10543301.9851187","11398353.4738995","10542378.7434509","11090147.4568467","10325841.5560868","11065396.0536334","11699935.9492558","12239108.8595595","15927272.7272727","14727272.7272727","14366386.5180834","15176703.3872253","11124810.1983242","8651202.43352266","7157559.78720231","8712704.9511348","9924109.7489784","13766451.3239843","30909152.7178874","18101348.7758118","21920004.3921913","22290935.2644799","21561447.814228","23496255.1154351","19413071.3619403","40106698.6265872","24505837.1537579","33226261.1275964","26860869.6918082","",
"Syrian Arab Republic","SYR","Military expenditure (current USD)","MS.MIL.XPND.CD","90223463.6871508","90223463.6871508","149593495.934959","","112041884.816754","118062827.225131","102356020.942408","118586387.434555","190052356.020942","194502617.801047","199738219.895288","176963350.78534","260209424.08377","388674556.986857","537380924.316621","887837837.837838","945058881.243397","998216560.509554","1213503184.71338","1581656050.95541","2253248407.64331","2437707006.36943","2726878980.89172","2733503184.71338","3394904458.59873","3510318471.33758","3678980891.71975","3650191082.80255","3722802547.7707","1483652561.24722","1641781737.19376","2893808463.25167","2976570155.902","1426095238.09524","1636299776.08992","957899818.94991","995089040.932605","1046927961.04454","1096039533.05164","1127632857.10901","897044908.654196","1022526577.91399","1102912156.90965","1436210733.54447","1388544983.48595","1450324656.66839","1435215692.28412","1599033723.06503","1732416847.90199","2181974581.1918","2346021283.01237","2494887483.1484","","","","","","","","","","","","","","",
"Turks and Caicos Islands","TCA","Military expenditure (current USD)","MS.MIL.XPND.CD","","","","","","","","","","","","","","","","","","","","","","","","","","","","","","","","","","","","","","","","","","","","","","","","","","","","","","","","","","","","","","","","","","",
"Chad","TCD","Military expenditure (current USD)","MS.MIL.XPND.CD","","","","","","","","","","","","","","","","","","","","","","","","39363259.9077325","40049707.4082804","37839750.8808871","48800771.5719624","34271986.4775385","77892079.1813274","56424917.2434547","34341542.2474428","","35324074.7736992","39200036.7279623","22153979.1608505","20034138.1714441","24826410.6092831","16619008.3763229","16103004.9902365","20951796.2510902","21349034.2371091","26192330.8309653","34290403.8520032","40949759.119064","50540901.2180925","55491517.9688626","222991451.356882","389135909.628662","611426848.739965","738903737.086657","615817007.452395","609706993.08702","","726459396.000324","392382954.592792","220982331.558035","309567431.726812","219081031.370278","253174123.337364","234709654.958205","322866526.49139","330998078.191986","331746766.049468","372751855.723359","557711240.140698","",
"East Asia & Pacific (IDA & IBRD countries)","TEA","Military expenditure (current USD)","MS.MIL.XPND.CD","","","","","","","","","","","","","","","","","","","","","","","","","","","","","","17665681584.6764","17285151838.2163","18192474095.922","21929203270.1061","23172737409.261","22820772366.1986","27128681546.8552","30389214801.4588","30941507587.1879","28580953118.1692","33801362944.4992","37298997189.4138","41886174612.0226","48025084235.8815","66529604508.8712","77299465390.1914","85471526883.9386","62563184457.1008","76223371959.9034","94825591956.9649","113055509945.675","124705488838.44","146805470884.126","171357321165.056","192961733658.334","209871964822.619","225156823537.402","227109470007.597","240710022161.191","262081440463.375","265538045149.993","286141965167.429","314643803766.614","320562618865.244","326392339356.31","346781682154.725","",
"Europe & Central Asia (IDA & IBRD countries)","TEC","Military expenditure (current USD)","MS.MIL.XPND.CD","","","","","","","","","","","","","","","","","","","","","","","","","","","","","","","","","9207213466.35237","18850660494.4969","25073259560.1278","27201088374.6862","31881492146.1992","35761471177.733","26153276069.9404","24730832716.1431","26572331451.2819","27142525770.724","32075255099.0779","37483738460.9958","43648202282.8844","54040845587.5208","65006404463.5015","81752052781.9799","100174788972.472","89432969291.1105","99164536087.7258","113076380640.32","124957235519.858","134244733637.112","130440089350.226","107802725495.999","109585928957.966","109610014177.481","112741398285.211","119221004491.239","113116516239.059","120510296492.472","191190297628.547","240998195304.738","302411388491.793","",
"Togo","TGO","Military expenditure (current USD)","MS.MIL.XPND.CD","","326999.918453886","714244.900291412","1134619.77993274","3383300.6158505","3362428.13013903","2889961.65712844","3105678.43220149","3288025.36707531","3435130.65421352","3650466.89073563","4183674.95169889","5126414.5253702","6873376.43400975","8097048.25408695","11114584.7428761","14233103.1596568","21108759.3617714","22733718.5804942","22498848.2620509","24763347.2169633","22525953.976543","18541962.1065957","16398734.0775614","15692619.6399188","18879809.8218638","30011030.706947","43412291.9973248","43089092.4229808","41861019.1593941","50748351.7896167","45904568.1248604","49113686.8511326","50147794.7330689","25396024.8917067","30852572.784024","","","","","","","","28831211.2869924","31719621.0378868","33238035.2931363","","","57009189.26765","55130817.0932641","56832843.0353116","59018874.0023651","62931049.6800365","72419237.3087199","83080011.5611006","69977174.7400457","82019690.4123156","88414114.9221704","104378994.645016","170566832.435089","163926877.161277","198773240.635232","336608323.297713","276349076.678811","195347349.222552","",
"Thailand","THA","Military expenditure (current USD)","MS.MIL.XPND.CD","62825161.2233144","58741404.8550697","80303734.1775183","85501269.7970725","87235576.9230769","94266826.9230769","105540865.384615","126346153.846154","154639423.076923","184903846.153846","217223557.692308","262656250","284086538.461538","312408499.092311","363887784.59983","416034898.156463","531909157.308053","688722114.107284","942007071.169005","1199048430.62065","1373227227.44232","1415853971.5129","1507634749.41413","1583036595.49306","1698837533.94756","1629594718.49007","1635667271.25469","1698687545.67932","1809003356.54051","1939693409.07322","2214017705.34092","2598337173.94031","2961769835.55183","3156299862.55707","3611133200.79523","3849025895.83868","3938047248.32003","3264802657.79883","2110239752.02735","2056847121.54589","1880858625.14273","1720105374.74202","1783890749.78876","1877476822.72458","1950877496.12156","1867044089.89535","2106976928.35648","2679881917.36533","3650043676.24943","4339318318.37087","5193510006.09108","5156739374.97745","5408091535.27158","5555742693.48435","5582641023.40427","5434004602.73993","5562167772.71979","6114994058.34986","6661985270.48746","7091211579.58571","7295669542.98498","7123128719.07297","6030950056.63075","5745692331.57405","5522411647.48004","",
"Tajikistan","TJK","Military expenditure (current USD)","MS.MIL.XPND.CD","","","","","","","","","","","","","","","","","","","","","","","","","","","","","","","","","1037058.64242542","23498175.2177187","14182891.5298661","5803400.6462693","13458544.8392555","19050989.3603968","22613230.3235152","15126152.2552291","10353281.1559302","12468225.5637196","25577668.1993973","34788346.3939347","45110098.9392394","","","","52467120.6044212","47529274.315605","53756933.7081551","71342116.7937044","76260471.8313278","","104280689.192818","100679580.407099","84590183.6280486","78305241.6354699","81419635.2813393","82768391.2267814","77497565.7254138","89992007.8145813","203942083.295576","285063449.904087","246393473.020582","",
"Turkmenistan","TKM","Military expenditure (current USD)","MS.MIL.XPND.CD","","","","","","","","","","","","","","","","","","","","","","","","","","","","","","","","","","","79583333.3333333","135612612.612613","48549386.5030675","106190591.073583","87510040.1606426","111923076.923077","","","","","","","","","","","","","","","","","","","","","","","","","","",
"Latin America & the Caribbean (IDA & IBRD countries)","TLA","Military expenditure (current USD)","MS.MIL.XPND.CD","1041102128.14931","952115934.094736","1470078056.67469","1558299418.01483","1478294197.3849","1824898849.29905","1976690415.89209","2118145676.08668","2082974249.8368","2293646403.13551","2857196045.15583","3463134106.21513","4049748251.43731","5404489651.82689","6663039430.8653","6151351163.82316","7997666536.32806","8801988932.41533","10053610004.9512","12833565616.4295","15266512901.4694","16537685105.3236","13494643916.0338","12366658646.4374","11485659135.2246","10765543058.2929","10967958016.6869","13005289827.4721","14628870715.4906","16666945044.2258","18390097041.763","15995500065.6037","15665423229.6088","19231321309.3581","24113701698.57","28626754180.4636","29578441979.8626","29318097188.2959","30192020605.4271","25433071539.0997","27240878883.0351","27330299656.2257","22856595391.2309","21891375719.7504","25106441091.606","32629998420.0216","37872422796.4834","46500195018.1457","56348507908.6797","56142571026.7369","68600272928.3273","73725894274.6024","75227514052.0964","78337657718.9978","72579820159.6698","59237409344.1976","56532767652.7637","66474129532.2807","63834538736.6776","60554802135.9911","54477929268.8032","55911119771.4603","59521312633.1674","66334319477.7009","73379302038.4736","",
"Timor-Leste","TLS","Military expenditure (current USD)","MS.MIL.XPND.CD","","","","","","","","","","","","","","","","","","","","","","","","","","","","","","","","","","","","","","","","","","","","","","8230000","17105000","23735000","23651000","36481000","26389000","20530000","33388000","31683000","29624000","36959000","26217000","25442000","20610000","34400000","38456000","39222000","44311000","55111000","46400000","",
"Middle East, North Africa, Afghanistan & Pakistan (IDA & IBRD)","TMN","Military expenditure (current USD)","MS.MIL.XPND.CD","701786602.022155","735092507.332668","1030706447.46758","1118416623.22893","1467816758.01479","1816755204.42277","1997186990.6518","2097724139.10136","2556414553.45185","2987569477.30155","3578640933.82246","3665787258.78437","3362899451.62254","4173043690.67347","9630949257.55841","12586685508.3222","14868533854.8525","16487485615.8435","17667017793.1976","14650239844.595","17093221545.1257","21585991451.0509","20261645172.6636","21246305907.0451","21832488090.4011","23186317097.305","25297290209.3029","29141082815.5408","32624054378.5905","26374850087.7619","26783752696.9644","28552993149.695","32236287410.0363","12924703806.3602","14801046404.4593","13971312925.4517","15100304138.1522","17586781832.9533","18933278834.7452","19415153477.3173","21126424068.1667","23848579059.502","17096330213.5239","18618729812.9587","22052558163.0473","25278641974.4671","28398130610.6114","32542597879.8889","38734594411.3033","40863337347.437","44334996449.2989","50339508739.5934","54156691678.7499","55990670937.3164","56964241566.0842","53883811376.1541","51845693370.4576","54457314428.0823","51827020625.8551","46096999612.2477","42209564474.0145","45653317043.4247","46220440863.2234","53670283111.6408","58471217236.028","",
"Tonga","TON","Military expenditure (current USD)","MS.MIL.XPND.CD","","","","","","","","","","","","","","","","","","","","","","","","","","","","","","","","","","","","","","","","","","","","","","","","","","","","","","","","","","","","","","","","","","",
"South Asia (IDA & IBRD)","TSA","Military expenditure (current USD)","MS.MIL.XPND.CD","698418698.418699","765471765.471765","1081285831.28584","1809367059.36706","2000593250.59325","2140463890.46389","1676437671.69292","1503444765.49594","1601171892.98829","1707296762.52204","1859193890.56921","2293406405.37838","2503748409.39086","2610827029.64223","3004578772.69795","3445485279.05008","3435744098.91402","3646893085.51874","4147503910.94761","4771363468.09519","5638959723.81121","6102757382.91306","6538248360.65073","7137607534.3354","7285982092.32796","8011451380.06134","9991955820.18687","11426346379.332","11879690486.6827","11130606983.4327","11135011485.832","9317014500.98834","8875328046.14473","9116414262.44838","9904254151.92","11177990333.9891","11350284198.8524","12888179136.6732","13397905129.3221","15311474142.4736","15901797901.6078","16045842281.7072","16088547249.2549","17698059335.9906","21759163507.1835","24649528442.2105","25730349483.1831","30432629881.0359","35730829448.4513","41712881422.7482","49502046923.6797","53473196022.1227","50771934591.7388","51333397708.3949","55512794684.3242","56492429531.51","61975328079.1281","70128748522.5897","71975712858.6599","77806193773.1299","79509069930.3185","83191426851.3176","85647605251.372","87678412764.9302","91920368329.151","",
"Sub-Saharan Africa (IDA & IBRD countries)","TSS","Military expenditure (current USD)","MS.MIL.XPND.CD","","","","422566165.119164","558687182.410669","669625768.255783","713834482.722751","878605676.874331","1119925401.89679","1540387742.96881","1613808372.29646","1728970667.3203","2052076755.20336","2566938497.04014","3481515504.66622","5684992345.04779","5683281395.71685","7054371327.13177","7968045685.22752","8809036420.00876","9508375818.95752","8817673939.53855","7919918552.33698","8226206243.25015","7892706990.59716","7051444555.23656","7141827481.26428","8287085111.23676","9344609676.40218","9272704413.29013","10836028585.9613","9358910887.81943","7432157156.45351","8352668434.56992","6511374769.48501","6199196373.81649","5721158561.8602","6104899535.56616","5767831655.42773","6757075812.21455","6361034224.11621","5757859510.12584","6573025593.49415","7439582728.52966","9322007304.59727","10407382608.2","12512528228.9074","14178821609.9196","17968397599.9868","17839473069.8974","16597877231.6405","18231412439.0162","18761367115.8045","21753112629.1139","23280917790.147","20399651536.7958","19234949086.9538","21683076139.7995","18595608414.4245","17855565966.3728","18640719232.1055","22252907014.6099","21731205472.9702","23160290446.4436","21674731700.4875","",
"Trinidad and Tobago","TTO","Military expenditure (current USD)","MS.MIL.XPND.CD","","","","","","","","","5087500","5262500","6200000","8620776.95860002","9121523.15123251","8944886.23023448","8584035.88492278","10703751.4978339","12613977.3954241","15364583.3333333","18312500","27218750","36927083.3333333","35166666.6666667","","","","","","","","","","","","22644876.7543122","24202817.5860306","","","","","","","13945440.719243","19492116.7350544","33736557.0046544","75889150.4828552","97752858.92983","115560463.097328","124750514.77316","139098455.662914","138523710.218802","143063064.758741","146080695.23973","168762442.453652","211176025.939717","188885806.75642","202106905.459739","216276660.00375","201814603.265352","166008530.068204","172525849.335303","170175114.526378","210674621.041573","217163250.585468","243294649.278985","234544782.155796","",
"Tunisia","TUN","Military expenditure (current USD)","MS.MIL.XPND.CD","15952380.952381","18571428.5714286","14285714.2857143","15238095.2380952","17478991.5966387","12761904.7619048","13714285.7142857","15428571.4285714","17523809.5238095","16952380.952381","22476190.4761905","24860541.9215669","31650677.1358443","38188218.1045361","46505447.7810258","75323106.2950727","83960118.9435018","121692504.953957","148496651.616763","160900649.999262","194096119.559259","228835732.395849","328600426.283294","383489474.296776","249474468.772568","215938722.294654","206793454.647122","194409783.482288","232920340.777147","234062029.597997","247855881.539234","260431030.66013","289677115.168701","276167134.915416","297068854.727893","342902458.366376","397469509.188336","358166577.75045","365849374.736546","357013395.378637","332389762.745499","335647906.805402","345424236.66941","407385561.057386","444651416.734245","468464579.97734","497212663.971991","490650558.781295","578911487.330985","564775933.702148","571189045.689535","715239597.096137","681225950.611119","759358881.242845","908359962.890424","979306829.765545","987734705.2158","858949581.256569","844227367.128514","1000922131.14754","1157372367.01178","1250454380.22537","1156186915.69354","1208204189.72994","1313683263.15451","",
"Turkiye","TUR","Military expenditure (current USD)","MS.MIL.XPND.CD","468810916.179337","301330376.940133","330376940.133038","350000000","380897803.670027","422676991.150442","442035398.230089","508407079.646018","570685840.707965","596792035.39823","564858542.613762","570873159.477221","703957597.173145","861625441.696113","1136704698.03477","2284986255.46146","2534775214.75603","2765773072.18007","2727882976.00712","3001142305.52651","2671976285.57263","2814869761.46162","2754732302.69512","2469375535.02442","2190052307.47413","2365977436.04677","2769409587.96878","2889593497.07308","2663901290.11847","3373741563.28947","5315413395.48577","5670666519.6485","6157947273.30402","7075086939.89767","5293173965.76006","6606245814.71084","7512090795.51722","7791986303.62493","8781048158.20561","9951788873.95143","9993730196.93899","7216051044.80291","9050377181.98284","10277901778.2782","10920773882.178","12081156313.729","13036508103.1888","14987758360.004","16809576495.1749","16047510903.5072","17650464118.1755","17006477805.3076","17694320712.6949","18427646196.757","17576538470.5059","15668750000","17827702150.7967","17822738263.1645","19648693823.8514","20436917121.2388","15782990905.8308","15254829834.6664","15036835693.6064","19577831923.5437","24978735534.6038","",
"Tuvalu","TUV","Military expenditure (current USD)","MS.MIL.XPND.CD","","","","","","","","","","","","","","","","","","","","","","","","","","","","","","","","","","","","","","","","","","","","","","","","","","","","","","","","","","","","","","","","","","",
"Tanzania","TZA","Military expenditure (current USD)","MS.MIL.XPND.CD","","","","","","","","14629994.1480023","16239993.5040026","20089991.9640032","29539988.1840047","42559982.9760068","53689677.8619328","77916010.2444597","120044738.214172","138323476.032302","136687529.91905","190729876.550359","421677764.018646","375458521.873958","232291721.313375","331019096.977006","366761862.799068","332950425.386797","293025202.390761","345976202.331691","260704018.594409","161608082.115891","124833697.746346","105316752.338241","87154458.2068739","108141651.87514","96907036.4249533","58725701.6240864","58375569.7749941","85513656.0872152","101038489.457341","118603807.737673","134276958.073994","128497943.630087","135055952.644211","150728196.327755","140753561.773795","125254713.892259","127567862.814758","139493591.276696","147417924.754373","166215543.275718","194000300.925345","219476865.281638","282725098.810022","307473984.174236","359739418.825016","443379945.514983","507285798.994075","517075761.799188","544218297.944157","562697119.586873","599968275.122704","618943445.56818","676410078.539629","759492508.121023","874979057.71882","946249875.74141","920849885.868755","",
"Uganda","UGA","Military expenditure (current USD)","MS.MIL.XPND.CD","","139997.200055999","727985.440291194","2729945.40109198","5487890.24219516","10737785.2442951","14265714.6857063","16841663.1667367","19942601.147977","22861542.7691446","26627467.450651","52687946.2410752","64944701.1059779","64872640.2666116","80157512.314408","86567896.1778084","101074621.015537","131916696.936675","151699852.760007","206806782.995204","398813536.470271","108146878.36523","87488449.8871305","93723596.4695636","75215039.1157124","104818308.978899","131071428.571429","130971749.223296","140904123.011985","139821239.66794","107006214.22159","73561599.9782019","52331345.9689724","62636650.4326287","104127847.91387","127002622.515654","135393564.545733","139615977.691803","154712531.544533","159704570.293436","141303025.880522","136157342.537849","142191594.114211","152379921.781109","196015853.725902","216667041.057579","218533948.510743","252119246.412802","311856269.326451","293527670.660776","608685868.586859","607135070.855218","351838247.037404","300075573.371887","325663027.213463","306144695.426773","318551679.284802","346762883.760461","408367566.71345","647606606.9308","984759731.680869","1066564382.52959","924755885.70222","976660986.243341","1116761828.70832","",
"Ukraine","UKR","Military expenditure (current USD)","MS.MIL.XPND.CD","","","","","","","","","","","","","","","","","","","","","","","","","","","","","","","","","","152233866.519581","919044682.059393","1046793431.40516","1464905136.46029","2068583951.95686","1405161785.47809","941788284.056904","1136716646.17121","1088575172.74243","1176355737.78494","1427984750.66055","1685034159.40051","2405492582.04823","2986475247.52475","4096039603.9604","4811038840.22312","3452511294.73614","3729457233.44305","3684633313.08456","4136914809.35499","4386419892.40586","3961551378.68037","3502733744.23874","3423286810.50984","3647565195.54035","4750219031.04009","6262432160.71221","6838766421.17752","6898123104.35939","41183927472.8119","64908025327.0477","64704990025.4782","",
"Upper middle income","UMC","Military expenditure (current USD)","MS.MIL.XPND.CD","","","","","","","","","","","","","","","","","","","","","","","","","","","","","","54304040218.289","57000486859.652","57018916316.1181","62644489759.6691","48870834768.4259","52041039881.9387","61554672842.4743","67230499710.2672","71020400716.008","69670431594.1174","70397445936.2174","74916780779.6464","78997233644.0628","75003317779.5023","81770338981.6322","93406048291.1087","109038059789.258","126796460481.724","154494642871.384","188554799042.017","206317339949.685","232786439010.934","265350172535.624","293118295919.015","318424943530.911","331164504631.824","327995858201.396","324450927569.18","348875208299.172","368714390514.062","373275995514.807","378231591996.417","408839427603.224","455988383552.023","507907216028.579","541341082973.239","",
"Uruguay","URY","Military expenditure (current USD)","MS.MIL.XPND.CD","","","","","","","","","","","","","51429281.9115868","112465598.243483","187557473.61904","156541418.623062","133232399.697199","160545078.518595","185943655.751885","279396248.945885","477266464.590796","709699535.82315","599135224.098229","274611790.852867","221851277.344512","203645853.928586","242349802.554248","223924938.586923","259967029.93247","297821236.424986","328351062.010466","268628014.63081","366965197.814078","418919638.983124","450443306.000095","523862025.515829","575652014.65661","575206289.458717","573248407.643312","574285890.663445","555968792.356772","523008311.37239","344263066.284048","269526777.199942","279301971.522835","347323784.856977","392798690.671031","416045332.538026","567703932.828305","577056008.507621","755659469.672421","824833542.16069","924640335.588313","1045084368.40872","1034499446.67959","969906845.518716","988223629.628739","1165710348.53799","1271117731.00881","1154916148.80395","1091535359.61401","1258231388.03514","1297897836.81388","1511449760.30372","1736764487.451","",
"United States","USA","Military expenditure (current USD)","MS.MIL.XPND.CD","47346552670.2126","49879770605.0578","54650942605.0773","54561215775.4246","53432327058.1665","54561791263.2266","66442751527.3178","78398442240.5239","84329031218.2481","84990165430.7737","83407993004.8882","78237979893.08","80708070966.4935","81469794407.5887","89278920339.82","92080928753.6472","94715251079.7143","104665218971.628","113382063749.093","126879927116.756","143688354872.676","176558875270.821","221673542584.02","223427165005.73","245149168288.537","272163229313.057","295546223803.599","304086648682.908","309661269300.954","321866558808.32","325129313986.031","299372779114.591","325033735954.804","316719443747.423","308084000000","295853097724.661","287960668678.94","293167825790.971","290996055088.378","298094891322.404","320086324211.196","331805610572.137","378463138753.841","440532069586.192","492999376159.397","533203000000","558335000000","589586000000","656756000000","705917000000","738005000000","752288000000","725205000000","679229000000","647789000000","633829639000","639856443000","646752927000","682491400000","734344100000","778397200000","806230200000","860692200000","916014700000","997309000000","",
"Uzbekistan","UZB","Military expenditure (current USD)","MS.MIL.XPND.CD","","","","","","","","","","","","","","","","","","","","","","","","","","","","","","","","","","","86929824.5614035","112678421.494542","172211545.661018","217747190.74336","","250071736.011478","115375384.615385","59760610.4651163","45914432.9896907","54133695.4635028","","","","","","","","","","","","","","","1440385072.20752","","","","","","","",
"St. Vincent and the Grenadines","VCT","Military expenditure (current USD)","MS.MIL.XPND.CD","","","","","","","","","","","","","","","","","","","","","","","","","","","","","","","","","","","","","","","","","","","","","","","","","","","","","","","","","","","","","","","","","","",
"Venezuela, RB","VEN","Military expenditure (current USD)","MS.MIL.XPND.CD","234357740.37342","114632682.852563","203900682.753824","245397307.794499","200459770.114943","227272727.272727","238636363.636364","270454545.454545","272727272.727273","263636363.636364","272727272.727273","352272727.272727","404651162.790698","420930232.55814","602325581.395349","711627906.976744","593023255.813953","748837209.302326","827906976.744186","925581395.348837","1002325581.39535","1009302325.5814","1523255813.95349","2006976744.18605","1325415047.30877","820000000","1004536496.71608","765517241.37931","1096551724.13793","1196251552.96512","737870454.68601","983721953.365596","992932484.978058","1287954760.86423","939683231.420828","1198810237.38705","733197556.008147","1541033863.86102","1450963991.62112","1408064715.83639","1788322080.33625","1911400136.52858","1071363969.16319","987890177.726888","1448715982.93265","2665390596.96136","3630088495.57522","4351560316.72101","5660456450.86167","4055379599.44108","3991194834.74435","3577531587.43851","5114847099.99301","6199698500.15542","1554727108.23932","320539157.963524","218154892.929075","2127936596.43571","763623333.345644","4112702.17652861","2591576.73264645","2024833.03910593","4627333.50193864","3917057.34020454","0","",
"British Virgin Islands","VGB","Military expenditure (current USD)","MS.MIL.XPND.CD","","","","","","","","","","","","","","","","","","","","","","","","","","","","","","","","","","","","","","","","","","","","","","","","","","","","","","","","","","","","","","","","","","",
"Virgin Islands (U.S.)","VIR","Military expenditure (current USD)","MS.MIL.XPND.CD","","","","","","","","","","","","","","","","","","","","","","","","","","","","","","","","","","","","","","","","","","","","","","","","","","","","","","","","","","","","","","","","","","",
"Viet Nam","VNM","Military expenditure (current USD)","MS.MIL.XPND.CD","","","","","","","","","","","","","","","","","","","","","","","","","","","","1315597881.75968","1305814501.79549","458562483.898789","511970136.360832","427617814.087875","332970309.40351","297716380.03947","431345012.174325","","","","","","","","","841930159.385155","915089546.551505","1026426801.35444","1286528866.71418","1784217421.81048","2137625596.54525","2401450914.43941","2672286425.00631","2686520590.1569","3360860380.25735","3727249276.27619","4255721581.237","4562632500.69131","5017401787.37234","5073853533.65223","5500000000","","","","","","","",
"Vanuatu","VUT","Military expenditure (current USD)","MS.MIL.XPND.CD","","","","","","","","","","","","","","","","","","","","","","","","","","","","","","","","","","","","","","","","","","","","","","","","","","","","","","","","","","","","","","","","","","",
"World","WLD","Military expenditure (current USD)","MS.MIL.XPND.CD","","","","","","","","","","","","","","","","","","262111767461.345","288726507063.461","319150537165.963","366131629142.157","403916303949.446","447923847569.717","441831659714.864","459633291511.901","486462149678.956","531393823449.703","599549972620.325","638083107280.926","657860714246.812","712258397066.707","697243818726.326","728461413518.987","697142541765.638","706868577328.112","724847099864.06","722145501814.237","724246667162.042","706130973680.687","719008341292.741","742379173550.092","754884124604.527","815204862026.617","952056628052.94","1075235828224.66","1164473464700.42","1205554615355.16","1336860451961.24","1509158702676.76","1563562207689.82","1648691601833.96","1749932575819.25","1757744361487.5","1755099900949.3","1754748440621.88","1651953055458.99","1646773006526.39","1715658249461.76","1806049173212.59","1857408531966.2","1934397144920.76","2072780379638.36","2203187107463.55","2385069224450.89","2651803473255.19","",
"Samoa","WSM","Military expenditure (current USD)","MS.MIL.XPND.CD","","","","","","","","","","","","","","","","","","","","","","","","","","","","","","","","","","","","","","","","","","","","","","","","","","","","","","","","","","","","","","","","","","",
"Kosovo","XKX","Military expenditure (current USD)","MS.MIL.XPND.CD","","","","","","","","","","","","","","","","","","","","","","","","","","","","","","","","","","","","","","","","","","","","","","","","","927234.774966126","27227085.628394","38578120.5093736","50968863.7737974","43390403.8833654","48597681.233312","53575787.7448802","49984164.356216","51937624.4193762","57262629.2715651","63344074.218335","65705329.153605","78965006.2692351","79609744.5600757","107601580.182924","133185465.922792","165554668.553169","",
"Yemen, Rep.","YEM","Military expenditure (current USD)","MS.MIL.XPND.CD","","","","","","","","","","","","","","","","","","","","","","","","","","","","","","","807070715.481137","1028217916.58687","1306900025.81161","1535457656.47247","2353269331.64586","805892377.911418","416008632.418086","397073042.442432","384502730.310122","395252957.268909","473664032.451552","540101498.766837","737366548.042705","807313244.080066","735485127.938693","815627463.983416","822130536.059559","1050499364.17144","1196411765.88374","1420775264.11532","1448153376.74758","1612254443.40505","1618840126.70806","1648750523.52366","1714830843.68747","","","","","","","","","","","",
"South Africa","ZAF","Military expenditure (current USD)","MS.MIL.XPND.CD","69999972.0000112","113749954.500018","186199925.52003","188999924.40003","271599891.360043","289449884.220046","324449870.220052","373099850.76006","399699840.120064","425599829.760068","417899832.840067","485866527.221808","492386546.204331","752926325.61866","1102318400.77","1431695127.0304","1677275419.31885","2073738018.4345","2067988016.997","2160867339.72825","2661671164.84386","3011979548.27998","2744699858.1717","3052688268.55758","2770152106.71872","2117406345.48856","2497888430.34884","3595968625.21672","4263086823.22617","4181886467.27775","4364458203.85573","3874415134.79061","3677406460.70666","3254313378.66538","3478582291.31463","3292446561.84434","2591787130.61277","2414137709.52873","1905656008.74051","1738036625.04829","1891725013.43693","1802262236.357","1766082897.72027","2574176278.13213","3099065125.41623","3566963815.37049","3506139657.83314","3525684243.6948","3285925081.28339","3592687702.02285","4188168092.20321","4594154077.94655","4489590095.94432","4118208483.42734","3892485091.06944","3488867947.83997","3139312128.41824","3591507613.36993","3622918742.55151","3435429787.52855","3231017731.35778","3392816053.05901","3247390718.21223","2876466038.91346","2835956043.23652","",
"Zambia","ZMB","Military expenditure (current USD)","MS.MIL.XPND.CD","","","","","","","","","","","","","","","","","","","","","","","","","81624098.9637049","53190811.6854162","61629720.9329199","66915490.0430381","86740656.3255351","167587250.338432","139324047.264528","86247306.2220276","97756279.9772376","51128294.4940289","62869469.9949654","55265536.3439526","37835913.5690041","43362495.2453404","","56113432.8858217","","","","","98349404.0444623","139509353.646242","205852231.56919","232278664.441402","278055135.810511","220962285.800349","280187778.551387","309113764.151856","346301423.09","381345802.082696","443604666.534936","372447569.820527","299504759.876729","339664531.368041","378025430.958942","292072462.646125","212142427.391566","217577244.72933","326078759.598148","377172056.162625","349668209.787907","",
"Zimbabwe","ZWE","Military expenditure (current USD)","MS.MIL.XPND.CD","","","","","12650000","15600000","16950000","19000000","30600000","42350000","45950000","49850000","58450000","86900000","118550000","148600000","199800000","285350000","347750000","441150000","442750000","389700000","437450000","431750000","360650000","309300000","342200000","392600000","407050000","408600000","416300000","376050000","296350000","249800000","247900000","262900000","291650000","311400000","","263400000","346300000","286700000","677000000","194800000","256100000","131400000","161700000","","","","98293000","198438000","318272000","356700000","368100000","376677000","358065000","340522000","420364000","546939000","242179591.836735","473945274.725275","332717337.278107","870433537.886873","98394292.7162675","",
