"Data Source","World Development Indicators",

"Last Updated Date","2026-04-08",

"Country Name","Country Code","Indicator Name","Indicator Code","1960","1961","1962","1963","1964","1965","1966","1967","1968","1969","1970","1971","1972","1973","1974","1975","1976","1977","1978","1979","1980","1981","1982","1983","1984","1985","1986","1987","1988","1989","1990","1991","1992","1993","1994","1995","1996","1997","1998","1999","2000","2001","2002","2003","2004","2005","2006","2007","2008","2009","2010","2011","2012","2013","2014","2015","2016","2017","2018","2019","2020","2021","2022","2023","2024","2025",
"Aruba","ABW","Arms imports (SIPRI trend indicator values)","MS.MIL.MPRT.KD","","","","","","","","","","","","","","","","","","","","","","","","","","","","","","","","","","","","","","","","","","","","","","","","","","","","","","","","","","","","","","","","","","",
"Africa Eastern and Southern","AFE","Arms imports (SIPRI trend indicator values)","MS.MIL.MPRT.KD","74000000","","312000000","617000000","430000000","502000000","767000000","467000000","307000000","471000000","1234000000","874000000","582000000","728000000","779000000","1423000000","1279000000","2142000000","2638000000","959000000","1239000000","1635000000","1409000000","1348000000","1181000000","1074000000","1551000000","1877000000","1269000000","321000000","274000000","224000000","","407000000","413000000","96000000","308000000","350000000","","","521000000","403000000","","","","598000000","1035000000","1070000000","747000000","408000000","","1116000000","987000000","543000000","299000000","329000000","","","","","","","258000000","166000000","","",
"Afghanistan","AFG","Arms imports (SIPRI trend indicator values)","MS.MIL.MPRT.KD","39000000","55000000","64000000","40000000","56000000","91000000","198000000","230000000","145000000","92000000","9000000","149000000","124000000","","","90000000","230000000","75000000","253000000","337000000","354000000","384000000","299000000","241000000","373000000","158000000","288000000","567000000","1005000000","1976000000","1690000000","1236000000","","","","","","","","","","","34000000","","","33000000","3000000","40000000","148000000","326000000","365000000","632000000","518000000","253000000","323000000","131000000","171000000","236000000","313000000","381000000","231000000","65000000","","","","",
"Africa Western and Central","AFW","Arms imports (SIPRI trend indicator values)","MS.MIL.MPRT.KD","51000000","136000000","41000000","28000000","56000000","119000000","195000000","91000000","89000000","113000000","57000000","155000000","135000000","93000000","162000000","","442000000","304000000","427000000","416000000","709000000","609000000","854000000","226000000","671000000","610000000","373000000","215000000","158000000","194000000","144000000","","","","136000000","","","85000000","","","111000000","56000000","84000000","159000000","83000000","","102000000","181000000","164000000","218000000","362000000","253000000","221000000","341000000","573000000","264000000","223000000","156000000","159000000","186000000","199000000","506000000","323000000","565000000","360000000","",
"Angola","AGO","Arms imports (SIPRI trend indicator values)","MS.MIL.MPRT.KD","","","","","","","","","","","","","","","1000000","232000000","192000000","105000000","146000000","111000000","153000000","243000000","381000000","579000000","483000000","535000000","710000000","1193000000","971000000","152000000","140000000","","","123000000","113000000","1000000","44000000","7000000","150000000","360000000","149000000","157000000","148000000","48000000","8000000","38000000","7000000","35000000","29000000","20000000","","","","31000000","2000000","51000000","154000000","112000000","273000000","170000000","51000000","","46000000","15000000","16000000","",
"Albania","ALB","Arms imports (SIPRI trend indicator values)","MS.MIL.MPRT.KD","69000000","74000000","42000000","12000000","8000000","140000000","74000000","163000000","265000000","297000000","250000000","332000000","134000000","106000000","137000000","53000000","5000000","7000000","5000000","","","","","","","","","","","","","","","","","26000000","","","","","","","","2000000","","7000000","","5000000","","","","","15000000","7000000","7000000","7000000","","1000000","1000000","5000000","1000000","1000000","","1000000","12000000","",
"Andorra","AND","Arms imports (SIPRI trend indicator values)","MS.MIL.MPRT.KD","","","","","","","","","","","","","","","","","","","","","","","","","","","","","","","","","","","","","","","","","","","","","","","","","","","","","","","","","","","","","","","","","","",
"Arab World","ARB","Arms imports (SIPRI trend indicator values)","MS.MIL.MPRT.KD","593000000","829000000","1288000000","1275000000","1587000000","1984000000","3496000000","4711000000","3365000000","3736000000","4281000000","3886000000","6549000000","9215000000","9078000000","6371000000","5994000000","9692000000","11444000000","11399000000","11945000000","13655000000","16607000000","13768000000","12584000000","10641000000","10291000000","10032000000","5514000000","5790000000","6492000000","4400000000","3742000000","5287000000","4188000000","4767000000","5314000000","6086000000","4926000000","3445000000","2747000000","2104000000","2902000000","2379000000","4086000000","4466000000","4200000000","3225000000","4134000000","4103000000","5420000000","7354000000","5943000000","7102000000","7621000000","9889000000","12300000000","11773000000","9627000000","8162000000","6856000000","7080000000","11508000000","7195000000","5040000000","",
"United Arab Emirates","ARE","Arms imports (SIPRI trend indicator values)","MS.MIL.MPRT.KD","","","","","","","","","13000000","13000000","69000000","24000000","26000000","88000000","100000000","153000000","283000000","304000000","217000000","18000000","201000000","427000000","160000000","163000000","310000000","144000000","132000000","191000000","42000000","663000000","561000000","237000000","205000000","582000000","571000000","426000000","481000000","690000000","757000000","437000000","246000000","183000000","221000000","676000000","1145000000","2072000000","1925000000","821000000","730000000","604000000","646000000","1217000000","1139000000","2302000000","734000000","1182000000","941000000","820000000","1055000000","703000000","651000000","538000000","714000000","948000000","932000000","",
"Argentina","ARG","Arms imports (SIPRI trend indicator values)","MS.MIL.MPRT.KD","111000000","205000000","47000000","29000000","19000000","7000000","93000000","143000000","430000000","230000000","257000000","363000000","402000000","248000000","450000000","268000000","499000000","204000000","434000000","451000000","446000000","833000000","406000000","1309000000","724000000","485000000","219000000","217000000","71000000","6000000","159000000","","27000000","","209000000","43000000","21000000","105000000","171000000","276000000","208000000","6000000","15000000","11000000","161000000","3000000","9000000","24000000","21000000","15000000","11000000","16000000","5000000","13000000","6000000","21000000","17000000","47000000","19000000","51000000","7000000","77000000","50000000","21000000","43000000","",
"Armenia","ARM","Arms imports (SIPRI trend indicator values)","MS.MIL.MPRT.KD","","","","","","","","","","","","","","","","","","","","","","","","","","","","","","","","","","2000000","181000000","47000000","68000000","","","2000000","","","","","118000000","","","1000000","","46000000","52000000","5000000","","16000000","","","110000000","18000000","","248000000","","32000000","29000000","7000000","21000000","",
"American Samoa","ASM","Arms imports (SIPRI trend indicator values)","MS.MIL.MPRT.KD","","","","","","","","","","","","","","","","","","","","","","","","","","","","","","","","","","","","","","","","","","","","","","","","","","","","","","","","","","","","","","","","","","",
"Antigua and Barbuda","ATG","Arms imports (SIPRI trend indicator values)","MS.MIL.MPRT.KD","","","","","","","","","","","","","","","","","","","","","","","","","","","","","","","","","","","","","","","","","","","","","","","","","","","","","","","","","","","","","","","0","0","","",
"Australia","AUS","Arms imports (SIPRI trend indicator values)","MS.MIL.MPRT.KD","116000000","150000000","461000000","383000000","542000000","920000000","707000000","770000000","560000000","708000000","230000000","313000000","63000000","716000000","898000000","108000000","91000000","278000000","1029000000","197000000","409000000","449000000","134000000","637000000","627000000","516000000","815000000","594000000","745000000","695000000","356000000","219000000","364000000","448000000","262000000","64000000","597000000","35000000","542000000","678000000","326000000","1215000000","638000000","765000000","447000000","456000000","716000000","616000000","430000000","807000000","1558000000","1584000000","788000000","216000000","849000000","1448000000","1015000000","1664000000","1555000000","1157000000","1632000000","1215000000","815000000","379000000","983000000","",
"Austria","AUT","Arms imports (SIPRI trend indicator values)","MS.MIL.MPRT.KD","16000000","27000000","56000000","201000000","74000000","78000000","61000000","47000000","1000000","12000000","99000000","123000000","93000000","37000000","31000000","12000000","12000000","","8000000","72000000","177000000","73000000","97000000","145000000","13000000","28000000","19000000","7000000","117000000","84000000","5000000","6000000","5000000","8000000","52000000","30000000","9000000","190000000","247000000","48000000","25000000","15000000","81000000","41000000","56000000","26000000","5000000","269000000","190000000","286000000","5000000","6000000","6000000","5000000","2000000","1000000","13000000","10000000","6000000","18000000","14000000","34000000","5000000","17000000","13000000","",
"Azerbaijan","AZE","Arms imports (SIPRI trend indicator values)","MS.MIL.MPRT.KD","","","","","","","","","","","","","","","","","","","","","","","","","","","","","","","","","","50000000","25000000","","","","","","3000000","","89000000","","4000000","59000000","161000000","213000000","34000000","146000000","162000000","568000000","388000000","391000000","635000000","340000000","276000000","291000000","369000000","44000000","51000000","","20000000","3000000","28000000","",
"Burundi","BDI","Arms imports (SIPRI trend indicator values)","MS.MIL.MPRT.KD","","","","","","","9000000","2000000","","3000000","","","","0","","","","","","","1000000","5000000","3000000","11000000","2000000","","","","","6000000","6000000","","","","","","","","12000000","","","1000000","3000000","","","","","","","1000000","2000000","","5000000","","","1000000","3000000","","","2000000","","","","","","",
"Belgium","BEL","Arms imports (SIPRI trend indicator values)","MS.MIL.MPRT.KD","92000000","132000000","188000000","575000000","652000000","521000000","116000000","39000000","220000000","240000000","514000000","499000000","492000000","580000000","113000000","130000000","184000000","187000000","411000000","789000000","575000000","516000000","433000000","580000000","575000000","287000000","91000000","91000000","407000000","203000000","314000000","125000000","48000000","73000000","47000000","16000000","3000000","50000000","55000000","58000000","36000000","30000000","48000000","21000000","15000000","3000000","15000000","171000000","191000000","86000000","35000000","23000000","29000000","45000000","97000000","52000000","4000000","7000000","1000000","9000000","90000000","255000000","170000000","12000000","515000000","",
"Benin","BEN","Arms imports (SIPRI trend indicator values)","MS.MIL.MPRT.KD","","2000000","1000000","","2000000","","1000000","","","","0","2000000","","1000000","","","","","26000000","6000000","","","10000000","3000000","1000000","3000000","","1000000","0","0","","","","","","","","","","","","","7000000","","","","","3000000","","1000000","0","0","20000000","2000000","","","1000000","","","","1000000","","3000000","11000000","6000000","",
"Burkina Faso","BFA","Arms imports (SIPRI trend indicator values)","MS.MIL.MPRT.KD","","1000000","","","1000000","0","0","","0","1000000","1000000","1000000","","","","14000000","8000000","9000000","","","0","9000000","1000000","16000000","9000000","2000000","3000000","","12000000","","","3000000","","7000000","","","","","","0","","","","","","12000000","4000000","4000000","","3000000","0","16000000","3000000","","","5000000","7000000","2000000","24000000","7000000","2000000","26000000","12000000","19000000","37000000","",
"Bangladesh","BGD","Arms imports (SIPRI trend indicator values)","MS.MIL.MPRT.KD","","","","","","","","","","","","10000000","2000000","76000000","44000000","39000000","70000000","62000000","45000000","1000000","55000000","72000000","128000000","109000000","9000000","112000000","4000000","1000000","242000000","302000000","199000000","79000000","113000000","49000000","61000000","123000000","7000000","26000000","1000000","184000000","200000000","274000000","37000000","8000000","32000000","10000000","221000000","80000000","12000000","","36000000","117000000","183000000","648000000","207000000","640000000","451000000","334000000","161000000","716000000","70000000","55000000","323000000","69000000","75000000","",
"Bulgaria","BGR","Arms imports (SIPRI trend indicator values)","MS.MIL.MPRT.KD","474000000","522000000","493000000","539000000","326000000","372000000","218000000","329000000","256000000","533000000","771000000","407000000","460000000","274000000","302000000","390000000","368000000","492000000","876000000","323000000","580000000","984000000","610000000","764000000","945000000","608000000","932000000","449000000","253000000","338000000","755000000","339000000","42000000","1000000","1000000","1000000","122000000","","","7000000","","","","2000000","13000000","132000000","22000000","48000000","117000000","119000000","8000000","29000000","5000000","","","4000000","","","","2000000","44000000","1000000","3000000","","","",
"Bahrain","BHR","Arms imports (SIPRI trend indicator values)","MS.MIL.MPRT.KD","","","","","","","","","","","","0","7000000","0","1000000","","","2000000","12000000","10000000","22000000","40000000","55000000","10000000","129000000","55000000","133000000","249000000","135000000","66000000","362000000","68000000","42000000","1000000","8000000","71000000","51000000","197000000","8000000","","299000000","28000000","54000000","1000000","10000000","66000000","63000000","27000000","21000000","","98000000","4000000","24000000","69000000","1000000","17000000","26000000","27000000","72000000","21000000","27000000","184000000","261000000","294000000","848000000","",
"Bahamas, The","BHS","Arms imports (SIPRI trend indicator values)","MS.MIL.MPRT.KD","","","","","","","","","","","","","","","","","","","11000000","","","","","","","","33000000","","","","2000000","3000000","","","","","","","","","33000000","","","","","3000000","","","","1000000","","","","","30000000","16000000","20000000","12000000","","","","","","","","",
"Bosnia and Herzegovina","BIH","Arms imports (SIPRI trend indicator values)","MS.MIL.MPRT.KD","","","","","","","","","","","","","","","","","","","","","","","","","","","","","","","","","","6000000","6000000","","58000000","78000000","2000000","25000000","","","","","","","","","","","","","","","","","","0","","0","0","12000000","","","","",
"Belarus","BLR","Arms imports (SIPRI trend indicator values)","MS.MIL.MPRT.KD","","","","","","","","","","","","","","","","","","","","","","","","","","","","","","","","","","","","","","","41000000","41000000","","","","","","6000000","140000000","","","3000000","","75000000","75000000","75000000","66000000","98000000","120000000","158000000","142000000","333000000","13000000","69000000","208000000","161000000","151000000","",
"Belize","BLZ","Arms imports (SIPRI trend indicator values)","MS.MIL.MPRT.KD","","","","","","","","","","","","","","","","","","","","","","","","","0","","","","","","","","","","","","0","","","","1000000","","","","","","","","","","","","","","","","2000000","","","","","","","1000000","","",
"Bermuda","BMU","Arms imports (SIPRI trend indicator values)","MS.MIL.MPRT.KD","","","","","","","","","","","","","","","","","","","","","","","","","","","","","","","","","","","","","","","","","","","","","","","","","","","","","","","","","","","","","","","","","","",
"Bolivia","BOL","Arms imports (SIPRI trend indicator values)","MS.MIL.MPRT.KD","6000000","4000000","2000000","4000000","2000000","2000000","1000000","14000000","17000000","1000000","2000000","2000000","12000000","16000000","23000000","17000000","16000000","1000000","11000000","52000000","39000000","28000000","2000000","","","18000000","15000000","","56000000","66000000","","11000000","25000000","16000000","9000000","2000000","","","","9000000","19000000","","","5000000","1000000","1000000","9000000","2000000","3000000","5000000","1000000","25000000","12000000","1000000","46000000","","27000000","7000000","2000000","34000000","26000000","","","","0","",
"Brazil","BRA","Arms imports (SIPRI trend indicator values)","MS.MIL.MPRT.KD","236000000","212000000","62000000","127000000","25000000","149000000","57000000","218000000","236000000","108000000","217000000","171000000","520000000","598000000","256000000","539000000","571000000","545000000","872000000","394000000","355000000","61000000","72000000","87000000","119000000","83000000","135000000","230000000","125000000","741000000","136000000","160000000","98000000","64000000","306000000","266000000","547000000","476000000","198000000","308000000","86000000","573000000","221000000","110000000","85000000","223000000","178000000","188000000","178000000","135000000","256000000","239000000","317000000","225000000","212000000","216000000","117000000","100000000","265000000","132000000","140000000","244000000","469000000","185000000","435000000","",
"Barbados","BRB","Arms imports (SIPRI trend indicator values)","MS.MIL.MPRT.KD","","","","","","","","","","","","","","","","","","","","","","9000000","","","1000000","","","","","","","","","","","","","","","","","","","","","","","10000000","10000000","10000000","","","","","","","","","","","","","","","","",
"Brunei Darussalam","BRN","Arms imports (SIPRI trend indicator values)","MS.MIL.MPRT.KD","","","","","","5000000","1000000","18000000","1000000","","5000000","18000000","1000000","1000000","15000000","1000000","0","","46000000","64000000","","8000000","12000000","85000000","60000000","","13000000","","","","4000000","4000000","","","","","17000000","31000000","7000000","4000000","","5000000","1000000","0","0","1000000","1000000","","","33000000","33000000","229000000","20000000","15000000","121000000","36000000","","","","","","0","","11000000","28000000","",
"Bhutan","BTN","Arms imports (SIPRI trend indicator values)","MS.MIL.MPRT.KD","","","","","","","","","1000000","","","","","","","","","","","","","","","","","","","","","","","","","","","","","","","","","","","","0","","","","","","","","","","","1000000","1000000","","","","","4000000","","","","",
"Botswana","BWA","Arms imports (SIPRI trend indicator values)","MS.MIL.MPRT.KD","","","","","","","","","","","","","","","","","","1000000","1000000","7000000","2000000","11000000","","","","4000000","","26000000","40000000","4000000","22000000","2000000","2000000","11000000","","11000000","32000000","71000000","2000000","","53000000","15000000","1000000","10000000","9000000","","","","","10000000","10000000","","6000000","8000000","","","5000000","","5000000","7000000","76000000","16000000","11000000","1000000","11000000","",
"Central African Republic","CAF","Arms imports (SIPRI trend indicator values)","MS.MIL.MPRT.KD","","2000000","","","","1000000","2000000","","3000000","","","2000000","","0","","","","","0","","0","1000000","3000000","6000000","1000000","6000000","","","2000000","","","","1000000","","","","","","","","","","","","","","9000000","","0","","","7000000","","","","","","","2000000","","1000000","44000000","2000000","43000000","","",
"Canada","CAN","Arms imports (SIPRI trend indicator values)","MS.MIL.MPRT.KD","171000000","1576000000","1220000000","1012000000","742000000","563000000","306000000","237000000","336000000","516000000","623000000","457000000","376000000","78000000","229000000","195000000","53000000","90000000","130000000","193000000","442000000","454000000","277000000","649000000","654000000","848000000","849000000","787000000","712000000","37000000","157000000","767000000","407000000","196000000","473000000","405000000","419000000","353000000","111000000","144000000","530000000","520000000","419000000","141000000","341000000","106000000","97000000","478000000","423000000","104000000","242000000","356000000","207000000","202000000","316000000","408000000","246000000","354000000","185000000","187000000","248000000","346000000","203000000","76000000","149000000","",
"Central Europe and the Baltics","CEB","Arms imports (SIPRI trend indicator values)","MS.MIL.MPRT.KD","2078000000","1987000000","1643000000","2140000000","3042000000","2697000000","1749000000","1803000000","1984000000","2321000000","2160000000","2047000000","1935000000","2251000000","2595000000","2486000000","1828000000","2162000000","2948000000","2581000000","2578000000","2412000000","1967000000","1757000000","1961000000","2092000000","2856000000","1776000000","1397000000","1204000000","1597000000","505000000","440000000","1165000000","226000000","522000000","542000000","237000000","285000000","362000000","234000000","256000000","372000000","541000000","696000000","1331000000","896000000","1419000000","1081000000","491000000","416000000","402000000","304000000","283000000","327000000","199000000","","354000000","206000000","349000000","607000000","415000000","865000000","2394000000","2911000000","",
"Switzerland","CHE","Arms imports (SIPRI trend indicator values)","MS.MIL.MPRT.KD","218000000","37000000","4000000","52000000","263000000","228000000","373000000","177000000","199000000","166000000","142000000","153000000","191000000","121000000","64000000","136000000","142000000","4000000","217000000","226000000","272000000","289000000","175000000","442000000","404000000","341000000","108000000","151000000","179000000","318000000","438000000","474000000","386000000","102000000","118000000","93000000","187000000","377000000","431000000","502000000","18000000","63000000","60000000","117000000","203000000","168000000","83000000","108000000","15000000","36000000","42000000","28000000","6000000","2000000","5000000","10000000","71000000","1000000","","","","","15000000","33000000","","",
"Channel Islands","CHI","Arms imports (SIPRI trend indicator values)","MS.MIL.MPRT.KD","","","","","","","","","","","","","","","","","","","","","","","","","","","","","","","","","","","","","","","","","","","","","","","","","","","","","","","","","","","","","","","","","","",
"Chile","CHL","Arms imports (SIPRI trend indicator values)","MS.MIL.MPRT.KD","308000000","38000000","19000000","123000000","34000000","49000000","74000000","150000000","70000000","21000000","57000000","198000000","51000000","278000000","292000000","184000000","415000000","58000000","157000000","138000000","147000000","147000000","343000000","140000000","538000000","8000000","171000000","154000000","84000000","133000000","135000000","104000000","170000000","85000000","82000000","331000000","164000000","282000000","88000000","206000000","230000000","60000000","74000000","187000000","64000000","446000000","1097000000","659000000","395000000","329000000","474000000","326000000","61000000","55000000","135000000","135000000","70000000","49000000","74000000","16000000","304000000","66000000","207000000","9000000","14000000","",
"China","CHN","Arms imports (SIPRI trend indicator values)","MS.MIL.MPRT.KD","2357000000","952000000","415000000","450000000","485000000","257000000","227000000","145000000","182000000","2000000","2000000","2000000","2000000","3000000","3000000","3000000","3000000","75000000","86000000","10000000","6000000","2000000","13000000","25000000","71000000","113000000","20000000","56000000","104000000","171000000","274000000","445000000","1190000000","1236000000","310000000","707000000","1501000000","939000000","373000000","1720000000","2472000000","2754000000","2819000000","2315000000","3227000000","3459000000","2823000000","1691000000","1773000000","1376000000","939000000","1032000000","1542000000","1221000000","1033000000","1196000000","1209000000","1537000000","2008000000","1323000000","775000000","686000000","646000000","431000000","72000000","",
"Cote d'Ivoire","CIV","Arms imports (SIPRI trend indicator values)","MS.MIL.MPRT.KD","","3000000","1000000","1000000","","","2000000","3000000","26000000","2000000","7000000","17000000","1000000","","18000000","","","22000000","15000000","38000000","56000000","19000000","","","9000000","","","","","2000000","","","0","","","2000000","","0","","2000000","0","","32000000","61000000","9000000","","","","","","","","","","6000000","5000000","5000000","14000000","10000000","15000000","3000000","9000000","22000000","67000000","3000000","",
"Cameroon","CMR","Arms imports (SIPRI trend indicator values)","MS.MIL.MPRT.KD","","0","","2000000","0","2000000","2000000","3000000","3000000","","","8000000","1000000","15000000","","","29000000","73000000","","1000000","","28000000","113000000","5000000","125000000","16000000","11000000","5000000","1000000","3000000","8000000","","3000000","","","","5000000","6000000","9000000","4000000","","6000000","10000000","","","5000000","3000000","","1000000","","10000000","","9000000","139000000","124000000","9000000","23000000","8000000","2000000","4000000","2000000","4000000","2000000","2000000","","",
"Congo, Dem. Rep.","COD","Arms imports (SIPRI trend indicator values)","MS.MIL.MPRT.KD","2000000","9000000","13000000","32000000","64000000","23000000","26000000","16000000","7000000","28000000","19000000","165000000","15000000","5000000","9000000","445000000","132000000","31000000","38000000","15000000","10000000","12000000","15000000","5000000","16000000","1000000","1000000","36000000","1000000","","5000000","","2000000","","","0","61000000","6000000","10000000","46000000","89000000","11000000","18000000","","","26000000","24000000","","18000000","37000000","156000000","","15000000","1000000","","3000000","43000000","","1000000","","6000000","","","27000000","35000000","",
"Congo, Rep.","COG","Arms imports (SIPRI trend indicator values)","MS.MIL.MPRT.KD","1000000","1000000","","0","","0","","","1000000","24000000","9000000","27000000","2000000","","7000000","2000000","4000000","","35000000","26000000","17000000","3000000","11000000","25000000","25000000","3000000","","","28000000","44000000","44000000","18000000","","","","","","27000000","2000000","2000000","0","","","8000000","7000000","4000000","1000000","0","","4000000","28000000","5000000","23000000","35000000","6000000","2000000","","","0","3000000","","3000000","","","","",
"Colombia","COL","Arms imports (SIPRI trend indicator values)","MS.MIL.MPRT.KD","5000000","66000000","6000000","32000000","9000000","18000000","32000000","15000000","32000000","121000000","8000000","40000000","171000000","163000000","5000000","291000000","10000000","8000000","12000000","36000000","12000000","28000000","18000000","299000000","659000000","7000000","6000000","4000000","37000000","218000000","13000000","72000000","36000000","68000000","42000000","35000000","49000000","193000000","160000000","44000000","68000000","268000000","173000000","145000000","18000000","18000000","54000000","237000000","110000000","263000000","259000000","145000000","212000000","174000000","167000000","193000000","18000000","91000000","16000000","22000000","80000000","45000000","50000000","3000000","19000000","",
"Comoros","COM","Arms imports (SIPRI trend indicator values)","MS.MIL.MPRT.KD","","","","","","","","","","","","","","","","","1000000","1000000","","","","","","","","","","1000000","","","","","","","","","","","","","","","","","","","","","6000000","","","","1000000","","","","","","","","","","","","","",
"Cabo Verde","CPV","Arms imports (SIPRI trend indicator values)","MS.MIL.MPRT.KD","","","","","","","","","","","","","","","","","2000000","","","18000000","","","26000000","","","","","","","","","","7000000","","","","","","9000000","","1000000","","","","","","","","","2000000","","","10000000","","","","","","","3000000","","","","","","",
"Costa Rica","CRI","Arms imports (SIPRI trend indicator values)","MS.MIL.MPRT.KD","","","","1000000","","","0","","","","","","","1000000","","3000000","","","6000000","2000000","0","","","","0","1000000","1000000","","","2000000","","","","3000000","","","","","","","","","","","","","","","","","","","","","","","","","0","8000000","","","","","","",
"Caribbean small states","CSS","Arms imports (SIPRI trend indicator values)","MS.MIL.MPRT.KD","","","","","","11000000","0","","","","","","","","","","","","","","","29000000","","","","","","","","","","","","","","","","","","","","","","","","","","","","","","","","","","","","","","","","","","","","",
"Cuba","CUB","Arms imports (SIPRI trend indicator values)","MS.MIL.MPRT.KD","153000000","524000000","1337000000","288000000","252000000","135000000","232000000","163000000","155000000","155000000","155000000","162000000","452000000","420000000","408000000","200000000","316000000","609000000","503000000","410000000","349000000","964000000","964000000","778000000","426000000","352000000","281000000","75000000","167000000","94000000","169000000","159000000","","","","","","","","","","","","","8000000","","","","","","","","","","","","","","","","","","","","","",
"Curacao","CUW","Arms imports (SIPRI trend indicator values)","MS.MIL.MPRT.KD","","","","","","","","","","","","","","","","","","","","","","","","","","","","","","","","","","","","","","","","","","","","","","","","","","","","","","","","","","","","","","","","","","",
"Cayman Islands","CYM","Arms imports (SIPRI trend indicator values)","MS.MIL.MPRT.KD","","","","","","","","","","","","","","","","","","","","","","","","","","","","","","","","","","","","","","","","","","","","","","","","","","","","","","","","","","","","","","","","","","",
"Cyprus","CYP","Arms imports (SIPRI trend indicator values)","MS.MIL.MPRT.KD","","","","","18000000","22000000","","","","","","","","9000000","","","","","","","","","5000000","19000000","24000000","33000000","40000000","32000000","122000000","28000000","82000000","94000000","26000000","10000000","37000000","34000000","171000000","98000000","7000000","113000000","4000000","180000000","66000000","6000000","16000000","18000000","22000000","16000000","","","44000000","41000000","6000000","","","","","30000000","","19000000","30000000","11000000","","","115000000","",
"Czechia","CZE","Arms imports (SIPRI trend indicator values)","MS.MIL.MPRT.KD","","","","","","","","","","","","","","","","","","","","","","","","","","","","","","","","","","","","1000000","35000000","9000000","0","1000000","13000000","57000000","42000000","94000000","6000000","600000000","46000000","10000000","25000000","6000000","12000000","70000000","20000000","14000000","","0","","","7000000","1000000","8000000","32000000","69000000","148000000","50000000","",
"Germany","DEU","Arms imports (SIPRI trend indicator values)","MS.MIL.MPRT.KD","2064000000","2040000000","2479000000","3296000000","3721000000","3341000000","3263000000","1409000000","1268000000","1263000000","1419000000","2404000000","793000000","1721000000","2141000000","1831000000","1357000000","1012000000","661000000","65000000","150000000","261000000","453000000","434000000","412000000","130000000","322000000","334000000","443000000","701000000","711000000","690000000","679000000","529000000","417000000","222000000","244000000","60000000","618000000","129000000","113000000","133000000","71000000","63000000","237000000","199000000","406000000","46000000","278000000","330000000","306000000","82000000","130000000","113000000","95000000","95000000","55000000","43000000","14000000","38000000","101000000","235000000","284000000","200000000","239000000","",
"Djibouti","DJI","Arms imports (SIPRI trend indicator values)","MS.MIL.MPRT.KD","","","","","","","","","","","","","","","","","","3000000","6000000","36000000","5000000","6000000","3000000","3000000","","1000000","8000000","1000000","","","","1000000","19000000","6000000","","2000000","","","","","1000000","","3000000","","4000000","7000000","","","","","","","6000000","5000000","15000000","4000000","11000000","","","11000000","1000000","46000000","19000000","0","","",
"Dominica","DMA","Arms imports (SIPRI trend indicator values)","MS.MIL.MPRT.KD","","","","","","","","","","","","","","","","","","","","","","","","","","","","","","","","","","","","","","","","","","","","","","","","","","","","","","","","","","","","","","","","","","",
"Denmark","DNK","Arms imports (SIPRI trend indicator values)","MS.MIL.MPRT.KD","138000000","335000000","64000000","145000000","491000000","455000000","66000000","72000000","77000000","19000000","212000000","384000000","156000000","","39000000","89000000","389000000","391000000","360000000","55000000","480000000","477000000","470000000","231000000","70000000","88000000","16000000","99000000","98000000","187000000","128000000","154000000","72000000","51000000","88000000","134000000","75000000","77000000","116000000","70000000","50000000","146000000","40000000","50000000","232000000","116000000","84000000","133000000","97000000","134000000","22000000","6000000","103000000","34000000","176000000","42000000","103000000","53000000","53000000","48000000","63000000","261000000","210000000","274000000","427000000","",
"Dominican Republic","DOM","Arms imports (SIPRI trend indicator values)","MS.MIL.MPRT.KD","9000000","15000000","0","7000000","5000000","10000000","9000000","1000000","1000000","0","1000000","2000000","7000000","0","","2000000","12000000","","","","9000000","5000000","36000000","","25000000","2000000","0","","3000000","","","","","","","","4000000","","6000000","1000000","13000000","5000000","0","9000000","36000000","2000000","","","","10000000","51000000","12000000","","","","1000000","0","","","","4000000","","5000000","9000000","10000000","",
"Algeria","DZA","Arms imports (SIPRI trend indicator values)","MS.MIL.MPRT.KD","","7000000","63000000","90000000","181000000","354000000","439000000","525000000","58000000","79000000","14000000","14000000","180000000","110000000","13000000","56000000","130000000","1052000000","1267000000","1823000000","1337000000","1381000000","1352000000","700000000","659000000","368000000","146000000","367000000","319000000","455000000","737000000","1039000000","23000000","22000000","197000000","311000000","83000000","37000000","98000000","370000000","405000000","539000000","252000000","204000000","251000000","159000000","340000000","507000000","1510000000","1063000000","831000000","1133000000","662000000","361000000","715000000","897000000","2916000000","1138000000","1289000000","167000000","598000000","162000000","418000000","393000000","128000000","",
"East Asia & Pacific (excluding high income)","EAP","Arms imports (SIPRI trend indicator values)","MS.MIL.MPRT.KD","3416000000","2083000000","1947000000","1284000000","1893000000","1748000000","2615000000","2546000000","2919000000","1845000000","2224000000","","","","2093000000","1724000000","1558000000","1107000000","1348000000","2706000000","3109000000","2785000000","1751000000","2379000000","1981000000","2232000000","2087000000","1887000000","1996000000","1625000000","1559000000","1616000000","1953000000","2182000000","2039000000","3071000000","3168000000","3047000000","1064000000","3155000000","2835000000","3251000000","3472000000","3156000000","4051000000","4086000000","3459000000","3013000000","2825000000","3329000000","1778000000","3324000000","3428000000","3287000000","3760000000","3299000000","3606000000","4424000000","4051000000","2553000000","1881000000","2077000000","1701000000","1500000000","872000000","",
"Early-demographic dividend","EAR","Arms imports (SIPRI trend indicator values)","MS.MIL.MPRT.KD","2783000000","","3641000000","3922000000","4700000000","5087000000","6897000000","7399000000","8062000000","9085000000","8405000000","11466000000","13061000000","15579000000","15568000000","14857000000","15516000000","20995000000","19485000000","14923000000","17046000000","19349000000","20026000000","16974000000","14048000000","13102000000","15764000000","15841000000","11748000000","10178000000","11247000000","10529000000","8615000000","10735000000","9693000000","8189000000","7439000000","10072000000","10416000000","9439000000","6314000000","5334000000","7094000000","6442000000","7743000000","6493000000","7516000000","9378000000","8643000000","8010000000","10510000000","12159000000","12337000000","14150000000","12542000000","13258000000","15275000000","15006000000","11409000000","11536000000","10034000000","10709000000","10989000000","9722000000","5979000000","",
"East Asia & Pacific","EAS","Arms imports (SIPRI trend indicator values)","MS.MIL.MPRT.KD","5113000000","2967000000","2957000000","2445000000","4780000000","4949000000","4958000000","4555000000","4755000000","4345000000","3902000000","5236000000","3649000000","4678000000","4860000000","4734000000","4425000000","4371000000","4554000000","6072000000","6350000000","6398000000","5036000000","6352000000","5801000000","6262000000","6747000000","6076000000","7237000000","7063000000","6815000000","6763000000","6271000000","7147000000","5403000000","7973000000","8217000000","10851000000","9297000000","9070000000","6428000000","6298000000","5606000000","5478000000","6826000000","6954000000","6889000000","6408000000","7065000000","7464000000","6411000000","8082000000","6742000000","5445000000","7022000000","6171000000","6721000000","8387000000","8045000000","6837000000","6139000000","5622000000","5342000000","4176000000","4689000000","",
"Europe & Central Asia (excluding high income)","ECA","Arms imports (SIPRI trend indicator values)","MS.MIL.MPRT.KD","662000000","386000000","308000000","598000000","847000000","743000000","599000000","756000000","691000000","942000000","647000000","1273000000","1228000000","896000000","1418000000","693000000","363000000","300000000","989000000","917000000","487000000","731000000","483000000","477000000","549000000","678000000","472000000","1429000000","1628000000","1017000000","1241000000","1270000000","1891000000","2393000000","","1758000000","","","2716000000","1979000000","1330000000","","","","493000000","1294000000","988000000","","","1083000000","814000000","1704000000","2167000000","1480000000","2409000000","1630000000","1615000000","1331000000","1520000000","1843000000","657000000","1204000000","3773000000","5788000000","6549000000","",
"Europe & Central Asia","ECS","Arms imports (SIPRI trend indicator values)","MS.MIL.MPRT.KD","7503000000","6709000000","6831000000","10228000000","14100000000","11822000000","9046000000","8771000000","8567000000","10442000000","7891000000","10628000000","9360000000","8417000000","9537000000","9800000000","8214000000","7185000000","9653000000","8191000000","8712000000","9199000000","8372000000","7865000000","7346000000","6230000000","6970000000","6517000000","8597000000","7993000000","7412000000","7790000000","8693000000","7724000000","7235000000","5431000000","5583000000","5899000000","8559000000","6178000000","5190000000","4728000000","3871000000","5506000000","4451000000","4529000000","5704000000","7907000000","5380000000","5721000000","4559000000","4420000000","4623000000","3888000000","4283000000","4256000000","4267000000","4326000000","3762000000","4204000000","4060000000","5188000000","9050000000","11434000000","14173000000","",
"Ecuador","ECU","Arms imports (SIPRI trend indicator values)","MS.MIL.MPRT.KD","66000000","","","3000000","3000000","29000000","9000000","21000000","5000000","1000000","5000000","85000000","41000000","15000000","22000000","42000000","226000000","582000000","224000000","110000000","289000000","122000000","295000000","360000000","321000000","23000000","28000000","26000000","26000000","20000000","3000000","136000000","4000000","18000000","17000000","45000000","29000000","103000000","31000000","27000000","9000000","41000000","1000000","","","39000000","47000000","2000000","102000000","77000000","90000000","69000000","88000000","11000000","56000000","27000000","26000000","20000000","5000000","3000000","21000000","15000000","9000000","7000000","25000000","",
"Egypt, Arab Rep.","EGY","Arms imports (SIPRI trend indicator values)","MS.MIL.MPRT.KD","164000000","544000000","686000000","738000000","844000000","951000000","1542000000","2238000000","1276000000","1242000000","1690000000","1988000000","3261000000","2547000000","1078000000","566000000","159000000","410000000","136000000","631000000","1004000000","1180000000","2487000000","1674000000","1515000000","977000000","1490000000","1652000000","427000000","297000000","563000000","887000000","973000000","1258000000","2027000000","1704000000","969000000","1051000000","483000000","517000000","833000000","824000000","717000000","631000000","648000000","809000000","695000000","660000000","326000000","95000000","689000000","653000000","308000000","719000000","430000000","1443000000","1653000000","2472000000","1629000000","1081000000","1401000000","1290000000","743000000","1151000000","72000000","",
"Euro area","EMU","Arms imports (SIPRI trend indicator values)","MS.MIL.MPRT.KD","3981000000","3672000000","4584000000","6587000000","8661000000","6842000000","4959000000","3495000000","2730000000","3602000000","4384000000","6387000000","5389000000","4616000000","4791000000","5691000000","4992000000","3925000000","4703000000","3888000000","3842000000","3608000000","3901000000","4051000000","3237000000","2470000000","2985000000","2538000000","4554000000","4331000000","3359000000","4074000000","4541000000","3222000000","3946000000","2512000000","2431000000","2747000000","3830000000","2794000000","2224000000","1958000000","1569000000","3666000000","2660000000","1564000000","2669000000","3594000000","2310000000","3106000000","2724000000","1152000000","1057000000","1392000000","940000000","1727000000","1619000000","1247000000","1016000000","1265000000","1833000000","1924000000","2391000000","2324000000","3292000000","",
"Eritrea","ERI","Arms imports (SIPRI trend indicator values)","MS.MIL.MPRT.KD","","","","","","","","","","","","","","","","","","","","","","","","","","","","","","","","","","21000000","20000000","7000000","43000000","53000000","212000000","31000000","20000000","57000000","18000000","17000000","80000000","99000000","","4000000","","","","","","","","","","","","","","","","","","",
"Spain","ESP","Arms imports (SIPRI trend indicator values)","MS.MIL.MPRT.KD","214000000","103000000","55000000","14000000","51000000","382000000","307000000","303000000","133000000","181000000","234000000","637000000","792000000","895000000","580000000","1185000000","831000000","318000000","441000000","659000000","688000000","630000000","507000000","604000000","81000000","327000000","1081000000","1082000000","1954000000","835000000","691000000","109000000","207000000","299000000","838000000","355000000","424000000","211000000","86000000","361000000","320000000","144000000","271000000","249000000","298000000","358000000","312000000","343000000","347000000","228000000","272000000","166000000","219000000","155000000","108000000","152000000","104000000","82000000","149000000","35000000","70000000","134000000","198000000","178000000","148000000","",
"Estonia","EST","Arms imports (SIPRI trend indicator values)","MS.MIL.MPRT.KD","","","","","","","","","","","","","","","","","","","","","","","","","","","","","","","","","2000000","3000000","15000000","17000000","1000000","13000000","4000000","1000000","27000000","","2000000","14000000","11000000","26000000","4000000","18000000","28000000","42000000","13000000","1000000","2000000","18000000","2000000","18000000","32000000","36000000","19000000","20000000","25000000","20000000","18000000","25000000","63000000","",
"Ethiopia","ETH","Arms imports (SIPRI trend indicator values)","MS.MIL.MPRT.KD","24000000","4000000","21000000","27000000","4000000","14000000","99000000","31000000","34000000","24000000","89000000","54000000","53000000","5000000","16000000","60000000","135000000","1116000000","965000000","113000000","330000000","328000000","516000000","353000000","273000000","268000000","348000000","239000000","155000000","47000000","2000000","80000000","","","","","","69000000","208000000","152000000","114000000","","20000000","174000000","239000000","","","","","","58000000","76000000","193000000","154000000","33000000","10000000","55000000","51000000","12000000","74000000","25000000","16000000","45000000","2000000","48000000","",
"European Union","EUU","Arms imports (SIPRI trend indicator values)","MS.MIL.MPRT.KD","6424000000","6159000000","6421000000","9192000000","12597000000","10317000000","7073000000","5709000000","5013000000","6099000000","6878000000","8940000000","7651000000","7098000000","7681000000","8558000000","7423000000","6592000000","8240000000","6769000000","7143000000","6932000000","6491000000","6213000000","5374000000","4734000000","5976000000","4538000000","6201000000","5849000000","5178000000","4785000000","5002000000","4266000000","4447000000","3007000000","3058000000","3190000000","4501000000","3415000000","2676000000","2397000000","2002000000","4242000000","3538000000","3040000000","3701000000","5102000000","3336000000","3642000000","3066000000","1672000000","1635000000","1662000000","1441000000","1946000000","2030000000","1553000000","1197000000","1560000000","2327000000","2570000000","3625000000","4767000000","6165000000","",
"Fragile and conflict affected situations","FCS","Arms imports (SIPRI trend indicator values)","MS.MIL.MPRT.KD","407000000","323000000","525000000","525000000","590000000","634000000","1595000000","2019000000","1568000000","1876000000","2185000000","2171000000","3321000000","6538000000","7281000000","5764000000","4698000000","6927000000","9207000000","7509000000","8891000000","9578000000","10685000000","8281000000","8982000000","8066000000","6341000000","6294000000","4733000000","4719000000","3947000000","2461000000","564000000","","","","","","","","","","","","","","","1551000000","2030000000","1768000000","2628000000","3486000000","3210000000","3145000000","1840000000","2504000000","2820000000","1710000000","1479000000","1148000000","866000000","","3485000000","4960000000","5697000000","",
"Finland","FIN","Arms imports (SIPRI trend indicator values)","MS.MIL.MPRT.KD","54000000","52000000","48000000","252000000","103000000","81000000","42000000","76000000","23000000","21000000","15000000","4000000","26000000","13000000","172000000","129000000","74000000","12000000","105000000","47000000","328000000","118000000","132000000","112000000","127000000","203000000","98000000","66000000","141000000","86000000","88000000","65000000","442000000","406000000","234000000","195000000","552000000","397000000","560000000","768000000","472000000","7000000","15000000","242000000","67000000","93000000","132000000","140000000","134000000","37000000","44000000","60000000","87000000","254000000","182000000","268000000","112000000","47000000","82000000","86000000","114000000","38000000","30000000","37000000","64000000","",
"Fiji","FJI","Arms imports (SIPRI trend indicator values)","MS.MIL.MPRT.KD","","","","","","","","","","","","","","","","8000000","4000000","","","","","","","","","","","","","","1000000","","3000000","","6000000","12000000","","","","","","","","","","","","","","","","","","","","","","1000000","","","7000000","","","","16000000","",
"France","FRA","Arms imports (SIPRI trend indicator values)","MS.MIL.MPRT.KD","526000000","321000000","122000000","162000000","1300000000","378000000","106000000","98000000","123000000","64000000","44000000","57000000","33000000","51000000","46000000","45000000","186000000","194000000","231000000","107000000","70000000","106000000","142000000","108000000","73000000","20000000","100000000","84000000","133000000","107000000","65000000","948000000","424000000","96000000","80000000","97000000","64000000","223000000","171000000","105000000","98000000","61000000","38000000","55000000","93000000","2000000","68000000","75000000","2000000","72000000","103000000","41000000","86000000","104000000","17000000","36000000","38000000","84000000","201000000","104000000","225000000","105000000","133000000","120000000","188000000","",
"Faroe Islands","FRO","Arms imports (SIPRI trend indicator values)","MS.MIL.MPRT.KD","","","","","","","","","","","","","","","","","","","","","","","","","","","","","","","","","","","","","","","","","","","","","","","","","","","","","","","","","","","","","","","","","","",
"Micronesia, Fed. Sts.","FSM","Arms imports (SIPRI trend indicator values)","MS.MIL.MPRT.KD","","","","","","","","","","","","","","","","","","","","","","","","","","","","","","2000000","14000000","","","","","","","6000000","","","","","","","","","","","","","","","","","","","","","","","","","7000000","7000000","","",
"Gabon","GAB","Arms imports (SIPRI trend indicator values)","MS.MIL.MPRT.KD","","3000000","","","3000000","0","2000000","","4000000","4000000","1000000","24000000","","2000000","11000000","34000000","47000000","28000000","76000000","","33000000","36000000","5000000","11000000","99000000","2000000","8000000","10000000","22000000","","29000000","","","","","","","","","","","","","","7000000","","20000000","18000000","","","27000000","5000000","1000000","2000000","","5000000","3000000","","","26000000","","2000000","","16000000","1000000","",
"United Kingdom","GBR","Arms imports (SIPRI trend indicator values)","MS.MIL.MPRT.KD","26000000","34000000","38000000","159000000","133000000","166000000","242000000","1444000000","2348000000","2701000000","70000000","176000000","222000000","239000000","319000000","337000000","251000000","262000000","191000000","232000000","557000000","812000000","766000000","292000000","682000000","355000000","273000000","207000000","281000000","209000000","120000000","940000000","1134000000","783000000","411000000","496000000","568000000","508000000","759000000","132000000","937000000","1287000000","721000000","776000000","215000000","31000000","375000000","840000000","575000000","381000000","462000000","357000000","555000000","509000000","217000000","424000000","288000000","1002000000","463000000","402000000","640000000","886000000","862000000","472000000","643000000","",
"Georgia","GEO","Arms imports (SIPRI trend indicator values)","MS.MIL.MPRT.KD","","","","","","","","","","","","","","","","","","","","","","","","","","","","","","","","","","4000000","","","","4000000","28000000","23000000","6000000","85000000","","1000000","38000000","95000000","97000000","161000000","132000000","38000000","","2000000","","5000000","1000000","","","7000000","41000000","6000000","","","2000000","0","17000000","",
"Ghana","GHA","Arms imports (SIPRI trend indicator values)","MS.MIL.MPRT.KD","12000000","107000000","20000000","6000000","40000000","40000000","24000000","1000000","","","","","12000000","13000000","19000000","28000000","39000000","","18000000","7000000","38000000","48000000","","","","5000000","","13000000","","2000000","4000000","1000000","","","11000000","","7000000","5000000","","7000000","1000000","12000000","1000000","6000000","37000000","0","0","16000000","","6000000","2000000","76000000","39000000","52000000","14000000","13000000","22000000","","0","2000000","10000000","","40000000","8000000","11000000","",
"Gibraltar","GIB","Arms imports (SIPRI trend indicator values)","MS.MIL.MPRT.KD","","","","","","","","","","","","","","","","","","","","","","","","","","","","","","","","","","","","","","","","","","","","","","","","","","","","","","","","","","","","","","","","","","",
"Guinea","GIN","Arms imports (SIPRI trend indicator values)","MS.MIL.MPRT.KD","33000000","2000000","","0","0","18000000","","7000000","","0","1000000","4000000","5000000","18000000","24000000","2000000","18000000","8000000","45000000","69000000","","1000000","1000000","1000000","","","39000000","","","40000000","1000000","1000000","","","","","","","4000000","","26000000","6000000","","2000000","","1000000","","0","","","5000000","1000000","4000000","","5000000","","","2000000","1000000","4000000","","1000000","","1000000","6000000","",
"Gambia, The","GMB","Arms imports (SIPRI trend indicator values)","MS.MIL.MPRT.KD","","","","","","","","","","0","","","","","","","","","","","","3000000","","","","","","","","12000000","","","","","","","","","","","","","","","5000000","","","","","16000000","","","","","","","","","","","","","1000000","0","","",
"Guinea-Bissau","GNB","Arms imports (SIPRI trend indicator values)","MS.MIL.MPRT.KD","","","","","","","","","","","","","","","21000000","12000000","14000000","","14000000","24000000","2000000","1000000","","","11000000","","35000000","","20000000","","20000000","6000000","","5000000","","","","","","","","","","","","","","","","","","","","","","","","","","","","","","","","",
"Equatorial Guinea","GNQ","Arms imports (SIPRI trend indicator values)","MS.MIL.MPRT.KD","","","","","","","","","","","","","","","","","","","5000000","","1000000","","5000000","","","","","","","","","","","","","","","","","3000000","","7000000","","","7000000","11000000","7000000","28000000","30000000","68000000","3000000","56000000","60000000","2000000","92000000","","","","20000000","","","0","","","12000000","",
"Greece","GRC","Arms imports (SIPRI trend indicator values)","MS.MIL.MPRT.KD","272000000","92000000","340000000","108000000","641000000","499000000","214000000","375000000","107000000","306000000","305000000","581000000","689000000","246000000","428000000","912000000","1288000000","980000000","1281000000","734000000","660000000","951000000","462000000","403000000","366000000","189000000","202000000","36000000","561000000","1248000000","907000000","487000000","2146000000","892000000","1227000000","865000000","380000000","798000000","1718000000","837000000","714000000","794000000","409000000","2170000000","1098000000","406000000","719000000","1665000000","482000000","1228000000","630000000","70000000","19000000","28000000","204000000","728000000","302000000","51000000","39000000","93000000","92000000","231000000","441000000","404000000","623000000","",
"Grenada","GRD","Arms imports (SIPRI trend indicator values)","MS.MIL.MPRT.KD","","","","","","","","","","","","","","","","","","","","","","","1000000","","","","","","","","","","","","","","","","","","","","","","","","","","","","","","","","","","","","","","","","","","","",
"Greenland","GRL","Arms imports (SIPRI trend indicator values)","MS.MIL.MPRT.KD","","","","","","","","","","","","","","","","","","","","","","","","","","","","","","","","","","","","","","","","","","","","","","","","","","","","","","","","","","","","","","","","","","",
"Guatemala","GTM","Arms imports (SIPRI trend indicator values)","MS.MIL.MPRT.KD","16000000","","1000000","7000000","8000000","5000000","","1000000","16000000","1000000","","46000000","1000000","0","15000000","47000000","15000000","1000000","1000000","5000000","8000000","49000000","16000000","1000000","7000000","25000000","2000000","0","0","4000000","0","0","","13000000","4000000","4000000","2000000","","1000000","","","","","","","","","","0","","","","2000000","","","33000000","","","4000000","14000000","","","10000000","6000000","","",
"Guam","GUM","Arms imports (SIPRI trend indicator values)","MS.MIL.MPRT.KD","","","","","","","","","","","","","","","","","","","","","","","","","","","","","","","","","","","","","","","","","","","","","","","","","","","","","","","","","","","","","","","","","","",
"Guyana","GUY","Arms imports (SIPRI trend indicator values)","MS.MIL.MPRT.KD","","","","","","","","","0","","","2000000","","","2000000","0","16000000","5000000","1000000","5000000","4000000","14000000","","3000000","7000000","23000000","","","","","","","","","","","","","","","","7000000","3000000","","","","","","0","","","","","","","","","","0","2000000","","5000000","","5000000","9000000","",
"High income","HIC","Arms imports (SIPRI trend indicator values)","MS.MIL.MPRT.KD","9439000000","9119000000","9419000000","12627000000","17762000000","15602000000","11962000000","10956000000","11690000000","14532000000","11079000000","14093000000","11925000000","12956000000","13803000000","14870000000","15088000000","14074000000","15740000000","13030000000","15157000000","17425000000","15857000000","16228000000","14662000000","13659000000","17145000000","15888000000","16494000000","16808000000","15557000000","16204000000","15965000000","15978000000","12461000000","12904000000","14245000000","17910000000","19870000000","14230000000","9983000000","8475000000","7280000000","9529000000","10949000000","10894000000","13674000000","14371000000","12506000000","12167000000","12175000000","11927000000","9803000000","10412000000","11684000000","12830000000","12326000000","14389000000","12485000000","14463000000","13920000000","14752000000","20573000000","15151000000","17589000000","",
"Hong Kong SAR, China","HKG","Arms imports (SIPRI trend indicator values)","MS.MIL.MPRT.KD","","","","","","","","","","","","","","","","","","","","","","","","","","","","","","","","","","","","","","","","","","","","","","","","","","","","","","","","","","","","","","","","","","",
"Honduras","HND","Arms imports (SIPRI trend indicator values)","MS.MIL.MPRT.KD","","","14000000","","","1000000","6000000","","","20000000","","","","2000000","","31000000","30000000","34000000","33000000","9000000","13000000","31000000","34000000","37000000","25000000","35000000","75000000","13000000","44000000","17000000","","","","","","","","","","","","","","","","","","","0","","","0","0","20000000","13000000","8000000","","10000000","1000000","23000000","0","4000000","","","7000000","",
"Heavily indebted poor countries (HIPC)","HPC","Arms imports (SIPRI trend indicator values)","MS.MIL.MPRT.KD","150000000","232000000","183000000","148000000","235000000","258000000","493000000","433000000","286000000","448000000","777000000","","","474000000","","1127000000","1222000000","1792000000","2402000000","1320000000","1375000000","1846000000","1399000000","996000000","1316000000","848000000","","","","2351000000","","","","","","","","","","","","","","","","","","","","","","1585000000","1379000000","1054000000","792000000","451000000","766000000","","486000000","784000000","493000000","","","561000000","387000000","",
"Croatia","HRV","Arms imports (SIPRI trend indicator values)","MS.MIL.MPRT.KD","","","","","","","","","","","","","","","","","","","","","","","","","","","","","","","","1000000","29000000","29000000","53000000","1000000","12000000","45000000","","","","57000000","2000000","24000000","8000000","","","20000000","103000000","4000000","10000000","18000000","18000000","","27000000","11000000","20000000","13000000","3000000","5000000","","","29000000","89000000","90000000","",
"Haiti","HTI","Arms imports (SIPRI trend indicator values)","MS.MIL.MPRT.KD","6000000","","","","1000000","","","","","8000000","","","","5000000","5000000","1000000","1000000","0","9000000","","","3000000","4000000","3000000","","10000000","","","","","","","","","","","","","","","","","","","","","","","","","","","","","","","","","","","","","","","","",
"Hungary","HUN","Arms imports (SIPRI trend indicator values)","MS.MIL.MPRT.KD","604000000","580000000","295000000","376000000","747000000","667000000","150000000","287000000","271000000","449000000","24000000","239000000","123000000","394000000","554000000","495000000","378000000","394000000","660000000","485000000","388000000","147000000","183000000","176000000","307000000","229000000","80000000","77000000","42000000","68000000","15000000","22000000","","928000000","2000000","1000000","156000000","99000000","88000000","152000000","14000000","14000000","","","72000000","13000000","253000000","196000000","5000000","4000000","18000000","8000000","","2000000","7000000","","14000000","5000000","27000000","16000000","55000000","19000000","39000000","245000000","604000000","",
"IBRD only","IBD","Arms imports (SIPRI trend indicator values)","MS.MIL.MPRT.KD","7309000000","","5744000000","6298000000","7792000000","8103000000","8919000000","10035000000","9768000000","9819000000","10222000000","13020000000","14559000000","16380000000","15737000000","16909000000","16415000000","20573000000","20769000000","17476000000","18673000000","21242000000","20752000000","19213000000","19534000000","16115000000","16822000000","17452000000","13436000000","11244000000","10279000000","8810000000","7665000000","8168000000","9132000000","9410000000","8777000000","9930000000","6676000000","9252000000","8357000000","8701000000","9105000000","8565000000","9184000000","10127000000","11005000000","12567000000","10896000000","10209000000","10062000000","14266000000","14728000000","13446000000","13623000000","13128000000","16329000000","14889000000","12376000000","9669000000","8597000000","9486000000","11269000000","13084000000","11741000000","",
"IDA & IBRD total","IBT","Arms imports (SIPRI trend indicator values)","MS.MIL.MPRT.KD","7562000000","","6110000000","6794000000","8249000000","8815000000","10760000000","11627000000","11359000000","11792000000","12344000000","15278000000","17471000000","20531000000","20201000000","20329000000","18682000000","23956000000","25206000000","21734000000","23559000000","25525000000","25693000000","23546000000","24097000000","20166000000","20024000000","21274000000","16957000000","15716000000","14311000000","11771000000","8672000000","9825000000","10564000000","10470000000","9860000000","11369000000","8242000000","11048000000","9679000000","10060000000","10820000000","10117000000","10974000000","11533000000","12319000000","14039000000","12997000000","12531000000","14391000000","18500000000","18474000000","17193000000","15887000000","15660000000","18872000000","17068000000","14742000000","12401000000","10293000000","11607000000","13953000000","16511000000","13542000000","",
"IDA total","IDA","Arms imports (SIPRI trend indicator values)","MS.MIL.MPRT.KD","253000000","348000000","366000000","496000000","457000000","712000000","1841000000","1592000000","1591000000","1973000000","2122000000","","","4151000000","","3420000000","2267000000","3383000000","4437000000","4258000000","4886000000","4283000000","4941000000","4333000000","4563000000","4051000000","3202000000","3822000000","3521000000","4472000000","4032000000","2961000000","1007000000","","1432000000","","","1439000000","","","1322000000","","1715000000","1552000000","","","1314000000","1472000000","2101000000","","4329000000","4234000000","3746000000","3747000000","2264000000","2532000000","2543000000","2179000000","2366000000","2732000000","1696000000","2121000000","2684000000","3427000000","1801000000","",
"IDA blend","IDB","Arms imports (SIPRI trend indicator values)","MS.MIL.MPRT.KD","58000000","74000000","113000000","213000000","93000000","287000000","774000000","227000000","497000000","625000000","452000000","648000000","811000000","186000000","","756000000","460000000","530000000","1073000000","949000000","1566000000","1033000000","1509000000","906000000","1436000000","1373000000","753000000","962000000","511000000","1091000000","755000000","604000000","497000000","","994000000","","527000000","793000000","","","239000000","446000000","623000000","796000000","512000000","","369000000","767000000","1107000000","1299000000","2631000000","1258000000","1158000000","1318000000","1262000000","1096000000","1031000000","958000000","1083000000","794000000","836000000","1355000000","1641000000","2602000000","1097000000","",
"Indonesia","IDN","Arms imports (SIPRI trend indicator values)","MS.MIL.MPRT.KD","448000000","780000000","1026000000","206000000","596000000","317000000","16000000","1000000","0","9000000","27000000","92000000","5000000","73000000","73000000","4000000","156000000","62000000","124000000","370000000","898000000","790000000","356000000","228000000","100000000","289000000","433000000","265000000","285000000","249000000","202000000","11000000","51000000","210000000","472000000","284000000","378000000","101000000","85000000","161000000","160000000","22000000","75000000","353000000","84000000","33000000","63000000","578000000","240000000","445000000","224000000","258000000","216000000","830000000","1197000000","438000000","351000000","1100000000","357000000","239000000","282000000","366000000","86000000","390000000","186000000","",
"IDA only","IDX","Arms imports (SIPRI trend indicator values)","MS.MIL.MPRT.KD","195000000","274000000","253000000","283000000","364000000","425000000","1067000000","1365000000","1094000000","1348000000","1670000000","","","3965000000","","2664000000","1807000000","2853000000","3364000000","3309000000","3320000000","3250000000","3432000000","3427000000","3127000000","2678000000","2449000000","2860000000","","3381000000","","","","","","","","","","","","","1092000000","","","941000000","945000000","705000000","","","1698000000","2976000000","2588000000","2429000000","1002000000","1436000000","1512000000","1221000000","1283000000","1938000000","","766000000","1043000000","825000000","","",
"Isle of Man","IMN","Arms imports (SIPRI trend indicator values)","MS.MIL.MPRT.KD","","","","","","","","","","","","","","","","","","","","","","","","","","","","","","","","","","","","","","","","","","","","","","","","","","","","","","","","","","","","","","","","","","",
"India","IND","Arms imports (SIPRI trend indicator values)","MS.MIL.MPRT.KD","544000000","1147000000","396000000","681000000","955000000","1086000000","1007000000","1277000000","1665000000","1515000000","878000000","1882000000","1831000000","1351000000","1326000000","1133000000","1941000000","2374000000","1194000000","1199000000","1768000000","2123000000","2275000000","2637000000","2785000000","3003000000","4248000000","3920000000","3854000000","3676000000","2832000000","1873000000","1187000000","735000000","872000000","1396000000","831000000","1680000000","797000000","1227000000","987000000","1184000000","2001000000","2798000000","2242000000","1194000000","1479000000","2276000000","1624000000","1937000000","2891000000","3618000000","4494000000","5272000000","3201000000","2724000000","2558000000","2659000000","2011000000","3147000000","2646000000","3943000000","2629000000","1491000000","1168000000","",
"Not classified","INX","Arms imports (SIPRI trend indicator values)","MS.MIL.MPRT.KD","","","","","","","","","","","","","","","","","","","","","","","","","","","","","","","","","","","","","","","","","","","","","","","","","","","","","","","","","","","","","","","","","","",
"Ireland","IRL","Arms imports (SIPRI trend indicator values)","MS.MIL.MPRT.KD","1000000","","","2000000","12000000","","","","","","","14000000","27000000","8000000","6000000","9000000","","5000000","28000000","27000000","44000000","12000000","3000000","","11000000","2000000","38000000","","24000000","","","11000000","","","41000000","","","","3000000","33000000","0","42000000","21000000","","27000000","5000000","13000000","26000000","32000000","","4000000","","","","40000000","43000000","43000000","2000000","5000000","35000000","9000000","","1000000","63000000","","",
"Iran, Islamic Rep.","IRN","Arms imports (SIPRI trend indicator values)","MS.MIL.MPRT.KD","84000000","107000000","127000000","139000000","141000000","171000000","407000000","249000000","920000000","1377000000","1241000000","1783000000","1380000000","2055000000","2855000000","5210000000","4634000000","5692000000","3724000000","526000000","278000000","487000000","498000000","467000000","558000000","639000000","805000000","807000000","468000000","194000000","448000000","992000000","404000000","957000000","451000000","289000000","608000000","172000000","374000000","321000000","417000000","528000000","435000000","283000000","117000000","53000000","418000000","325000000","57000000","92000000","87000000","89000000","39000000","14000000","14000000","11000000","413000000","3000000","3000000","3000000","2000000","","","21000000","42000000","",
"Iraq","IRQ","Arms imports (SIPRI trend indicator values)","MS.MIL.MPRT.KD","176000000","130000000","278000000","201000000","321000000","248000000","341000000","364000000","392000000","418000000","185000000","187000000","627000000","1846000000","1425000000","1113000000","1136000000","1072000000","1796000000","1395000000","2252000000","2580000000","3258000000","3373000000","4540000000","3908000000","3393000000","3474000000","1917000000","1513000000","818000000","","","","","","","","","","","","","","73000000","193000000","308000000","299000000","379000000","418000000","480000000","622000000","520000000","373000000","629000000","1485000000","1831000000","945000000","455000000","144000000","5000000","","55000000","29000000","23000000","",
"Iceland","ISL","Arms imports (SIPRI trend indicator values)","MS.MIL.MPRT.KD","20000000","","","","","","","","27000000","","","","","","","27000000","","","","","","","","","","","","","","","","","","","","","","","","","","","","","","","","","","","","50000000","","","","","","","","","","","","","","",
"Israel","ISR","Arms imports (SIPRI trend indicator values)","MS.MIL.MPRT.KD","164000000","88000000","279000000","368000000","415000000","447000000","460000000","229000000","926000000","1365000000","1172000000","1413000000","963000000","2149000000","1094000000","1102000000","1937000000","1257000000","1322000000","696000000","1253000000","1663000000","866000000","475000000","271000000","296000000","1178000000","1080000000","582000000","24000000","81000000","1210000000","1335000000","716000000","761000000","366000000","105000000","54000000","1286000000","1261000000","389000000","116000000","350000000","189000000","846000000","1107000000","1125000000","840000000","680000000","162000000","76000000","86000000","137000000","160000000","549000000","688000000","622000000","535000000","461000000","486000000","349000000","458000000","849000000","863000000","211000000","",
"Italy","ITA","Arms imports (SIPRI trend indicator values)","MS.MIL.MPRT.KD","409000000","427000000","886000000","1217000000","1137000000","732000000","410000000","107000000","196000000","611000000","685000000","1104000000","1766000000","1019000000","1116000000","1016000000","711000000","517000000","682000000","591000000","468000000","129000000","241000000","303000000","273000000","205000000","198000000","183000000","179000000","196000000","153000000","202000000","184000000","201000000","195000000","327000000","280000000","519000000","56000000","25000000","278000000","241000000","245000000","580000000","452000000","143000000","384000000","467000000","159000000","94000000","98000000","286000000","189000000","71000000","127000000","237000000","734000000","709000000","275000000","178000000","201000000","211000000","237000000","485000000","432000000","",
"Jamaica","JAM","Arms imports (SIPRI trend indicator values)","MS.MIL.MPRT.KD","","","1000000","1000000","0","","","3000000","","","","1000000","","13000000","7000000","4000000","1000000","3000000","4000000","","","0","","","","5000000","3000000","","","4000000","","","","","","","","","10000000","10000000","","","","","","10000000","10000000","13000000","2000000","","1000000","","","1000000","","2000000","22000000","","19000000","3000000","10000000","29000000","","10000000","10000000","",
"Jordan","JOR","Arms imports (SIPRI trend indicator values)","MS.MIL.MPRT.KD","53000000","26000000","66000000","39000000","33000000","55000000","92000000","126000000","48000000","163000000","161000000","90000000","87000000","56000000","132000000","372000000","362000000","447000000","576000000","279000000","384000000","401000000","1061000000","634000000","629000000","292000000","206000000","137000000","247000000","74000000","16000000","24000000","","1000000","5000000","19000000","75000000","77000000","248000000","63000000","139000000","160000000","132000000","281000000","169000000","79000000","52000000","183000000","160000000","233000000","90000000","214000000","175000000","75000000","197000000","231000000","243000000","363000000","170000000","213000000","157000000","67000000","41000000","16000000","24000000","",
"Japan","JPN","Arms imports (SIPRI trend indicator values)","MS.MIL.MPRT.KD","790000000","335000000","263000000","239000000","1716000000","1155000000","324000000","610000000","557000000","488000000","502000000","605000000","484000000","468000000","730000000","1600000000","1478000000","791000000","903000000","922000000","1032000000","1308000000","1444000000","1692000000","2051000000","1971000000","1889000000","1942000000","1998000000","2283000000","2678000000","2940000000","2519000000","2130000000","1020000000","1246000000","867000000","834000000","1480000000","1248000000","488000000","418000000","433000000","452000000","390000000","369000000","463000000","553000000","990000000","990000000","658000000","300000000","239000000","342000000","316000000","343000000","332000000","446000000","764000000","992000000","929000000","1114000000","1571000000","957000000","977000000","",
"Kazakhstan","KAZ","Arms imports (SIPRI trend indicator values)","MS.MIL.MPRT.KD","","","","","","","","","","","","","","","","","","","","","","","","","","","","","","","","","","","","99000000","2000000","64000000","","72000000","121000000","139000000","22000000","","49000000","44000000","46000000","83000000","28000000","43000000","59000000","63000000","96000000","143000000","83000000","446000000","252000000","216000000","275000000","228000000","268000000","195000000","191000000","125000000","550000000","",
"Kenya","KEN","Arms imports (SIPRI trend indicator values)","MS.MIL.MPRT.KD","","","","","6000000","15000000","19000000","2000000","2000000","3000000","0","26000000","9000000","2000000","28000000","25000000","17000000","58000000","211000000","56000000","119000000","144000000","85000000","17000000","12000000","6000000","26000000","178000000","","47000000","43000000","14000000","","","30000000","","","61000000","","","15000000","","","","","","","11000000","","34000000","96000000","35000000","68000000","1000000","17000000","30000000","32000000","17000000","6000000","18000000","71000000","4000000","1000000","","17000000","",
"Kyrgyz Republic","KGZ","Arms imports (SIPRI trend indicator values)","MS.MIL.MPRT.KD","","","","","","","","","","","","","","","","","","","","","","","","","","","","","","","","","","","","","","","","","","","","10000000","6000000","3000000","2000000","","","","","","","","","4000000","8000000","12000000","1000000","15000000","","2000000","14000000","53000000","","",
"Cambodia","KHM","Arms imports (SIPRI trend indicator values)","MS.MIL.MPRT.KD","1000000","2000000","5000000","11000000","41000000","43000000","37000000","20000000","15000000","18000000","6000000","22000000","106000000","115000000","25000000","","","","43000000","","34000000","","","13000000","67000000","69000000","134000000","50000000","10000000","123000000","48000000","","","2000000","74000000","1000000","27000000","22000000","","","","","","","","","14000000","56000000","","4000000","34000000","","78000000","68000000","","","","","5000000","1000000","","35000000","32000000","54000000","","",
"Kiribati","KIR","Arms imports (SIPRI trend indicator values)","MS.MIL.MPRT.KD","","","","","","","","","","","","","","","","","","","","","","","","","","","","","","","","","","","6000000","","","","","","","","","","","","","","","","","","","","","","","","","","","7000000","","","","",
"St. Kitts and Nevis","KNA","Arms imports (SIPRI trend indicator values)","MS.MIL.MPRT.KD","","","","","","","","","","","","","","","","","","","","","","","","","","6000000","","","","","","","","","","","","","","","","","","","","","","","","","","","","","","","","","","","","","","","","",
"Korea, Rep.","KOR","Arms imports (SIPRI trend indicator values)","MS.MIL.MPRT.KD","200000000","180000000","132000000","214000000","282000000","632000000","571000000","130000000","352000000","578000000","93000000","243000000","406000000","262000000","450000000","653000000","555000000","1198000000","399000000","1323000000","877000000","872000000","673000000","496000000","524000000","764000000","869000000","785000000","1249000000","1849000000","1214000000","921000000","795000000","1024000000","1029000000","1965000000","1985000000","1230000000","1418000000","1636000000","1399000000","774000000","520000000","754000000","1055000000","803000000","1660000000","1730000000","1691000000","798000000","1299000000","1568000000","1077000000","189000000","742000000","268000000","1038000000","962000000","1030000000","1605000000","1273000000","812000000","423000000","218000000","1009000000","",
"Kuwait","KWT","Arms imports (SIPRI trend indicator values)","MS.MIL.MPRT.KD","44000000","","10000000","48000000","65000000","25000000","8000000","","106000000","97000000","54000000","109000000","30000000","","5000000","77000000","230000000","485000000","504000000","223000000","35000000","13000000","173000000","287000000","490000000","619000000","167000000","50000000","7000000","134000000","326000000","515000000","896000000","694000000","36000000","637000000","1191000000","482000000","46000000","198000000","226000000","67000000","22000000","42000000","2000000","12000000","5000000","288000000","5000000","8000000","87000000","116000000","31000000","73000000","701000000","317000000","159000000","114000000","96000000","55000000","67000000","889000000","2245000000","497000000","503000000","",
"Latin America & Caribbean (excluding high income)","LAC","Arms imports (SIPRI trend indicator values)","MS.MIL.MPRT.KD","830000000","1160000000","1610000000","588000000","390000000","421000000","530000000","625000000","1101000000","748000000","775000000","1084000000","1836000000","2125000000","","2167000000","2174000000","2998000000","2950000000","2188000000","2322000000","3151000000","2568000000","3381000000","","1434000000","1262000000","1493000000","949000000","1257000000","729000000","711000000","344000000","384000000","898000000","501000000","871000000","1745000000","649000000","928000000","639000000","1058000000","542000000","332000000","681000000","698000000","578000000","","442000000","624000000","829000000","812000000","912000000","520000000","776000000","1051000000","810000000","526000000","451000000","","562000000","488000000","","273000000","611000000","",
"Lao PDR","LAO","Arms imports (SIPRI trend indicator values)","MS.MIL.MPRT.KD","3000000","4000000","19000000","15000000","7000000","7000000","14000000","14000000","4000000","10000000","23000000","17000000","14000000","44000000","1000000","37000000","21000000","134000000","26000000","","35000000","54000000","1000000","94000000","26000000","59000000","","29000000","18000000","","8000000","","","","","","","43000000","22000000","30000000","7000000","","","0","","4000000","","","7000000","26000000","","15000000","19000000","19000000","","7000000","","2000000","123000000","27000000","17000000","3000000","","3000000","7000000","",
"Lebanon","LBN","Arms imports (SIPRI trend indicator values)","MS.MIL.MPRT.KD","","5000000","13000000","18000000","","34000000","72000000","80000000","1000000","","","10000000","52000000","54000000","41000000","11000000","4000000","8000000","2000000","19000000","37000000","9000000","36000000","93000000","192000000","71000000","","","","","","","40000000","40000000","18000000","42000000","27000000","9000000","8000000","4000000","4000000","","","","","1000000","","5000000","1000000","52000000","64000000","1000000","31000000","27000000","6000000","48000000","28000000","50000000","53000000","56000000","45000000","43000000","30000000","14000000","9000000","",
"Liberia","LBR","Arms imports (SIPRI trend indicator values)","MS.MIL.MPRT.KD","","","","","2000000","","","18000000","","","","1000000","1000000","","","","2000000","","1000000","","","","","","","","4000000","7000000","","12000000","3000000","","","","","","","","","1000000","9000000","","","","","","","","","","","","","","","","","","","","1000000","","0","","","",
"Libya","LBY","Arms imports (SIPRI trend indicator values)","MS.MIL.MPRT.KD","14000000","17000000","2000000","3000000","15000000","9000000","26000000","12000000","57000000","152000000","371000000","540000000","534000000","733000000","1767000000","1647000000","1858000000","3064000000","4222000000","3173000000","2951000000","3153000000","2749000000","1408000000","730000000","746000000","401000000","184000000","9000000","218000000","11000000","","","","","","","","","6000000","","","","","","1000000","16000000","16000000","16000000","22000000","37000000","8000000","73000000","118000000","","","2000000","","","33000000","0","","","34000000","5000000","",
"St. Lucia","LCA","Arms imports (SIPRI trend indicator values)","MS.MIL.MPRT.KD","","","","","","","","","","","","","","","","","","","","","","","","","","","","","","","","","","","","","","","","","","","","","","","","","","","","","","","","","","","","","","","","","","",
"Latin America & Caribbean","LCN","Arms imports (SIPRI trend indicator values)","MS.MIL.MPRT.KD","1219000000","1230000000","1761000000","746000000","432000000","489000000","679000000","","1201000000","792000000","872000000","1448000000","2089000000","2823000000","2394000000","2624000000","2834000000","3283000000","3197000000","2356000000","2880000000","4339000000","3637000000","3791000000","3690000000","2008000000","1559000000","1720000000","1177000000","1555000000","1094000000","1199000000","611000000","527000000","992000000","849000000","1076000000","2085000000","772000000","1228000000","1025000000","1231000000","678000000","534000000","754000000","1188000000","2063000000","","1663000000","1359000000","1558000000","1750000000","1678000000","1573000000","1130000000","1385000000","1025000000","587000000","549000000","","970000000","594000000","","385000000","644000000","",
"Least developed countries: UN classification","LDC","Arms imports (SIPRI trend indicator values)","MS.MIL.MPRT.KD","139000000","132000000","178000000","182000000","257000000","284000000","510000000","459000000","264000000","451000000","800000000","","","658000000","730000000","","","1952000000","2567000000","1354000000","1533000000","2007000000","1721000000","1675000000","1546000000","1437000000","1698000000","","","2823000000","","","","","","","","","","","","","1153000000","690000000","","889000000","731000000","597000000","618000000","","","","2020000000","1861000000","951000000","1426000000","1524000000","1188000000","1250000000","1869000000","808000000","672000000","1021000000","748000000","","",
"Low income","LIC","Arms imports (SIPRI trend indicator values)","MS.MIL.MPRT.KD","507000000","188000000","333000000","382000000","401000000","378000000","1702000000","2154000000","2356000000","1823000000","2152000000","2677000000","2252000000","4079000000","4614000000","2887000000","","1583000000","2310000000","3035000000","3043000000","2602000000","3080000000","3058000000","2591000000","2918000000","2763000000","3033000000","3263000000","3327000000","","","","","134000000","436000000","","242000000","","351000000","","","836000000","389000000","691000000","652000000","325000000","272000000","806000000","820000000","1471000000","","1460000000","1062000000","550000000","398000000","441000000","","633000000","597000000","473000000","","","286000000","","",
"Liechtenstein","LIE","Arms imports (SIPRI trend indicator values)","MS.MIL.MPRT.KD","","","","","","","","","","","","","","","","","","","","","","","","","","","","","","","","","","","","","","","","","","","","","","","","","","","","","","","","","","","","","","","","","","",
"Sri Lanka","LKA","Arms imports (SIPRI trend indicator values)","MS.MIL.MPRT.KD","4000000","","","","0","","","","","2000000","","33000000","47000000","","","1000000","0","17000000","7000000","","18000000","","","","48000000","42000000","28000000","111000000","19000000","6000000","19000000","168000000","22000000","37000000","77000000","64000000","207000000","48000000","83000000","62000000","289000000","159000000","43000000","34000000","48000000","57000000","96000000","91000000","79000000","21000000","5000000","21000000","","22000000","5000000","","","45000000","100000000","59000000","","54000000","3000000","5000000","9000000","",
"Lower middle income","LMC","Arms imports (SIPRI trend indicator values)","MS.MIL.MPRT.KD","1113000000","2133000000","1507000000","1898000000","2342000000","3441000000","4999000000","5318000000","4836000000","4670000000","4613000000","","7705000000","6077000000","","4234000000","3990000000","5032000000","4383000000","5879000000","7044000000","7637000000","9221000000","8405000000","8184000000","7116000000","7939000000","8423000000","6673000000","6239000000","5289000000","4033000000","3012000000","3791000000","4640000000","4350000000","3272000000","4453000000","2968000000","3744000000","3120000000","3532000000","4181000000","4832000000","4299000000","3383000000","3410000000","4419000000","3713000000","3977000000","7045000000","9140000000","8968000000","9198000000","7422000000","7689000000","8190000000","9155000000","7122000000","7150000000","5919000000","7735000000","6751000000","6493000000","3356000000","",
"Low & middle income","LMY","Arms imports (SIPRI trend indicator values)","MS.MIL.MPRT.KD","6233000000","","6108000000","5330000000","6328000000","6956000000","10007000000","10765000000","10990000000","10631000000","10826000000","14716000000","16287000000","18941000000","18809000000","18612000000","17240000000","21692000000","22574000000","20061000000","21311000000","23055000000","23812000000","22304000000","21928000000","18776000000","17982000000","19997000000","16203000000","14890000000","12871000000","11135000000","8190000000","9780000000","10397000000","10053000000","9501000000","10907000000","7792000000","10476000000","9106000000","9846000000","10439000000","9386000000","10149000000","10367000000","10311000000","11373000000","10831000000","11427000000","13285000000","17199000000","17123000000","15626000000","15005000000","15055000000","18244000000","16645000000","14470000000","12069000000","9487000000","11248000000","12992000000","14413000000","11178000000","",
"Lesotho","LSO","Arms imports (SIPRI trend indicator values)","MS.MIL.MPRT.KD","","","","","","","","","","","","","","","","","","1000000","","5000000","3000000","","","1000000","","0","10000000","","","8000000","","4000000","","","","","","","5000000","","","6000000","","","1000000","","1000000","","","","","","","","","","","1000000","1000000","1000000","","","","","","",
"Late-demographic dividend","LTE","Arms imports (SIPRI trend indicator values)","MS.MIL.MPRT.KD","4679000000","2559000000","2073000000","2634000000","3392000000","3502000000","4325000000","4450000000","5213000000","3873000000","4351000000","5600000000","4526000000","5470000000","4825000000","4872000000","4187000000","4211000000","4807000000","5859000000","5179000000","4981000000","4243000000","5267000000","5542000000","4552000000","4206000000","3710000000","3468000000","4255000000","3326000000","2975000000","3789000000","3582000000","3237000000","5437000000","6381000000","5709000000","2696000000","4735000000","4451000000","5094000000","4758000000","4359000000","5967000000","7986000000","7732000000","6321000000","5218000000","5291000000","4391000000","7110000000","6873000000","6561000000","7252000000","6463000000","6654000000","6953000000","7535000000","6338000000","4513000000","5974000000","9865000000","7663000000","6916000000","",
"Lithuania","LTU","Arms imports (SIPRI trend indicator values)","MS.MIL.MPRT.KD","","","","","","","","","","","","","","","","","","","","","","","","","","","","","","","","","70000000","10000000","","5000000","15000000","","15000000","9000000","6000000","16000000","14000000","1000000","47000000","11000000","53000000","4000000","27000000","27000000","8000000","","0","73000000","10000000","14000000","34000000","7000000","8000000","38000000","119000000","109000000","75000000","111000000","51000000","",
"Luxembourg","LUX","Arms imports (SIPRI trend indicator values)","MS.MIL.MPRT.KD","","","","","","","","","","","","","","","1000000","","","","","","","","1000000","","","","","","","","","","","","","","3000000","","","1000000","","","","1000000","","","","","","8000000","8000000","","","","","","","","","3000000","88000000","","0","1000000","3000000","",
"Latvia","LVA","Arms imports (SIPRI trend indicator values)","MS.MIL.MPRT.KD","","","","","","","","","","","","","","","","","","","","","","","","","","","","","","","","","0","8000000","12000000","16000000","0","0","0","4000000","3000000","14000000","4000000","25000000","13000000","5000000","9000000","51000000","46000000","11000000","16000000","27000000","9000000","5000000","5000000","3000000","28000000","30000000","21000000","31000000","10000000","15000000","34000000","42000000","10000000","",
"Macao SAR, China","MAC","Arms imports (SIPRI trend indicator values)","MS.MIL.MPRT.KD","","","","","","","","","","","","","","","","","","","","","","","","","","","","","","","","","","","","","","","","","","","","","","","","","","","","","","","","","","","","","","","","","","",
"St. Martin (French part)","MAF","Arms imports (SIPRI trend indicator values)","MS.MIL.MPRT.KD","","","","","","","","","","","","","","","","","","","","","","","","","","","","","","","","","","","","","","","","","","","","","","","","","","","","","","","","","","","","","","","","","","",
"Morocco","MAR","Arms imports (SIPRI trend indicator values)","MS.MIL.MPRT.KD","22000000","37000000","93000000","16000000","16000000","82000000","159000000","149000000","93000000","41000000","80000000","1000000","","21000000","198000000","207000000","216000000","408000000","419000000","725000000","468000000","799000000","527000000","394000000","72000000","50000000","31000000","32000000","111000000","126000000","137000000","62000000","17000000","98000000","117000000","28000000","89000000","220000000","","60000000","127000000","11000000","155000000","12000000","14000000","101000000","47000000","27000000","46000000","39000000","335000000","1283000000","1005000000","62000000","572000000","47000000","287000000","605000000","462000000","48000000","16000000","51000000","509000000","472000000","23000000","",
"Monaco","MCO","Arms imports (SIPRI trend indicator values)","MS.MIL.MPRT.KD","","","","","","","","","","","","","","","","","","","","","","","","","","","","","","","","","","","","","","","","","","","","","","","","","","","","","","","","","","","","","","","","","","",
"Moldova","MDA","Arms imports (SIPRI trend indicator values)","MS.MIL.MPRT.KD","","","","","","","","","","","","","","","","","","","","","","","","","","","","","","","","","8000000","","3000000","11000000","","","","","","","","","","","","","","","","","","","","","","","","","","","","13000000","","",
"Madagascar","MDG","Arms imports (SIPRI trend indicator values)","MS.MIL.MPRT.KD","","3000000","","1000000","0","7000000","","12000000","1000000","1000000","","0","0","","17000000","6000000","","","","64000000","43000000","1000000","","8000000","","6000000","","","","","","","","","","","21000000","","","","","","","","","","","","","","","","","","","","","","1000000","1000000","1000000","","","","","",
"Maldives","MDV","Arms imports (SIPRI trend indicator values)","MS.MIL.MPRT.KD","","","","","","","","","","","","","","","","","","","","","","","","","","","","","","","","","2000000","","","","","0","8000000","","","","","","","","15000000","","","","5000000","","","5000000","","","","","","2000000","3000000","2000000","","","7000000","",
"Middle East, North Africa, Afghanistan & Pakistan","MEA","Arms imports (SIPRI trend indicator values)","MS.MIL.MPRT.KD","900000000","1130000000","1826000000","1978000000","2247000000","2870000000","5090000000","5491000000","5751000000","6949000000","6506000000","7684000000","9587000000","13392000000","12961000000","12863000000","12870000000","16886000000","17124000000","13578000000","14606000000","16355000000","18647000000","15687000000","14528000000","12374000000","12818000000","12980000000","7904000000","8934000000","9310000000","8285000000","5840000000","7952000000","6246000000","5784000000","6504000000","6938000000","7281000000","5857000000","3697000000","3054000000","4214000000","3284000000","5230000000","5995000000","5958000000","5081000000","5981000000","5789000000","7973000000","9129000000","7535000000","8481000000","9301000000","11352000000","14219000000","13360000000","11264000000","9628000000","8056000000","8573000000","13894000000","10505000000","6143000000","",
"Mexico","MEX","Arms imports (SIPRI trend indicator values)","MS.MIL.MPRT.KD","20000000","30000000","109000000","60000000","38000000","11000000","22000000","15000000","","","82000000","48000000","15000000","158000000","61000000","104000000","69000000","39000000","74000000","68000000","75000000","115000000","343000000","116000000","","8000000","143000000","154000000","103000000","63000000","32000000","40000000","19000000","160000000","136000000","55000000","92000000","495000000","19000000","136000000","215000000","149000000","97000000","20000000","321000000","33000000","78000000","","23000000","59000000","109000000","225000000","260000000","52000000","89000000","322000000","327000000","215000000","16000000","","242000000","3000000","","4000000","46000000","",
"Marshall Islands","MHL","Arms imports (SIPRI trend indicator values)","MS.MIL.MPRT.KD","","","","","","","","","","","","","","","","","","","","","","","","","","","","","2000000","","","6000000","","","","","","","","","","","","","","","","","","","","","","","","","","","","","","","","","","",
"Middle income","MIC","Arms imports (SIPRI trend indicator values)","MS.MIL.MPRT.KD","5726000000","","5775000000","4948000000","5927000000","6578000000","8305000000","8611000000","8634000000","8808000000","8674000000","12039000000","14035000000","14862000000","14195000000","15725000000","15440000000","20109000000","20264000000","17026000000","18268000000","20453000000","20732000000","19246000000","19337000000","15858000000","15219000000","16964000000","12940000000","11563000000","9956000000","9137000000","7707000000","9435000000","10263000000","9617000000","9205000000","10665000000","7383000000","10125000000","8690000000","9489000000","9603000000","8997000000","9458000000","9715000000","9986000000","11101000000","10025000000","10607000000","11814000000","15300000000","15663000000","14564000000","14455000000","14657000000","17803000000","16211000000","13837000000","11472000000","9014000000","10905000000","12698000000","14127000000","11085000000","",
"North Macedonia","MKD","Arms imports (SIPRI trend indicator values)","MS.MIL.MPRT.KD","","","","","","","","","","","","","","","","","","","","","","","","","","","","","","","","","","","29000000","0","","","11000000","81000000","17000000","118000000","","","","","0","","","6000000","","","0","1000000","","","0","","","","","","1000000","5000000","1000000","",
"Mali","MLI","Arms imports (SIPRI trend indicator values)","MS.MIL.MPRT.KD","","3000000","10000000","4000000","","","1000000","12000000","","2000000","","15000000","","","","11000000","89000000","","","","","91000000","4000000","15000000","13000000","0","","","2000000","","1000000","","","","0","","","9000000","4000000","","7000000","","1000000","3000000","","13000000","","8000000","3000000","10000000","","0","9000000","7000000","1000000","","22000000","32000000","27000000","18000000","44000000","38000000","62000000","82000000","10000000","",
"Malta","MLT","Arms imports (SIPRI trend indicator values)","MS.MIL.MPRT.KD","","","","","","","","","","","","","0","0","","","","","8000000","","1000000","","","","","","","","","","","","13000000","","","0","1000000","6000000","0","","0","0","4000000","","4000000","18000000","","","","","","8000000","8000000","","12000000","10000000","6000000","8000000","","","","","","45000000","","",
"Myanmar","MMR","Arms imports (SIPRI trend indicator values)","MS.MIL.MPRT.KD","6000000","17000000","14000000","27000000","18000000","19000000","3000000","13000000","6000000","22000000","4000000","28000000","4000000","","","53000000","10000000","9000000","25000000","19000000","40000000","","38000000","","","","9000000","","","34000000","278000000","239000000","31000000","331000000","97000000","224000000","115000000","231000000","156000000","141000000","16000000","153000000","156000000","100000000","192000000","179000000","206000000","153000000","80000000","65000000","62000000","668000000","398000000","250000000","110000000","257000000","281000000","207000000","200000000","204000000","217000000","67000000","229000000","128000000","222000000","",
"Middle East, North Africa, Afghanistan & Pakistan (excluding high income)","MNA","Arms imports (SIPRI trend indicator values)","MS.MIL.MPRT.KD","676000000","1030000000","1515000000","1561000000","1761000000","2349000000","4393000000","5034000000","4251000000","5019000000","5092000000","6050000000","8430000000","10892000000","11158000000","10920000000","9542000000","13505000000","13941000000","11807000000","11940000000","12276000000","14863000000","12115000000","12064000000","9856000000","8315000000","9303000000","6244000000","6538000000","5876000000","5200000000","2137000000","3540000000","3735000000","3012000000","2459000000","2323000000","1974000000","2320000000","2308000000","2567000000","2963000000","2179000000","","2376000000","2338000000","2839000000","4086000000","3807000000","5897000000","6315000000","4924000000","3672000000","3819000000","5112000000","8473000000","6840000000","5657000000","2913000000","3172000000","2728000000","3389000000","4558000000","1386000000","",
"Montenegro","MNE","Arms imports (SIPRI trend indicator values)","MS.MIL.MPRT.KD","","","","","","","","","","","","","","","","","","","","","","","","","","","","","","","","","","","","","","","","","","","","","","","","","","","","","","","","1000000","0","","15000000","","5000000","1000000","2000000","","5000000","",
"Mongolia","MNG","Arms imports (SIPRI trend indicator values)","MS.MIL.MPRT.KD","10000000","66000000","90000000","86000000","120000000","137000000","116000000","63000000","15000000","22000000","15000000","13000000","8000000","58000000","76000000","195000000","31000000","30000000","47000000","29000000","60000000","72000000","156000000","118000000","114000000","98000000","27000000","36000000","27000000","","","","","","","","","","","","","","","","","","","","15000000","","64000000","3000000","78000000","","","73000000","","","","17000000","","25000000","3000000","","","",
"Northern Mariana Islands","MNP","Arms imports (SIPRI trend indicator values)","MS.MIL.MPRT.KD","","","","","","","","","","","","","","","","","","","","","","","","","","","","","","","","","","","","","","","","","","","","","","","","","","","","","","","","","","","","","","","","","","",
"Mozambique","MOZ","Arms imports (SIPRI trend indicator values)","MS.MIL.MPRT.KD","","","","","","","","","","","","","","","","28000000","34000000","152000000","494000000","111000000","52000000","60000000","64000000","59000000","94000000","73000000","6000000","","","","","","","","","","","","","2000000","","","","1000000","","","","","","","","0","0","9000000","16000000","5000000","46000000","","3000000","22000000","1000000","18000000","5000000","3000000","1000000","",
"Mauritania","MRT","Arms imports (SIPRI trend indicator values)","MS.MIL.MPRT.KD","2000000","1000000","1000000","6000000","1000000","1000000","","","","","21000000","13000000","","1000000","5000000","5000000","15000000","29000000","17000000","24000000","","19000000","16000000","","0","3000000","","","","8000000","16000000","18000000","","","16000000","3000000","3000000","8000000","4000000","","31000000","","27000000","7000000","","","","","","","17000000","5000000","11000000","","8000000","1000000","35000000","","1000000","34000000","","6000000","","2000000","126000000","",
"Mauritius","MUS","Arms imports (SIPRI trend indicator values)","MS.MIL.MPRT.KD","","","","","","","","","0","","","0","","","2000000","","","","","3000000","","","","","","1000000","","","","","10000000","","","8000000","","","29000000","1000000","","","","","","","10000000","","","","","","","","","","28000000","","28000000","19000000","","","","1000000","4000000","","","",
"Malawi","MWI","Arms imports (SIPRI trend indicator values)","MS.MIL.MPRT.KD","","","","","5000000","","","","","","","","0","","","","2000000","6000000","7000000","8000000","14000000","14000000","","","1000000","6000000","10000000","1000000","2000000","3000000","10000000","","","","4000000","","","","","","","","","","","","","","3000000","","","","1000000","2000000","2000000","2000000","0","","","","","","19000000","","","",
"Malaysia","MYS","Arms imports (SIPRI trend indicator values)","MS.MIL.MPRT.KD","5000000","2000000","31000000","75000000","97000000","10000000","58000000","128000000","91000000","79000000","25000000","195000000","109000000","229000000","74000000","85000000","394000000","146000000","72000000","310000000","127000000","56000000","25000000","275000000","543000000","405000000","141000000","5000000","14000000","37000000","","33000000","13000000","13000000","308000000","828000000","32000000","553000000","39000000","721000000","26000000","26000000","153000000","190000000","69000000","58000000","184000000","498000000","493000000","1284000000","212000000","4000000","18000000","79000000","75000000","118000000","271000000","195000000","93000000","68000000","52000000","133000000","71000000","7000000","","",
"North America","NAC","Arms imports (SIPRI trend indicator values)","MS.MIL.MPRT.KD","352000000","1774000000","1456000000","1295000000","1100000000","733000000","395000000","325000000","398000000","566000000","661000000","1035000000","1145000000","734000000","815000000","583000000","552000000","474000000","499000000","446000000","822000000","985000000","525000000","1112000000","1035000000","1502000000","1269000000","2780000000","2500000000","1820000000","520000000","1282000000","947000000","1164000000","1424000000","1214000000","1020000000","963000000","372000000","364000000","863000000","1028000000","934000000","771000000","937000000","688000000","803000000","1320000000","1359000000","1043000000","1203000000","1293000000","1349000000","969000000","876000000","882000000","685000000","850000000","548000000","1077000000","1046000000","1253000000","936000000","868000000","1358000000","",
"Namibia","NAM","Arms imports (SIPRI trend indicator values)","MS.MIL.MPRT.KD","","","","","","","","","","","","","","","","","","","","","","","","","","","","","","","","","","","2000000","4000000","","5000000","5000000","","","21000000","11000000","","16000000","","75000000","","25000000","15000000","3000000","1000000","57000000","9000000","2000000","","3000000","35000000","","","","","","","54000000","",
"New Caledonia","NCL","Arms imports (SIPRI trend indicator values)","MS.MIL.MPRT.KD","","","","","","","","","","","","","","","","","","","","","","","","","","","","","","","","","","","","","","","","","","","","","","","","","","","","","","","","","","","","","","","","","","",
"Niger","NER","Arms imports (SIPRI trend indicator values)","MS.MIL.MPRT.KD","1000000","1000000","","","1000000","1000000","","","","2000000","1000000","12000000","","","3000000","","","","2000000","57000000","8000000","","6000000","25000000","3000000","","3000000","","","","","14000000","","","","","","3000000","","","","","","6000000","","","","","8000000","1000000","","","","12000000","3000000","10000000","0","3000000","1000000","5000000","19000000","16000000","33000000","15000000","","",
"Nigeria","NGA","Arms imports (SIPRI trend indicator values)","MS.MIL.MPRT.KD","","1000000","8000000","9000000","2000000","56000000","159000000","47000000","50000000","39000000","14000000","12000000","113000000","7000000","24000000","424000000","104000000","90000000","142000000","108000000","474000000","331000000","642000000","41000000","359000000","569000000","211000000","115000000","62000000","15000000","18000000","4000000","59000000","41000000","95000000","2000000","15000000","1000000","","","36000000","9000000","6000000","66000000","11000000","","16000000","62000000","33000000","65000000","223000000","63000000","28000000","30000000","232000000","188000000","61000000","41000000","49000000","18000000","85000000","283000000","54000000","93000000","67000000","",
"Nicaragua","NIC","Arms imports (SIPRI trend indicator values)","MS.MIL.MPRT.KD","2000000","8000000","6000000","6000000","2000000","0","2000000","","","","","5000000","5000000","10000000","","","8000000","19000000","13000000","","","44000000","69000000","50000000","167000000","90000000","91000000","157000000","63000000","14000000","107000000","1000000","","","","","","","","","","","","","","","","14000000","","15000000","","","","","13000000","14000000","86000000","7000000","","13000000","","","","","","",
"Netherlands","NLD","Arms imports (SIPRI trend indicator values)","MS.MIL.MPRT.KD","302000000","321000000","382000000","719000000","907000000","745000000","199000000","758000000","286000000","566000000","699000000","698000000","662000000","21000000","40000000","96000000","285000000","606000000","717000000","792000000","645000000","755000000","1241000000","1331000000","1173000000","892000000","791000000","614000000","383000000","694000000","273000000","322000000","237000000","140000000","205000000","84000000","203000000","126000000","269000000","278000000","123000000","164000000","247000000","128000000","130000000","86000000","304000000","221000000","146000000","262000000","188000000","126000000","205000000","505000000","8000000","58000000","73000000","33000000","140000000","494000000","575000000","512000000","733000000","372000000","360000000","",
"Norway","NOR","Arms imports (SIPRI trend indicator values)","MS.MIL.MPRT.KD","153000000","93000000","60000000","227000000","260000000","368000000","759000000","685000000","289000000","534000000","154000000","86000000","68000000","63000000","55000000","49000000","35000000","27000000","24000000","47000000","254000000","435000000","457000000","441000000","337000000","122000000","141000000","192000000","308000000","600000000","435000000","321000000","253000000","180000000","93000000","77000000","151000000","158000000","152000000","150000000","229000000","99000000","90000000","9000000","6000000","14000000","557000000","596000000","603000000","571000000","150000000","607000000","147000000","51000000","16000000","143000000","142000000","353000000","520000000","394000000","435000000","522000000","700000000","200000000","349000000","",
"Nepal","NPL","Arms imports (SIPRI trend indicator values)","MS.MIL.MPRT.KD","","","","","","2000000","0","","","","8000000","8000000","3000000","5000000","2000000","15000000","6000000","","","","","1000000","","","3000000","3000000","","","","1000000","","","5000000","","","1000000","","","","","","12000000","10000000","10000000","36000000","7000000","","","1000000","","","3000000","","","5000000","15000000","9000000","1000000","7000000","37000000","","0","","","","",
"Nauru","NRU","Arms imports (SIPRI trend indicator values)","MS.MIL.MPRT.KD","","","","","","","","","","","","","","","","","","","","","","","","","","","","","","","","","","","","","","","","","","","","","","","","","","","","","","","","","","","","","","","","","","",
"New Zealand","NZL","Arms imports (SIPRI trend indicator values)","MS.MIL.MPRT.KD","119000000","111000000","8000000","5000000","","10000000","406000000","4000000","56000000","","168000000","133000000","23000000","23000000","10000000","51000000","7000000","34000000","","","","31000000","62000000","100000000","41000000","8000000","29000000","5000000","61000000","26000000","23000000","42000000","54000000","36000000","16000000","7000000","7000000","309000000","15000000","305000000","","45000000","17000000","154000000","187000000","","6000000","81000000","3000000","56000000","78000000","28000000","30000000","26000000","84000000","89000000","","","6000000","3000000","146000000","36000000","171000000","405000000","200000000","",
"OECD members","OED","Arms imports (SIPRI trend indicator values)","MS.MIL.MPRT.KD","8918000000","8855000000","8850000000","12167000000","17463000000","14743000000","11344000000","10085000000","10406000000","13060000000","9282000000","13446000000","11590000000","12442000000","12780000000","13400000000","12661000000","10475000000","12877000000","11054000000","12243000000","13343000000","11720000000","11865000000","11880000000","10340000000","11913000000","13320000000","15382000000","14443000000","11028000000","14121000000","14596000000","13440000000","11612000000","10485000000","9996000000","9930000000","13673000000","11549000000","8995000000","8163000000","6898000000","8863000000","8158000000","7653000000","11139000000","13198000000","10559000000","9686000000","9732000000","8847000000","7919000000","5156000000","6972000000","7287000000","6761000000","8009000000","7098000000","8450000000","9268000000","9107000000","10192000000","9379000000","11872000000","",
"Oman","OMN","Arms imports (SIPRI trend indicator values)","MS.MIL.MPRT.KD","1000000","","","1000000","1000000","1000000","2000000","7000000","5000000","36000000","26000000","62000000","11000000","71000000","67000000","181000000","150000000","250000000","81000000","43000000","12000000","72000000","180000000","358000000","120000000","88000000","49000000","40000000","19000000","117000000","60000000","","","55000000","145000000","278000000","285000000","157000000","22000000","","121000000","33000000","40000000","37000000","49000000","178000000","296000000","12000000","72000000","95000000","31000000","21000000","127000000","492000000","719000000","152000000","422000000","757000000","282000000","88000000","85000000","4000000","5000000","4000000","","",
"Other small states","OSS","Arms imports (SIPRI trend indicator values)","MS.MIL.MPRT.KD","20000000","","","","18000000","27000000","1000000","18000000","29000000","","5000000","","1000000","10000000","","","","","","","","","","","","","","","","","","","","","","","219000000","149000000","","","34000000","","76000000","","45000000","85000000","","","","","","351000000","53000000","","","","","93000000","","","","104000000","","","","",
"Pakistan","PAK","Arms imports (SIPRI trend indicator values)","MS.MIL.MPRT.KD","42000000","69000000","88000000","181000000","85000000","214000000","592000000","151000000","415000000","557000000","422000000","553000000","664000000","162000000","225000000","223000000","276000000","270000000","655000000","696000000","900000000","491000000","544000000","784000000","863000000","751000000","280000000","617000000","412000000","974000000","635000000","511000000","352000000","992000000","862000000","368000000","506000000","691000000","699000000","867000000","175000000","412000000","566000000","645000000","471000000","431000000","324000000","694000000","1073000000","1194000000","2226000000","1141000000","1020000000","1106000000","856000000","759000000","853000000","872000000","894000000","656000000","620000000","978000000","1540000000","2393000000","982000000","",
"Panama","PAN","Arms imports (SIPRI trend indicator values)","MS.MIL.MPRT.KD","","","","","0","","","","0","3000000","15000000","18000000","2000000","16000000","","27000000","6000000","4000000","5000000","","3000000","4000000","13000000","8000000","0","7000000","","","23000000","2000000","","","","","","","","","","","","","","","","","","","","","","","","","","","","","","","","","","","","",
"Peru","PER","Arms imports (SIPRI trend indicator values)","MS.MIL.MPRT.KD","191000000","96000000","14000000","24000000","18000000","52000000","65000000","26000000","188000000","96000000","35000000","157000000","198000000","476000000","561000000","555000000","373000000","933000000","748000000","641000000","697000000","858000000","271000000","320000000","361000000","215000000","250000000","611000000","241000000","10000000","104000000","108000000","130000000","43000000","175000000","47000000","121000000","373000000","51000000","94000000","18000000","10000000","16000000","22000000","47000000","368000000","193000000","172000000","","43000000","46000000","71000000","5000000","15000000","153000000","211000000","168000000","28000000","103000000","0","28000000","62000000","38000000","22000000","4000000","",
"Philippines","PHL","Arms imports (SIPRI trend indicator values)","MS.MIL.MPRT.KD","50000000","44000000","11000000","4000000","2000000","102000000","86000000","43000000","16000000","26000000","9000000","90000000","52000000","106000000","60000000","133000000","256000000","198000000","143000000","92000000","75000000","39000000","17000000","117000000","39000000","23000000","","26000000","12000000","19000000","33000000","34000000","43000000","62000000","72000000","28000000","41000000","70000000","64000000","","","10000000","5000000","10000000","34000000","12000000","23000000","16000000","10000000","1000000","3000000","63000000","21000000","83000000","12000000","153000000","228000000","278000000","17000000","191000000","350000000","331000000","280000000","125000000","238000000","",
"Palau","PLW","Arms imports (SIPRI trend indicator values)","MS.MIL.MPRT.KD","","","","","","","","","","","","","","","","","","","","","","","","","","","","","","","2000000","","","","","","6000000","","","","","","","","","","","","","","","","","","","","","","","","7000000","","","","","",
"Papua New Guinea","PNG","Arms imports (SIPRI trend indicator values)","MS.MIL.MPRT.KD","","","","","","","","","","","","","","","","32000000","","3000000","2000000","","","2000000","4000000","","2000000","","8000000","12000000","6000000","6000000","4000000","10000000","10000000","","1000000","","1000000","7000000","","","","","","","","","","","","","","","","","3000000","","","0","8000000","","","14000000","","9000000","","",
"Poland","POL","Arms imports (SIPRI trend indicator values)","MS.MIL.MPRT.KD","884000000","855000000","676000000","995000000","1548000000","1138000000","980000000","745000000","866000000","940000000","804000000","930000000","855000000","1045000000","1066000000","965000000","788000000","928000000","1116000000","1131000000","1094000000","811000000","729000000","533000000","466000000","925000000","1389000000","1036000000","903000000","501000000","228000000","76000000","100000000","4000000","74000000","250000000","102000000","1000000","3000000","25000000","148000000","33000000","256000000","347000000","223000000","105000000","442000000","969000000","650000000","199000000","175000000","142000000","227000000","146000000","275000000","127000000","47000000","128000000","52000000","208000000","153000000","68000000","409000000","1334000000","1448000000","",
"Pre-demographic dividend","PRE","Arms imports (SIPRI trend indicator values)","MS.MIL.MPRT.KD","276000000","240000000","395000000","315000000","515000000","520000000","880000000","800000000","679000000","855000000","885000000","973000000","1091000000","2276000000","2138000000","","","1941000000","3652000000","2804000000","3950000000","4648000000","5145000000","4556000000","6232000000","5414000000","4824000000","5796000000","","3930000000","2843000000","","","","297000000","","","270000000","","","433000000","","390000000","475000000","","","583000000","622000000","912000000","1192000000","1673000000","2263000000","1808000000","1259000000","1666000000","2150000000","2662000000","1603000000","1271000000","985000000","644000000","","489000000","646000000","447000000","",
"Puerto Rico (US)","PRI","Arms imports (SIPRI trend indicator values)","MS.MIL.MPRT.KD","","","","","","","","","","","","","","","","","","","","","","","","","","","","","","","","","","","","","","","","","","","","","","","","","","","","","","","","","","","","","","","","","","",
"Korea, Dem. People's Rep.","PRK","Arms imports (SIPRI trend indicator values)","MS.MIL.MPRT.KD","405000000","69000000","181000000","197000000","168000000","118000000","862000000","876000000","1323000000","624000000","649000000","1502000000","482000000","550000000","808000000","591000000","487000000","297000000","354000000","313000000","487000000","347000000","527000000","339000000","112000000","963000000","1075000000","813000000","818000000","561000000","340000000","251000000","183000000","146000000","79000000","184000000","118000000","54000000","54000000","54000000","63000000","73000000","54000000","35000000","8000000","5000000","5000000","5000000","5000000","4000000","1000000","","","","","","","","","","","","","","","",
"Portugal","PRT","Arms imports (SIPRI trend indicator values)","MS.MIL.MPRT.KD","31000000","157000000","28000000","41000000","45000000","63000000","241000000","283000000","373000000","338000000","370000000","266000000","16000000","16000000","117000000","326000000","64000000","94000000","130000000","5000000","36000000","57000000","184000000","12000000","109000000","154000000","5000000","9000000","90000000","149000000","70000000","1012000000","19000000","350000000","453000000","20000000","9000000","2000000","16000000","3000000","3000000","19000000","","29000000","70000000","158000000","220000000","60000000","145000000","371000000","891000000","170000000","42000000","11000000","3000000","1000000","21000000","8000000","19000000","44000000","45000000","6000000","","67000000","61000000","",
"Paraguay","PRY","Arms imports (SIPRI trend indicator values)","MS.MIL.MPRT.KD","9000000","","11000000","0","8000000","1000000","1000000","5000000","9000000","","0","1000000","12000000","0","1000000","20000000","3000000","","9000000","1000000","18000000","5000000","3000000","0","3000000","34000000","4000000","","13000000","","6000000","3000000","1000000","","","","2000000","","","","","6000000","","","4000000","1000000","","","","","3000000","8000000","7000000","0","","","","","","2000000","","5000000","","","","",
"West Bank and Gaza","PSE","Arms imports (SIPRI trend indicator values)","MS.MIL.MPRT.KD","","","","","","","","","","","","","","","","","","","","","","","","","","","","","","","","","","","5000000","1000000","9000000","","","","","","","","","","","2000000","","15000000","5000000","","","","","","1000000","","","1000000","","","","2000000","","",
"Pacific island small states","PSS","Arms imports (SIPRI trend indicator values)","MS.MIL.MPRT.KD","","","","","","","","","","","","","","","","","","","","","","","","","","","","","","","23000000","","","","18000000","12000000","","","","","","","","","","","","","","","","","","","","","","","","","","","","","","",
"Post-demographic dividend","PST","Arms imports (SIPRI trend indicator values)","MS.MIL.MPRT.KD","7550000000","8512000000","9325000000","10827000000","15146000000","12985000000","9709000000","8830000000","8476000000","10794000000","7780000000","10602000000","9507000000","8643000000","9977000000","10918000000","10020000000","9159000000","10615000000","9110000000","10471000000","11960000000","10680000000","11607000000","10841000000","9498000000","9812000000","10264000000","12983000000","13150000000","10735000000","12207000000","11250000000","10124000000","8768000000","7944000000","8321000000","8128000000","10330000000","8486000000","7521000000","7281000000","5250000000","7716000000","6790000000","5524000000","8031000000","10177000000","9291000000","9431000000","9084000000","8097000000","6383000000","4603000000","4359000000","5613000000","6036000000","7036000000","6673000000","7685000000","8199000000","8485000000","12104000000","11396000000","15201000000","",
"French Polynesia","PYF","Arms imports (SIPRI trend indicator values)","MS.MIL.MPRT.KD","","","","","","","","","","","","","","","","","","","","","","","","","","","","","","","","","","","","","","","","","","","","","","","","","","","","","","","","","","","","","","","","","","",
"Qatar","QAT","Arms imports (SIPRI trend indicator values)","MS.MIL.MPRT.KD","","","","","","","","","2000000","3000000","6000000","16000000","","","","38000000","26000000","55000000","16000000","14000000","57000000","48000000","127000000","460000000","320000000","2000000","2000000","57000000","91000000","10000000","5000000","17000000","63000000","10000000","9000000","10000000","204000000","238000000","302000000","61000000","3000000","","","","","","","27000000","","286000000","30000000","190000000","335000000","82000000","55000000","490000000","596000000","291000000","637000000","2292000000","1175000000","2082000000","3373000000","2000000000","1152000000","",
"Romania","ROU","Arms imports (SIPRI trend indicator values)","MS.MIL.MPRT.KD","116000000","30000000","179000000","230000000","421000000","520000000","401000000","442000000","591000000","399000000","561000000","471000000","497000000","538000000","673000000","636000000","294000000","348000000","296000000","642000000","516000000","470000000","445000000","284000000","243000000","330000000","455000000","214000000","199000000","297000000","599000000","65000000","187000000","14000000","29000000","2000000","39000000","61000000","170000000","142000000","21000000","24000000","21000000","17000000","285000000","432000000","64000000","101000000","80000000","59000000","107000000","80000000","21000000","20000000","0","22000000","177000000","88000000","35000000","13000000","168000000","143000000","186000000","344000000","278000000","",
"Russian Federation","RUS","Arms imports (SIPRI trend indicator values)","MS.MIL.MPRT.KD","","","","","","","","","","","","","","","","","","","","","","","","","","","","","","","","","40000000","","","","","","","","","","","","","","","90000000","","8000000","25000000","10000000","121000000","184000000","207000000","113000000","127000000","94000000","62000000","5000000","1000000","6000000","75000000","219000000","467000000","",
"Rwanda","RWA","Arms imports (SIPRI trend indicator values)","MS.MIL.MPRT.KD","","","11000000","","0","0","","","","","","0","0","2000000","1000000","3000000","","1000000","","","","","","4000000","6000000","3000000","2000000","","2000000","2000000","3000000","5000000","5000000","","","","1000000","3000000","9000000","21000000","15000000","","","","","","3000000","20000000","8000000","11000000","","","5000000","15000000","15000000","29000000","","8000000","3000000","1000000","","58000000","17000000","37000000","","",
"South Asia","SAS","Arms imports (SIPRI trend indicator values)","MS.MIL.MPRT.KD","548000000","1147000000","396000000","681000000","955000000","1088000000","1007000000","1277000000","1666000000","1517000000","886000000","1933000000","1883000000","1432000000","1372000000","1188000000","2017000000","2453000000","1246000000","1200000000","1841000000","2196000000","2403000000","2746000000","2845000000","3160000000","4280000000","4032000000","4115000000","3985000000","3050000000","2120000000","1329000000","821000000","1010000000","1584000000","1045000000","1754000000","889000000","1473000000","1476000000","1629000000","2091000000","2850000000","2358000000","1268000000","1811000000","2447000000","1716000000","1958000000","2937000000","3759000000","4677000000","5947000000","3418000000","3380000000","3019000000","3039000000","2279000000","3961000000","2719000000","4058000000","2955000000","1565000000","1259000000","",
"Saudi Arabia","SAU","Arms imports (SIPRI trend indicator values)","MS.MIL.MPRT.KD","15000000","12000000","22000000","","5000000","48000000","227000000","221000000","448000000","416000000","87000000","10000000","120000000","192000000","536000000","392000000","702000000","1028000000","1023000000","767000000","1085000000","1816000000","2223000000","1819000000","824000000","1314000000","2842000000","2010000000","784000000","1382000000","2039000000","1038000000","1149000000","2354000000","981000000","984000000","1727000000","2791000000","2886000000","1580000000","105000000","60000000","560000000","160000000","1159000000","166000000","206000000","227000000","387000000","827000000","1108000000","1172000000","810000000","1631000000","2711000000","3384000000","2974000000","3968000000","3004000000","3070000000","2530000000","1690000000","3058000000","1296000000","1111000000","",
"Sudan","SDN","Arms imports (SIPRI trend indicator values)","MS.MIL.MPRT.KD","9000000","15000000","19000000","8000000","36000000","5000000","10000000","7000000","16000000","177000000","598000000","87000000","69000000","23000000","3000000","","","26000000","208000000","4000000","3000000","209000000","90000000","25000000","106000000","66000000","9000000","122000000","77000000","16000000","4000000","46000000","6000000","","","3000000","27000000","63000000","","36000000","","106000000","50000000","205000000","294000000","113000000","112000000","43000000","105000000","88000000","184000000","176000000","118000000","151000000","66000000","134000000","109000000","65000000","33000000","18000000","","","3000000","6000000","2000000","",
"Senegal","SEN","Arms imports (SIPRI trend indicator values)","MS.MIL.MPRT.KD","0","8000000","","0","4000000","0","2000000","","1000000","38000000","","12000000","","1000000","17000000","","15000000","41000000","20000000","29000000","","","7000000","38000000","4000000","","14000000","18000000","","","","","","","1000000","6000000","","","","","","","","","","16000000","15000000","12000000","6000000","6000000","4000000","16000000","","","9000000","24000000","40000000","48000000","15000000","40000000","22000000","21000000","28000000","172000000","77000000","",
"Singapore","SGP","Arms imports (SIPRI trend indicator values)","MS.MIL.MPRT.KD","","","","","","1000000","8000000","","6000000","138000000","92000000","171000000","181000000","99000000","292000000","253000000","252000000","171000000","50000000","338000000","410000000","167000000","171000000","240000000","83000000","123000000","84000000","277000000","542000000","233000000","513000000","370000000","111000000","170000000","179000000","302000000","165000000","619000000","804000000","308000000","788000000","248000000","234000000","85000000","380000000","544000000","81000000","402000000","1115000000","1415000000","936000000","876000000","749000000","756000000","68000000","153000000","637000000","404000000","547000000","472000000","160000000","210000000","499000000","483000000","348000000","",
"Solomon Islands","SLB","Arms imports (SIPRI trend indicator values)","MS.MIL.MPRT.KD","","","","","","","","","","","","","","","","","","","","","","","","","","","","","6000000","","","6000000","","","","","","","","","","","","","","","","","","","","","","","","","","","","7000000","","7000000","","","","",
"Sierra Leone","SLE","Arms imports (SIPRI trend indicator values)","MS.MIL.MPRT.KD","","","","","","","","","","","","","","28000000","","","1000000","","2000000","","42000000","","","1000000","3000000","","","18000000","","","","","1000000","","7000000","14000000","","16000000","","13000000","","","","","","","9000000","","","","","2000000","0","1000000","","1000000","2000000","","","","","","","","","",
"El Salvador","SLV","Arms imports (SIPRI trend indicator values)","MS.MIL.MPRT.KD","","","","0","","1000000","1000000","0","12000000","7000000","13000000","1000000","","1000000","29000000","46000000","19000000","10000000","3000000","11000000","12000000","5000000","32000000","21000000","65000000","42000000","5000000","","","","","21000000","4000000","2000000","","4000000","4000000","","2000000","","","","19000000","10000000","","","","","3000000","2000000","2000000","2000000","4000000","1000000","21000000","","","1000000","1000000","2000000","4000000","4000000","7000000","5000000","0","",
"San Marino","SMR","Arms imports (SIPRI trend indicator values)","MS.MIL.MPRT.KD","","","","","","","","","","","","","","","","","","","","","","","","","","","","","","","","","","","","","","","","","","","","","","","","","","","","","","","","","","","","","","","","","","",
"Somalia, Fed. Rep.","SOM","Arms imports (SIPRI trend indicator values)","MS.MIL.MPRT.KD","11000000","2000000","0","11000000","","31000000","53000000","72000000","4000000","1000000","","","24000000","165000000","283000000","128000000","185000000","44000000","57000000","48000000","122000000","97000000","61000000","23000000","15000000","42000000","15000000","","","","16000000","","","","","","","","","1000000","","","","","","","","","","","","","","3000000","","1000000","2000000","2000000","","8000000","2000000","2000000","","4000000","4000000","",
"Serbia","SRB","Arms imports (SIPRI trend indicator values)","MS.MIL.MPRT.KD","","","","","","","","","","","","","","","","","","","","","","","","","","","","","","","","","4000000","2000000","2000000","8000000","1000000","14000000","7000000","1000000","1000000","27000000","","","","","","","1000000","","16000000","","0","","","","23000000","65000000","4000000","84000000","145000000","115000000","164000000","419000000","153000000","",
"Sub-Saharan Africa (excluding high income)","SSA","Arms imports (SIPRI trend indicator values)","MS.MIL.MPRT.KD","101000000","","332000000","618000000","482000000","607000000","863000000","527000000","362000000","560000000","1202000000","975000000","664000000","816000000","925000000","1920000000","1586000000","1329000000","2100000000","1243000000","1612000000","1916000000","1744000000","1206000000","1579000000","1416000000","1566000000","1853000000","1271000000","468000000","416000000","218000000","","","549000000","","338000000","366000000","","","518000000","459000000","","","","","1137000000","1251000000","911000000","626000000","1030000000","1285000000","1015000000","720000000","823000000","583000000","","","","","","","536000000","729000000","","",
"South Sudan","SSD","Arms imports (SIPRI trend indicator values)","MS.MIL.MPRT.KD","","","","","","","","","","","","","","","","","","","","","","","","","","","","","","","","","","","","","","","","","","","","","","","","37000000","44000000","1000000","2000000","65000000","2000000","10000000","36000000","19000000","8000000","","","","","8000000","10000000","","","",
"Sub-Saharan Africa","SSF","Arms imports (SIPRI trend indicator values)","MS.MIL.MPRT.KD","125000000","","353000000","645000000","486000000","621000000","962000000","558000000","396000000","584000000","1291000000","1029000000","717000000","821000000","941000000","1980000000","1721000000","2446000000","3065000000","1375000000","1948000000","2244000000","2263000000","1574000000","1852000000","1684000000","1924000000","2092000000","1427000000","515000000","418000000","298000000","","","549000000","","338000000","435000000","","","632000000","459000000","","","","","1137000000","1251000000","911000000","626000000","1088000000","1369000000","1208000000","884000000","872000000","593000000","784000000","","","","","","581000000","731000000","","",
"Small states","SST","Arms imports (SIPRI trend indicator values)","MS.MIL.MPRT.KD","20000000","","","","18000000","38000000","1000000","","","","","","","","","","","","","","","","","","","","","","","","","","","","","","","","","","","","","","","","","","","","","363000000","65000000","","","","","106000000","","","","162000000","","","","",
"Sao Tome and Principe","STP","Arms imports (SIPRI trend indicator values)","MS.MIL.MPRT.KD","","","","","","","","","","","","","","","","","","","","","","","","","","","","","","","","","","","","","","","","","","","","","","","","","","","","","","","","","","","","","","","","","","",
"Suriname","SUR","Arms imports (SIPRI trend indicator values)","MS.MIL.MPRT.KD","","","","","","","","","","","","","","","","0","5000000","10000000","","","","0","2000000","","8000000","","5000000","2000000","","","","","","","","","","","","23000000","2000000","","","","","","","","","","","","0","7000000","","3000000","","","","","","","","","12000000","",
"Slovak Republic","SVK","Arms imports (SIPRI trend indicator values)","MS.MIL.MPRT.KD","","","","","","","","","","","","","","","","","","","","","","","","","","","","","","","","","","146000000","29000000","208000000","29000000","","","","0","","29000000","","1000000","4000000","","0","0","10000000","9000000","","2000000","5000000","","","","47000000","34000000","15000000","25000000","1000000","3000000","30000000","298000000","",
"Slovenia","SVN","Arms imports (SIPRI trend indicator values)","MS.MIL.MPRT.KD","","","","","","","","","","","","","","","","","","","","","","","","","","","","","","","","2000000","10000000","22000000","11000000","20000000","31000000","9000000","5000000","21000000","2000000","41000000","2000000","17000000","17000000","3000000","3000000","2000000","","10000000","40000000","27000000","","","1000000","","","","","","","7000000","","26000000","19000000","",
"Sweden","SWE","Arms imports (SIPRI trend indicator values)","MS.MIL.MPRT.KD","227000000","165000000","130000000","320000000","403000000","323000000","299000000","339000000","222000000","157000000","122000000","122000000","171000000","231000000","256000000","292000000","214000000","114000000","229000000","245000000","243000000","435000000","153000000","174000000","106000000","84000000","119000000","125000000","152000000","127000000","94000000","55000000","60000000","46000000","307000000","106000000","98000000","196000000","294000000","224000000","206000000","165000000","74000000","66000000","47000000","78000000","121000000","51000000","52000000","15000000","","185000000","202000000","54000000","43000000","24000000","70000000","32000000","7000000","7000000","3000000","122000000","318000000","98000000","66000000","",
"Eswatini","SWZ","Arms imports (SIPRI trend indicator values)","MS.MIL.MPRT.KD","","","","","","","","","","","","","","","","","","","","6000000","","","","","","","","","","","","","","","","","","","","","1000000","1000000","","","","","","","","","","","","","","","","","","","2000000","","","","","",
"Sint Maarten (Dutch part)","SXM","Arms imports (SIPRI trend indicator values)","MS.MIL.MPRT.KD","","","","","","","","","","","","","","","","","","","","","","","","","","","","","","","","","","","","","","","","","","","","","","","","","","","","","","","","","","","","","","","","","","",
"Seychelles","SYC","Arms imports (SIPRI trend indicator values)","MS.MIL.MPRT.KD","","","","","","","","","","","","","","","","","","1000000","","19000000","6000000","","3000000","15000000","","","10000000","","1000000","","0","","","","","","","","","","","","","","","15000000","","","","","","8000000","","10000000","16000000","","8000000","","10000000","","","19000000","","","","",
"Syrian Arab Republic","SYR","Arms imports (SIPRI trend indicator values)","MS.MIL.MPRT.KD","38000000","27000000","35000000","89000000","65000000","100000000","525000000","905000000","829000000","875000000","870000000","735000000","1517000000","3282000000","3410000000","1411000000","527000000","931000000","871000000","2045000000","1867000000","1349000000","1989000000","2241000000","1817000000","1581000000","1267000000","1409000000","1312000000","663000000","739000000","315000000","277000000","166000000","14000000","25000000","25000000","25000000","45000000","48000000","49000000","23000000","40000000","64000000","20000000","30000000","95000000","15000000","326000000","253000000","420000000","485000000","529000000","496000000","7000000","16000000","18000000","52000000","199000000","104000000","80000000","7000000","","","","",
"Turks and Caicos Islands","TCA","Arms imports (SIPRI trend indicator values)","MS.MIL.MPRT.KD","","","","","","","","","","","","","","","","","","","","","","","","","","","","","","","","","","","","","","","","","","","","","","","","","","","","","","","","","","","","","","","","","","",
"Chad","TCD","Arms imports (SIPRI trend indicator values)","MS.MIL.MPRT.KD","1000000","1000000","","","","0","","","","","","4000000","","3000000","13000000","10000000","8000000","3000000","","","10000000","","","37000000","9000000","1000000","29000000","28000000","9000000","56000000","","","","","3000000","1000000","","","7000000","7000000","","16000000","","","","","18000000","30000000","83000000","36000000","42000000","1000000","4000000","59000000","58000000","1000000","2000000","6000000","7000000","1000000","4000000","43000000","5000000","32000000","4000000","",
"East Asia & Pacific (IDA & IBRD countries)","TEA","Arms imports (SIPRI trend indicator values)","MS.MIL.MPRT.KD","3011000000","2014000000","1766000000","1087000000","1725000000","1630000000","1753000000","1670000000","1596000000","1221000000","1575000000","","","","1285000000","1133000000","1071000000","810000000","994000000","2393000000","2622000000","2438000000","1224000000","2040000000","1869000000","1269000000","1012000000","1074000000","1178000000","1064000000","1221000000","1365000000","1770000000","2036000000","1960000000","2887000000","3056000000","2993000000","1010000000","3101000000","2772000000","3178000000","3418000000","3121000000","4043000000","4081000000","3454000000","3008000000","2820000000","3325000000","1777000000","3324000000","3428000000","3287000000","3760000000","3299000000","3606000000","4424000000","4051000000","2553000000","1888000000","2077000000","1701000000","1500000000","872000000","",
"Europe & Central Asia (IDA & IBRD countries)","TEC","Arms imports (SIPRI trend indicator values)","MS.MIL.MPRT.KD","2136000000","1793000000","1656000000","2362000000","3142000000","2773000000","2198000000","2272000000","2404000000","2814000000","2783000000","3081000000","3040000000","2753000000","3459000000","2684000000","1813000000","2068000000","3277000000","3013000000","2677000000","2996000000","2267000000","2058000000","2203000000","2541000000","3248000000","3128000000","2983000000","2153000000","2823000000","1751000000","2289000000","2441000000","","","","","","","","","","","","","","2399000000","","1472000000","1139000000","1983000000","2559000000","1830000000","2918000000","1907000000","1986000000","1654000000","1672000000","2076000000","1023000000","1422000000","4475000000","7774000000","8832000000","",
"Togo","TGO","Arms imports (SIPRI trend indicator values)","MS.MIL.MPRT.KD","1000000","","","","0","0","","","1000000","1000000","2000000","1000000","","4000000","","15000000","47000000","1000000","9000000","9000000","28000000","19000000","4000000","2000000","","","16000000","0","0","","","9000000","8000000","","3000000","3000000","","10000000","","","","","","","","","","","","","1000000","","","","15000000","","","","","6000000","5000000","10000000","59000000","2000000","","",
"Thailand","THA","Arms imports (SIPRI trend indicator values)","MS.MIL.MPRT.KD","28000000","52000000","108000000","106000000","93000000","87000000","58000000","140000000","88000000","124000000","250000000","243000000","147000000","319000000","114000000","90000000","154000000","111000000","199000000","314000000","330000000","350000000","82000000","254000000","350000000","185000000","162000000","539000000","623000000","289000000","235000000","575000000","429000000","182000000","608000000","530000000","741000000","910000000","62000000","160000000","80000000","116000000","152000000","131000000","138000000","115000000","99000000","8000000","16000000","63000000","60000000","251000000","276000000","377000000","105000000","183000000","342000000","321000000","636000000","294000000","141000000","151000000","251000000","291000000","73000000","",
"Tajikistan","TJK","Arms imports (SIPRI trend indicator values)","MS.MIL.MPRT.KD","","","","","","","","","","","","","","","","","","","","","","","","","","","","","","","","","","","29000000","","","","","","","","","","","","13000000","7000000","","34000000","","","","4000000","","","7000000","19000000","4000000","5000000","","","3000000","","","",
"Turkmenistan","TKM","Arms imports (SIPRI trend indicator values)","MS.MIL.MPRT.KD","","","","","","","","","","","","","","","","","","","","","","","","","","","","","","","","","","","","","","","","","","","","18000000","21000000","","","","7000000","36000000","28000000","237000000","112000000","69000000","72000000","169000000","433000000","108000000","","","","382000000","","","","",
"Latin America & the Caribbean (IDA & IBRD countries)","TLA","Arms imports (SIPRI trend indicator values)","MS.MIL.MPRT.KD","1066000000","706000000","424000000","458000000","180000000","354000000","447000000","","1046000000","637000000","717000000","1286000000","1637000000","2403000000","1986000000","2424000000","2518000000","2674000000","2683000000","1946000000","2531000000","3375000000","2673000000","3013000000","3264000000","1656000000","1245000000","1645000000","1010000000","1461000000","923000000","1037000000","611000000","527000000","992000000","849000000","1076000000","2085000000","772000000","1228000000","992000000","1231000000","678000000","534000000","746000000","1185000000","2063000000","","1663000000","1358000000","1558000000","1750000000","1678000000","1573000000","1100000000","1369000000","1005000000","575000000","549000000","","970000000","594000000","","385000000","644000000","",
"Timor-Leste","TLS","Arms imports (SIPRI trend indicator values)","MS.MIL.MPRT.KD","","","","","","","","","","","","","","","","","","","","","","","","","","","","","","","","","","","","","","","","","","","","","","","","","","","18000000","14000000","","","","","","","","","","","","","","",
"Middle East, North Africa, Afghanistan & Pakistan (IDA & IBRD)","TMN","Arms imports (SIPRI trend indicator values)","MS.MIL.MPRT.KD","676000000","1030000000","1515000000","1561000000","1761000000","2349000000","4393000000","5034000000","4251000000","5019000000","5092000000","6050000000","8430000000","10892000000","11158000000","10920000000","9542000000","13505000000","13941000000","11807000000","11940000000","12276000000","14863000000","12115000000","12064000000","9856000000","8315000000","9303000000","6244000000","6538000000","5876000000","5200000000","2137000000","3540000000","3730000000","3011000000","2450000000","2323000000","1974000000","2320000000","2308000000","2567000000","2963000000","2179000000","","2376000000","2338000000","2837000000","4086000000","3792000000","5892000000","6315000000","4924000000","3672000000","3819000000","5112000000","8472000000","6840000000","5657000000","2912000000","3172000000","2728000000","3389000000","4556000000","1386000000","",
"Tonga","TON","Arms imports (SIPRI trend indicator values)","MS.MIL.MPRT.KD","","","","","","","","","","","","","","","","","","","","","","","","","","","0","","","6000000","6000000","6000000","","","","","0","","","","","","","","","","","","","","","","","","","5000000","","","","7000000","7000000","","","","","",
"South Asia (IDA & IBRD)","TSA","Arms imports (SIPRI trend indicator values)","MS.MIL.MPRT.KD","548000000","1147000000","396000000","681000000","955000000","1088000000","1007000000","1277000000","1666000000","1517000000","886000000","1933000000","1883000000","1432000000","1372000000","1188000000","2017000000","2453000000","1246000000","1200000000","1841000000","2196000000","2403000000","2746000000","2845000000","3160000000","4280000000","4032000000","4115000000","3985000000","3050000000","2120000000","1329000000","821000000","1010000000","1584000000","1045000000","1754000000","889000000","1473000000","1476000000","1629000000","2091000000","2850000000","2358000000","1268000000","1811000000","2447000000","1716000000","1958000000","2937000000","3759000000","4677000000","5947000000","3418000000","3380000000","3019000000","3039000000","2279000000","3961000000","2719000000","4058000000","2955000000","1565000000","1259000000","",
"Sub-Saharan Africa (IDA & IBRD countries)","TSS","Arms imports (SIPRI trend indicator values)","MS.MIL.MPRT.KD","125000000","","353000000","645000000","486000000","621000000","962000000","558000000","396000000","584000000","1291000000","1029000000","717000000","821000000","941000000","1980000000","1721000000","2446000000","3065000000","1375000000","1948000000","2244000000","2263000000","1574000000","1852000000","1684000000","1924000000","2092000000","1427000000","515000000","418000000","298000000","","","549000000","","338000000","435000000","","","632000000","459000000","","","","","1137000000","1251000000","911000000","626000000","1088000000","1369000000","1208000000","884000000","872000000","593000000","784000000","","","","","","581000000","731000000","","",
"Trinidad and Tobago","TTO","Arms imports (SIPRI trend indicator values)","MS.MIL.MPRT.KD","","","","","","11000000","0","","","","","","11000000","2000000","","","","","","","22000000","6000000","","","","","","0","","","","","","","","","","","","","11000000","0","2000000","","","","","6000000","","","24000000","12000000","12000000","","","46000000","30000000","","","","","32000000","","","","",
"Tunisia","TUN","Arms imports (SIPRI trend indicator values)","MS.MIL.MPRT.KD","44000000","6000000","","7000000","4000000","40000000","","5000000","17000000","23000000","49000000","0","4000000","26000000","14000000","14000000","10000000","73000000","14000000","122000000","103000000","56000000","60000000","103000000","116000000","314000000","","56000000","17000000","48000000","4000000","20000000","32000000","","35000000","56000000","68000000","41000000","18000000","12000000","","","44000000","1000000","","168000000","2000000","","3000000","","7000000","7000000","","40000000","49000000","7000000","39000000","98000000","181000000","15000000","16000000","19000000","33000000","33000000","78000000","",
"Turkiye","TUR","Arms imports (SIPRI trend indicator values)","MS.MIL.MPRT.KD","593000000","312000000","266000000","586000000","839000000","603000000","525000000","593000000","426000000","645000000","397000000","941000000","1094000000","790000000","1281000000","640000000","358000000","293000000","984000000","917000000","487000000","731000000","483000000","477000000","549000000","678000000","472000000","1429000000","1628000000","1017000000","1241000000","1270000000","1879000000","2329000000","1891000000","1567000000","1491000000","1512000000","2627000000","1734000000","1182000000","505000000","882000000","331000000","257000000","1080000000","529000000","701000000","649000000","731000000","467000000","754000000","1481000000","769000000","1525000000","443000000","326000000","427000000","486000000","767000000","107000000","282000000","186000000","679000000","381000000","",
"Tuvalu","TUV","Arms imports (SIPRI trend indicator values)","MS.MIL.MPRT.KD","","","","","","","","","","","","","","","","","","","","","","","","","","","","","","","","","","","6000000","","","","","","","","","","","","","","","","","","","","","","","","","7000000","","","","","","",
"Tanzania","TZA","Arms imports (SIPRI trend indicator values)","MS.MIL.MPRT.KD","","","","","4000000","4000000","22000000","1000000","","","11000000","60000000","51000000","121000000","185000000","48000000","","47000000","67000000","260000000","53000000","121000000","9000000","","","","1000000","","","5000000","","","18000000","","5000000","","4000000","","","","2000000","","1000000","51000000","","10000000","12000000","1000000","","29000000","","78000000","115000000","118000000","14000000","20000000","20000000","2000000","17000000","","8000000","52000000","","","","",
"Uganda","UGA","Arms imports (SIPRI trend indicator values)","MS.MIL.MPRT.KD","","","","","3000000","1000000","16000000","4000000","27000000","16000000","3000000","3000000","20000000","17000000","46000000","123000000","34000000","7000000","","","","","14000000","","","10000000","","32000000","1000000","20000000","","","","","","32000000","","","55000000","39000000","6000000","","33000000","","36000000","10000000","5000000","0","14000000","28000000","37000000","468000000","213000000","20000000","2000000","7000000","1000000","22000000","10000000","23000000","76000000","8000000","65000000","16000000","","",
"Ukraine","UKR","Arms imports (SIPRI trend indicator values)","MS.MIL.MPRT.KD","","","","","","","","","","","","","","","","","","","","","","","","","","","","","","","","","","","","","","","","","","","","","","","","","","","","","","","1000000","22000000","5000000","4000000","67000000","31000000","18000000","44000000","2930000000","4291000000","5230000000","",
"Upper middle income","UMC","Arms imports (SIPRI trend indicator values)","MS.MIL.MPRT.KD","4613000000","","4268000000","3050000000","3585000000","3137000000","3306000000","3293000000","3798000000","4138000000","4061000000","5752000000","6330000000","8785000000","9823000000","11491000000","11450000000","15077000000","15881000000","11147000000","11224000000","12816000000","11511000000","10841000000","11153000000","8742000000","7280000000","8541000000","6267000000","5324000000","4667000000","5104000000","4695000000","5644000000","5623000000","5267000000","5933000000","6212000000","4415000000","6381000000","5570000000","5957000000","5422000000","4165000000","5159000000","6332000000","6576000000","6682000000","6312000000","6630000000","4769000000","6160000000","6695000000","5366000000","7033000000","6968000000","9613000000","7056000000","6715000000","4322000000","3095000000","3170000000","5947000000","7634000000","7729000000","",
"Uruguay","URY","Arms imports (SIPRI trend indicator values)","MS.MIL.MPRT.KD","17000000","0","100000000","0","2000000","8000000","6000000","","10000000","12000000","10000000","16000000","24000000","6000000","5000000","13000000","53000000","2000000","8000000","9000000","21000000","100000000","15000000","17000000","","12000000","","","16000000","41000000","39000000","63000000","25000000","18000000","11000000","12000000","4000000","19000000","27000000","9000000","4000000","","13000000","","","20000000","8000000","3000000","78000000","29000000","20000000","","","3000000","9000000","13000000","","","10000000","","25000000","3000000","7000000","","10000000","",
"United States","USA","Arms imports (SIPRI trend indicator values)","MS.MIL.MPRT.KD","181000000","198000000","236000000","283000000","358000000","170000000","89000000","88000000","62000000","50000000","38000000","578000000","769000000","656000000","586000000","388000000","499000000","384000000","369000000","253000000","380000000","531000000","248000000","463000000","381000000","654000000","420000000","1993000000","1788000000","1783000000","363000000","515000000","540000000","968000000","951000000","809000000","601000000","610000000","261000000","220000000","333000000","508000000","515000000","630000000","596000000","582000000","706000000","842000000","936000000","939000000","961000000","937000000","1142000000","767000000","560000000","474000000","439000000","496000000","363000000","890000000","798000000","907000000","733000000","792000000","1209000000","",
"Uzbekistan","UZB","Arms imports (SIPRI trend indicator values)","MS.MIL.MPRT.KD","","","","","","","","","","","","","","","","","","","","","","","","","","","","","","","","","","","","","","","","","","8000000","9000000","","","","","","","","30000000","","","","18000000","100000000","55000000","5000000","114000000","77000000","46000000","60000000","22000000","17000000","","",
"St. Vincent and the Grenadines","VCT","Arms imports (SIPRI trend indicator values)","MS.MIL.MPRT.KD","","","","","","","","","","","","","","","","","","","","","","","","","","","","4000000","","","","","","","","","","","","","","","","","","","","","","","","","","","","","","","","","","","","","","",
"Venezuela, RB","VEN","Arms imports (SIPRI trend indicator values)","MS.MIL.MPRT.KD","64000000","32000000","32000000","34000000","6000000","","69000000","204000000","20000000","8000000","15000000","130000000","165000000","395000000","252000000","230000000","170000000","216000000","59000000","14000000","361000000","908000000","698000000","242000000","234000000","517000000","92000000","73000000","105000000","120000000","189000000","318000000","72000000","37000000","1000000","5000000","37000000","39000000","8000000","85000000","108000000","106000000","44000000","15000000","9000000","21000000","380000000","767000000","738000000","366000000","211000000","600000000","693000000","995000000","180000000","124000000","95000000","","14000000","","79000000","","","98000000","","",
"British Virgin Islands","VGB","Arms imports (SIPRI trend indicator values)","MS.MIL.MPRT.KD","","","","","","","","","","","","","","","","","","","","","","","","","","","","","","","","","","","","","","","","","","","","","","","","","","","","","","","","","","","","","","","","","","",
"Virgin Islands (U.S.)","VIR","Arms imports (SIPRI trend indicator values)","MS.MIL.MPRT.KD","","","","","","","","","","","","","","","","","","","","","","","","","","","","","","","","","","","","","","","","","","","","","","","","","","","","","","","","","","","","","","","","","","",
"Viet Nam","VNM","Arms imports (SIPRI trend indicator values)","MS.MIL.MPRT.KD","103000000","95000000","47000000","107000000","266000000","651000000","1138000000","1103000000","1179000000","909000000","1214000000","1197000000","1317000000","1283000000","859000000","493000000","42000000","42000000","227000000","1249000000","1017000000","1073000000","532000000","916000000","557000000","28000000","78000000","50000000","65000000","128000000","116000000","","","","","273000000","214000000","111000000","209000000","168000000","11000000","97000000","58000000","22000000","299000000","221000000","42000000","8000000","186000000","61000000","161000000","1016000000","782000000","360000000","1225000000","869000000","924000000","783000000","604000000","161000000","33000000","245000000","96000000","55000000","58000000","",
"Vanuatu","VUT","Arms imports (SIPRI trend indicator values)","MS.MIL.MPRT.KD","","","","","","","","","","","","","","","","","","","","","","","","","","","","6000000","","","","","","","","","","","","","","","","","","","","","","","","","","","","","","","","","","7000000","","","","",
"World","WLD","Arms imports (SIPRI trend indicator values)","MS.MIL.MPRT.KD","15760000000","15126000000","15580000000","18018000000","24100000000","22572000000","22137000000","21956000000","22734000000","25195000000","22009000000","28993000000","28430000000","32297000000","32880000000","33772000000","32633000000","37098000000","39338000000","33218000000","37159000000","41716000000","40883000000","39127000000","37097000000","33220000000","35567000000","36197000000","32957000000","31865000000","28619000000","27737000000","24227000000","25795000000","22859000000","22962000000","23783000000","28925000000","27878000000","24943000000","19311000000","18427000000","17783000000","19104000000","21346000000","21282000000","24365000000","26511000000","24075000000","23960000000","25729000000","29802000000","27812000000","27187000000","26902000000","28019000000","30720000000","31085000000","26981000000","26606000000","23511000000","26016000000","33610000000","29664000000","28815000000","",
"Samoa","WSM","Arms imports (SIPRI trend indicator values)","MS.MIL.MPRT.KD","","","","","","","","","","","","","","","","","","","","","","","","","","","","","6000000","","","","","","","","","","","","","","","","","","","","","","","","","","","","","","","7000000","","","","","","",
"Kosovo","XKX","Arms imports (SIPRI trend indicator values)","MS.MIL.MPRT.KD","","","","","","","","","","","","","","","","","","","","","","","","","","","","","","","","","","","","","","","","","","","","","","","","","","","","","","","1000000","","","","1000000","","3000000","9000000","1000000","14000000","","",
"Yemen, Rep.","YEM","Arms imports (SIPRI trend indicator values)","MS.MIL.MPRT.KD","","","","","","","","","","","","","","","","","","","","","","","","","","","","","","","78000000","113000000","","","4000000","167000000","","","1000000","52000000","158000000","70000000","585000000","58000000","248000000","311000000","38000000","66000000","41000000","5000000","261000000","47000000","38000000","23000000","6000000","33000000","7000000","6000000","9000000","","","","1000000","","","",
"South Africa","ZAF","Arms imports (SIPRI trend indicator values)","MS.MIL.MPRT.KD","13000000","","232000000","518000000","301000000","386000000","496000000","299000000","216000000","211000000","510000000","309000000","291000000","369000000","177000000","235000000","419000000","500000000","389000000","125000000","192000000","122000000","44000000","214000000","122000000","25000000","191000000","20000000","17000000","11000000","11000000","26000000","361000000","244000000","239000000","38000000","38000000","11000000","","21000000","6000000","18000000","","","","262000000","741000000","914000000","493000000","134000000","178000000","208000000","127000000","1000000","50000000","2000000","","","","","","","30000000","30000000","","",
"Zambia","ZMB","Arms imports (SIPRI trend indicator values)","MS.MIL.MPRT.KD","","","","","7000000","16000000","17000000","","","7000000","4000000","165000000","29000000","19000000","9000000","48000000","109000000","41000000","42000000","4000000","136000000","253000000","43000000","","18000000","","","","","","","","","","","","8000000","","","","43000000","","2000000","","","0","30000000","5000000","2000000","","","1000000","61000000","","","15000000","44000000","46000000","","43000000","3000000","20000000","2000000","5000000","1000000","",
"Zimbabwe","ZWE","Arms imports (SIPRI trend indicator values)","MS.MIL.MPRT.KD","15000000","","16000000","20000000","","","","21000000","","","","5000000","21000000","0","2000000","42000000","19000000","4000000","13000000","","","15000000","81000000","34000000","33000000","28000000","212000000","29000000","2000000","","2000000","47000000","63000000","0","","","","","1000000","25000000","8000000","10000000","","16000000","14000000","25000000","25000000","","","","","","","","","","","","","","","","","20000000","","",
